,SAAP,BP,AAS,AAS index,Positional probability,charge,TMT set,Dataset,saap_b_left_frag,saap_b_left_frag_mass,saap_b_right_frag,saap_b_right_frag_mass,saap_y_left_frag,saap_y_left_frag_mass,saap_y_right_frag,saap_y_right_frag_mass,bp_b_left_frag,bp_b_left_frag_mass,bp_b_right_frag,bp_b_right_frag_mass,bp_y_left_frag,bp_y_left_frag_mass,bp_y_right_frag,bp_y_right_frag_mass
0,VQAHAGEYGAEALER,VGAHAGEYGAEALER,G to Q,1,0.484,3,S1,fcb1,b1,b2,y15,y14,b1,b2,y15,y14,,457.297196,,,,386.26007599999997,,
1,EAASDQEALAR,EAASYQEALAR,Y to D,0,0.987,2,S1,fcb1,b0,b1,y12,y11,b0,b1,y12,y11,,359.21279599999997,,,,359.21279599999997,,
2,YDDMSAAMK,YDDMAAAMK,A to S,0,0.984,2,S1,fcb1,b0,b1,y10,y9,b0,b1,y10,y9,,393.233536,,,,393.233536,,
3,NLHQSNFSLSGAQIDDNLPR,NLHQSNFSLSGAQIDDNNPR,N to I/L,0,0.333,3,S1,fcb1,b0,b1,y21,y20,b0,b1,y21,y20,,344.21313599999996,,,,344.21313599999996,,
4,LRDEQLNSPYSCQAEGPCLTR,LRDEQLNAPYSCQAEGPCLTR,A to S,0,1.0,3,S1,fcb1,b0,b1,y22,y21,b0,b1,y22,y21,,343.254266,,,,343.254266,,
5,LYPWGQVEVENPEHNDFLK,LYPWGVVEVENPEHNDFLK,V to Q,3,0.248,3,S1,fcb1,b3,b4,y17,y16,b3,b4,y17,y16,,,,,,,,
6,LYTWGVVEVENPEHNDFLK,LYPWGVVEVENPEHNDFLK,P to T,0,0.331,3,S1,fcb1,b0,b1,y20,y19,b0,b1,y20,y19,,343.254266,,,,343.254266,,
7,FNQLFAQGNYSEAAK,FNALFAQGNYSEAAK,A to Q,2,0.333,2,S1,fcb1,b2,b3,y14,y13,b2,b3,y14,y13,,390.177196,,,491.281546,562.318656,1712.8804910000001,1598.837561
8,NSESCDCLQGFQLTHSLGGGTGSGMGTLLISK,ESESCDCLQGFQLTHSLGGGTGSGMGTLLISK,E to N,0,0.164,3,S1,fcb1,b0,b1,y33,y32,b0,b1,y33,y32,,,,,,,,
9,AATYWITAPQNLVLSPGEDGTLICR,AAPYWITAPQNLVLSPGEDGTLICR,P to T,0,0.021,3,S1,fcb1,b0,b1,y26,y25,b0,b1,y26,y25,,301.207316,,,,301.207316,,
10,MYGVLTWNAFPGK,MYGVLPWNAFPGK,P to T,0,0.011,3,S1,fcb1,b0,b1,y14,y13,b0,b1,y14,y13,,361.210696,,,,361.210696,,
11,PGAHLQGGAK,AGAHLQGGAK,A to P,0,0.012,2,S1,fcb1,b0,b1,y11,y10,b0,b1,y11,y10,,,,,,301.207316,,
12,EDPNLVPSISSK,EDPNLVPSISNK,N to S,0,0.999,2,S1,fcb1,b0,b1,y13,y12,b0,b1,y13,y12,,359.21279599999997,,,,359.21279599999997,,
13,KAEGVALTNATGVVESTSQAGDR,KAEGVALTNATGAVESTSQAGDR,A to V,0,0.999,3,S1,fcb1,b0,b1,y24,y23,b0,b1,y24,y23,,587.428096,,,,587.428096,,
14,TGQATVASGITAGWMGLDCGPESSK,TGQATVASGIPAGWMGLDCGPESSK,P to T,0,0.25,3,S1,fcb1,b0,b1,y26,y25,b0,b1,y26,y25,,,,,,,,
15,MYGVLTWNAFPGK,MYGVLPWNAFPGK,P to T,0,0.25,2,S1,fcb1,b0,b1,y14,y13,b0,b1,y14,y13,,361.210696,,,,361.210696,,
16,MYGVLTWNAFPGK,MYGVLPWNAFPGK,P to T,0,0.238,2,S1,fcb1,b0,b1,y14,y13,b0,b1,y14,y13,,361.210696,,,,361.210696,,
17,MYGVLPWNQFPGK,MYGVLPWNAFPGK,A to Q,1,0.226,2,S1,fcb1,b1,b2,y13,y12,b1,b2,y13,y12,361.210696,524.274026,,1634.889201,361.210696,524.274026,,1577.867731
18,AGCGGGLLGVR,AQCGGGLLGVR,Q to G,1,0.196,2,S1,fcb1,b1,b2,y11,y10,b1,b2,y11,y10,,358.228776,,,301.207316,429.26589599999994,,1016.5305510000002
19,LPVNMVPFPR,LAVNMVPFPR,A to P,1,0.5,2,S1,fcb1,b1,b2,y10,y9,b1,b2,y10,y9,,211.144096,,1056.5658810000002,343.254266,414.29137599999996,,1030.5502310000002
20,ESINQETVQQR,EAINQETVQQR,A to S,0,0.997,2,S1,fcb1,b0,b1,y12,y11,b0,b1,y12,y11,,359.21279599999997,,,,359.21279599999997,,
21,EITALAPSTTK,EITALAPSTMK,M to T,3,0.25,2,S1,fcb1,b3,b4,y9,y8,b3,b4,y9,y8,573.3445360000001,644.381646,1118.661841,,,644.381646,1148.654651,1047.6069710000002
22,EIADLGEALATAVITQWQK,EIADLGEALATAVIPQWQK,P to T,0,0.331,3,S1,fcb1,b0,b1,y20,y19,b0,b1,y20,y19,,359.21279599999997,,,,,,
23,CICNQLSLTTK,CICSQLSLTTK,S to N,0,0.999,2,S1,fcb1,b0,b1,y12,y11,b0,b1,y12,y11,,390.20084999999995,,,,390.20084999999995,,
24,APQAQPTPGPGPAGVK,APQAQPAPGPGPAGVK,A to T,1,0.5,2,S1,fcb1,b1,b2,y16,y15,b1,b2,y16,y15,301.207316,398.26007599999997,,1630.9113810000001,301.207316,,,
25,SPVTALWGK,SAVTALWGK,A to P,1,0.333,2,S1,fcb1,b1,b2,y9,y8,b1,b2,y9,y8,,185.092066,,,317.20223599999997,388.239346,,1074.650871
26,AGIWDTAGQER,AQIWDTAGQER,Q to G,1,0.017,2,S1,fcb1,b1,b2,y11,y10,b1,b2,y11,y10,301.207316,358.228776,,,301.207316,429.26589599999994,,1203.5752610000002
27,VLDALQVIK,VLDALQAIK,A to V,0,0.997,2,S1,fcb1,b0,b1,y10,y9,b0,b1,y10,y9,,329.238616,,,,329.238616,,
28,ADQELMTYQHDNIICGITSVSFSK,ADQELMTYSHDNIICGITSVSFSK,S to Q,4,0.166,3,S1,fcb1,b4,b5,y21,y20,b4,b5,y21,y20,673.335426,786.419486,,,673.335426,,,
29,LAAENGWGVMVSHR,LAQENGWGVMVSHR,Q to A,2,0.012,3,S1,fcb1,b2,b3,y13,y12,b2,b3,y13,y12,,,,,,,,
30,AGLADSFHLQQFFR,AQLADSFHLQQFFR,Q to G,1,0.494,3,S1,fcb1,b1,b2,y14,y13,b1,b2,y14,y13,,358.228776,,,301.207316,429.26589599999994,,
31,QYTWGVAEVENGEHCDFTILR,QYPWGVAEVENGEHCDFTILR,P to T,0,0.483,3,S1,fcb1,b0,b1,y22,y21,b0,b1,y22,y21,,358.22878599999996,,,,358.22878599999996,,
32,SGPFGQIFRPDNFVFGQSGAGNNSAK,SGPFGQIFRPDNFVFGQSGAGNNWAK,W to S,1,0.907,3,S1,fcb1,b1,b2,y26,y25,b1,b2,y26,y25,317.20223599999997,374.22369599999996,,,317.20223599999997,374.22369599999996,,
33,SGPFGQIFRPDNFVFGQSGAGNNDAK,SGPFGQIFRPDNFVFGQSGAGNNWAK,W to D,0,0.487,3,S1,fcb1,b0,b1,y27,y26,b0,b1,y27,y26,,317.20223599999997,,,,317.20223599999997,,
34,TVIPGGIDVHTR,MVIPGGIDVHTR,M to T,0,0.497,3,S1,fcb1,b0,b1,y13,y12,b0,b1,y13,y12,,331.21788599999996,,,,,,
35,PMEAVAAQGK,AMEAVAAQGK,A to P,0,0.5,2,S1,fcb1,b0,b1,y11,y10,b0,b1,y11,y10,,,,,,301.207316,,
36,LAAENGWGVMVSHR,LAQENGWGVMVSHR,Q to A,2,0.167,3,S1,fcb1,b2,b3,y13,y12,b2,b3,y13,y12,,,,,,,,
37,ALDLIVDRPVTLVR,AFDLIVDRPVTLVR,F to I/L,1,0.946,3,S1,fcb1,b1,b2,y14,y13,b1,b2,y14,y13,301.207316,414.29137599999996,,,301.207316,448.275726,,
38,MSATFIGSNTAIQELFK,MSATFIGNNTAIQELFK,N to S,3,0.164,3,S1,fcb1,b3,b4,y15,y14,b3,b4,y15,y14,,620.3275160000001,,,,620.3275160000001,,
39,TMQGSEVVSVLK,TMQGSEVVNVLK,N to S,0,0.988,2,S1,fcb1,b0,b1,y13,y12,b0,b1,y13,y12,,331.21788599999996,,,,331.21788599999996,,
40,WQASSLTADDLCTENAIMLK,WQASSLPADDLCTENAIMLK,P to T,4,0.01,3,S1,fcb1,b4,b5,y17,y16,b4,b5,y17,y16,,789.409266,,,702.377236,789.409266,,
41,SLSTYSAAALQSDLEDSLCK,SLSTYSAAALQSDLEDSLYK,Y to C,4,0.035,3,S1,fcb1,b4,b5,y17,y16,b4,b5,y17,y16,618.3660060000001,781.429336,,,618.3660060000001,781.429336,,
42,SIQFVDSCPTGFK,SIQFVDWCPTGFK,W to S,0,0.499,2,S1,fcb1,b0,b1,y14,y13,b0,b1,y14,y13,,317.20223599999997,,,,317.20223599999997,,
43,LLLAGYDDFNCNTWDTLK,LLLAGYDDFNCNVWDTLK,V to T,0,0.013,2,S1,fcb1,b0,b1,y19,y18,b0,b1,y19,y18,,,,,,,,
44,FTVGDHSR,FTIGDHSR,I to V,0,1.0,3,S1,fcb1,b0,b1,y9,y8,b0,b1,y9,y8,,377.238616,,,,,,
45,AGIHDLVLVGGSTR,AQIHDLVLVGGSTR,Q to G,1,0.248,3,S1,fcb1,b1,b2,y14,y13,b1,b2,y14,y13,,358.228776,,,,,,
46,AGIHDLVLVGGSTR,AQIHDLVLVGGSTR,Q to G,1,0.304,3,S1,fcb1,b1,b2,y14,y13,b1,b2,y14,y13,,358.228776,,,,,,
47,EIVHLQAGQCGGQIGAK,EIVHLQAGQCGNQIGAK,N to G,3,0.02,3,S1,fcb1,b3,b4,y15,y14,,,,,571.365266,708.424176,,,,,,
48,AQEALLQLSQALSLMETVK,AQEALLQLSQVLSLMETVK,V to A,3,0.607,3,S1,fcb1,b3,b4,y17,y16,b3,b4,y17,y16,558.308486,,,,,,,
49,NTGQGCVCSNQFLVQR,NTGQTCVCSNQFLVQR,T to G,0,0.995,2,S1,fcb1,b0,b1,y17,y16,b0,b1,y17,y16,,344.21313599999996,,,,344.21313599999996,,
50,VLGPFSDGLAHLDNLK,VLGAFSDGLAHLDNLK,A to P,3,0.143,3,S1,fcb1,b3,b4,y14,y13,b3,b4,y14,y13,,,,,499.344136,570.381246,,1629.879751
51,VLGPFSDGLAHLDNLK,VLGAFSDGLAHLDNLK,A to P,3,0.143,3,S1,fcb1,b3,b4,y14,y13,b3,b4,y14,y13,,,,,499.344136,570.381246,,1629.879751
52,VGINYQPPDVVPGGDLAK,VGINYQPPTVVPGGDLAK,T to D,7,0.273,3,S1,fcb1,b7,b8,y12,y11,b7,b8,y12,y11,,1098.6144960000001,,,1001.561736,,1379.809541,1282.756781
53,WVGGTEIELIAIATGGR,WVGGPEIELIAIATGGR,P to T,1,0.248,3,S1,fcb1,b1,b2,y17,y16,b1,b2,y17,y16,,,,,416.24951599999997,515.317926,,1552.869281
54,DLTTGYDSSQPNK,DVTTGYDSSQPNK,V to I/L,0,0.994,2,S1,fcb1,b0,b1,y14,y13,b0,b1,y14,y13,,345.197146,,,,345.197146,,
55,TDEFQLHTLVNDGTEFGGSIYQK,TDEFQLHTNVNDGTEFGGSIYQK,N to I/L,3,0.258,3,S1,fcb1,b3,b4,y21,y20,b3,b4,y21,y20,575.287416,722.355826,,,575.287416,,,
56,KDEAPAAPAAQETK,KTEAPAAPAAQETK,T to D,1,0.017,3,S1,fcb1,b1,b2,y14,y13,b1,b2,y14,y13,,,,,587.428096,688.475776,,1513.8059210000001
57,AAAPAPVSEAVSR,AAAPAPVSEAVCR,C to S,0,0.494,2,S1,fcb1,b0,b1,y14,y13,b0,b1,y14,y13,,301.207316,,,,301.207316,,
58,WNTFIDNIIASCSEDTSVR,WNPFIDNIIASCSEDTSVR,P to T,2,0.199,3,S1,fcb1,b2,b3,y18,y17,b2,b3,y18,y17,,,,,530.292446,,,
59,ILAAQGNLSAQGGAQPSVEAPAAPRPTATQLTR,ILAAQGQLSAQGGAQPSVEAPAAPRPTATQLTR,Q to N,0,0.012,4,S1,fcb1,b0,b1,y34,y33,b0,b1,y34,y33,,343.254266,,,,343.254266,,
60,NMTEAEQQQLIDDHFLFDK,SMTEAEQQQLIDDHFLFDK,S to N,0,0.249,3,S1,fcb1,b0,b1,y20,y19,b0,b1,y20,y19,,,,,,317.20223599999997,,
61,TVASPGVTVDEAVEQIDIGGVTLLR,TVASPGVTVEEAVEQIDIGGVTLLR,E to D,1,0.011,3,S1,fcb1,b1,b2,y25,y24,b1,b2,y25,y24,331.21788599999996,430.28629599999994,,,331.21788599999996,430.28629599999994,,
62,GSITSVQAIYVPADDLTDPAVATTFAHLDATTVLSR,GSITSVQAIYVPADDLTDPAPATTFAHLDATTVLSR,P to V,1,0.241,4,S1,fcb1,b1,b2,y36,y35,b1,b2,y36,y35,287.191666,,,,,,,
63,EQITWTLIDFYDNQPCINLIESK,EQIPWTLIDFYDNQPCINLIESK,P to T,3,0.421,3,S1,fcb1,b3,b4,y21,y20,b3,b4,y21,y20,600.355436,,,,600.355436,,,
64,AGFAADDAPR,AGFAGDDAPR,G to A,1,0.476,2,S1,fcb1,b1,b2,y10,y9,b1,b2,y10,y9,301.207316,358.228776,,919.4267910000001,301.207316,358.228776,,905.411141
65,AGQELEEQTR,AQQELEEQTR,Q to G,1,0.017,2,S1,fcb1,b1,b2,y10,y9,b1,b2,y10,y9,,358.228776,,,301.207316,429.26589599999994,,1160.5542010000001
66,GVDAQTTLSK,GVDAQGTLSK,G to T,1,0.499,2,S1,fcb1,b1,b2,y10,y9,b1,b2,y10,y9,287.191666,386.26007599999997,,1191.6782210000001,287.191666,386.26007599999997,,1147.6520010000002
67,TCSFDFTGAVEDISK,TCGFDFTGAVEDISK,G to S,0,0.249,3,S1,fcb1,b0,b1,y16,y15,b0,b1,y16,y15,,331.21788599999996,,,,331.21788599999996,,
68,VLQAFSDGLAHLDNLK,VLGAFSDGLAHLDNLK,G to Q,2,0.02,3,S1,fcb1,b2,b3,y15,y14,b2,b3,y15,y14,,570.381256,,,442.32267599999994,499.344136,,
69,ILITWLLSPESLDIK,ILIPWLLSPESLDIK,P to T,0,0.495,3,S1,fcb1,b0,b1,y16,y15,b0,b1,y16,y15,,343.254266,,,,343.254266,,
70,MNVDEVGGEALGR,VNVDEVGGEALGR,V to M,0,0.021,2,S1,fcb1,b0,b1,y14,y13,b0,b1,y14,y13,,361.210696,,,,,,
71,SVATGSSEAAGGASGGGAR,SVATGSSETAGGASGGGAR,T to A,0,1.0,2,S1,fcb1,b0,b1,y20,y19,b0,b1,y20,y19,,,,,,,,
72,AFVHSYVGEGMEEGEFSEAR,AFVHWYVGEGMEEGEFSEAR,W to S,0,0.018,3,S1,fcb1,b0,b1,y21,y20,b0,b1,y21,y20,,301.207316,,,,301.207316,,
73,AFVHSYVGEGMEEGEFSEAR,AFVHWYVGEGMEEGEFSEAR,W to S,4,0.241,3,S1,fcb1,b4,b5,y17,y16,b4,b5,y17,y16,684.403046,771.435076,,1792.732991,684.403046,870.482356,,
74,TTWGIIEVENLNHCEFALLR,TPWGIIEVENLNHCEFALLR,P to T,1,0.234,3,S1,fcb1,b1,b2,y20,y19,b1,b2,y20,y19,331.21788599999996,,,,331.21788599999996,,,
75,WNTFIDNIIASCSEDTSVR,WNPFIDNIIASCSEDTSVR,P to T,2,0.013,3,S1,fcb1,b2,b3,y18,y17,b2,b3,y18,y17,,,,,530.292446,,,
76,STTEAEQQQLIDDHFLFDK,SMTEAEQQQLIDDHFLFDK,M to T,1,0.492,3,S1,fcb1,b1,b2,y19,y18,b1,b2,y19,y18,317.20223599999997,418.249916,,,317.20223599999997,448.242726,,
77,GDSAPAAAK,GDSAPATAK,T to A,2,0.639,2,S1,fcb1,b2,b3,y8,y7,b2,b3,y8,y7,402.21860599999997,489.25063599999993,959.5359010000001,844.508961,402.21860599999997,489.25063599999993,989.546471,874.519531
78,AEGAPNQGK,AEGTPNQGK,T to A,0,0.999,2,S1,fcb1,b0,b1,y10,y9,b0,b1,y10,y9,,301.207316,,,,301.207316,,
79,TCSFDFTGAVEDISK,TCGFDFTGAVEDISK,G to S,0,0.248,3,S1,fcb1,b0,b1,y16,y15,b0,b1,y16,y15,,331.21788599999996,,,,331.21788599999996,,
80,ILITWLLSPESLDIK,ILIPWLLSPESLDIK,P to T,0,0.494,3,S1,fcb1,b0,b1,y16,y15,b0,b1,y16,y15,,343.254266,,,,343.254266,,
81,SDGPPASDSKPGSSEAAPSSK,SDGAPASDSKPGSSEAAPSSK,A to P,3,0.25,3,S1,fcb1,b3,b4,y19,y18,b3,b4,y19,y18,,357.140466,,,489.25063599999993,560.2877460000001,,
82,STTDWALFTYEGNSNDIR,SPTDWALFTYEGNSNDIR,P to T,1,0.166,3,S1,fcb1,b1,b2,y18,y17,b1,b2,y18,y17,,,,,,414.25499599999995,,1998.919171
83,AFVHSYVGEGMEEGEFSEAR,AFVHWYVGEGMEEGEFSEAR,W to S,0,0.494,3,S1,fcb1,b0,b1,y21,y20,b0,b1,y21,y20,,301.207316,,,,301.207316,,
84,AFVHWYDGEGMEEGEFSEAR,AFVHWYVGEGMEEGEFSEAR,V to D,2,0.019,3,S1,fcb1,b2,b3,y19,y18,b2,b3,y19,y18,448.275726,547.344136,,,448.275726,547.344136,,
85,TTWGIIEVENLNHCEFALLR,TPWGIIEVENLNHCEFALLR,P to T,1,0.484,3,S1,fcb1,b1,b2,y20,y19,b1,b2,y20,y19,331.21788599999996,,,,331.21788599999996,,,
86,DVTWGVDSLITLAFQDQR,DVPWGVDSLITLAFQDQR,P to T,0,0.248,3,S1,fcb1,b0,b1,y19,y18,b0,b1,y19,y18,,345.197146,,,,345.197146,,
87,GVDGQGTLSK,GVDAQGTLSK,A to G,3,0.247,2,S1,fcb1,b3,b4,y8,y7,b3,b4,y8,y7,501.28701599999994,558.308476,1034.567941,919.541001,501.28701599999994,572.324126,1048.583591,933.556651
88,EPAENSLVAYK,EAAENSLVAYK,A to P,1,0.499,2,S1,fcb1,b1,b2,y11,y10,b1,b2,y11,y10,,227.102626,,,359.21279599999997,430.24990599999995,,1294.720411
89,AGAELVGTADEATR,AQAELVGTADEATR,Q to G,1,0.496,2,S1,fcb1,b1,b2,y14,y13,b1,b2,y14,y13,,358.228776,,,301.207316,429.26589599999994,,1360.670271
90,ALATTWEQLALGLEHSETVK,ALAPTWEQLALGLEHSETVK,P to T,0,0.016,3,S1,fcb1,b0,b1,y21,y20,b0,b1,y21,y20,,301.207316,,,,301.207316,,
91,AQPVQVAEGSETDGFWEALGGK,AQPVQVAEGSEPDGFWEALGGK,P to T,0,0.019,3,S1,fcb1,b0,b1,y23,y22,b0,b1,y23,y22,,301.207316,,,,,,
92,TNPANIEGNAETAQVLGLTTWMDYEFR,TNPANIEGNAETAQVLGLTPWMDYEFR,P to T,0,0.942,3,S1,fcb1,b0,b1,y28,y27,b0,b1,y28,y27,,331.21788599999996,,,,331.21788599999996,,
93,FCTELTQIETLFK,FCTGLTQIETLFK,G to E,3,0.012,2,S1,fcb1,b3,b4,y11,y10,b3,b4,y11,y10,,538.1966060000001,1551.883121,,409.15401599999996,,1479.861991,1378.814311
94,VDNSSLTGESEPQDR,VDNSSLTGESEPQTR,T to D,3,0.328,3,S1,fcb1,b3,b4,y13,y12,b3,b4,y13,y12,558.308486,645.340516,1419.6346310000001,1305.591701,558.308486,645.340516,1405.655371,1291.612441
95,PGSAETESATK,AGSAETESATK,A to P,0,0.25,2,S1,fcb1,b0,b1,y12,y11,b0,b1,y12,y11,,,,,,301.207316,,
96,QTAASAGLVDAPAAAPAAAR,QTAASAGLVDAPAPAPAAAR,P to A,0,0.499,3,S1,fcb1,b0,b1,y21,y20,b0,b1,y21,y20,,358.22878599999996,,,,358.22878599999996,,
97,DNEDGLTPEQR,MNEDGLTPEQR,M to D,0,0.988,2,S1,fcb1,b0,b1,y12,y11,b0,b1,y12,y11,,345.197146,,,,361.210696,,
98,PYGENIGYSEK,AYGENIGYSEK,A to P,0,0.5,2,S1,fcb1,b0,b1,y12,y11,b0,b1,y12,y11,,,,,,301.207316,,
99,PYGENIGYSEK,AYGENIGYSEK,A to P,0,0.499,2,S1,fcb1,b0,b1,y12,y11,b0,b1,y12,y11,,,,,,301.207316,,
100,TITLEVEPSDDIENVK,TITLEVEPSDTIENVK,T to D,0,0.01,3,S1,fcb1,b0,b1,y17,y16,b0,b1,y17,y16,,331.21788599999996,,,,331.21788599999996,,
101,DYEFMWNTHLGYILTCPSNLGTGLR,DYEFMWNPHLGYILTCPSNLGTGLR,P to T,7,0.083,4,S1,fcb1,b7,b8,y19,y18,b7,b8,y19,y18,,,,,1215.534206,1312.586966,,1969.032361
102,AQPVQVAEGSETDGFWEALGGK,AQPVQVAEGSEPDGFWEALGGK,P to T,0,0.028,3,S1,fcb1,b0,b1,y23,y22,b0,b1,y23,y22,,301.207316,,,,,,
103,ALATTWEQLALGLEHSETVK,ALAPTWEQLALGLEHSETVK,P to T,0,0.033,3,S1,fcb1,b0,b1,y21,y20,b0,b1,y21,y20,,301.207316,,,,301.207316,,
104,LYTWGIVEVENQAHCDFVK,LYPWGIVEVENQAHCDFVK,P to T,1,0.162,3,S1,fcb1,b1,b2,y19,y18,b1,b2,y19,y18,343.254266,506.3175959999999,,,343.254266,506.3175959999999,,
105,TVVNTITGSTNVGDQLPTGQLSVVTWR,TVVNTITGSTNVGDQLPTGQLSVVPWR,P to T,0,0.333,3,S1,fcb1,b0,b1,y28,y27,b0,b1,y28,y27,,331.21788599999996,,,,,,
106,WWTDNTLGTEIAIEDQICQGLK,WNTDNTLGTEIAIEDQICQGLK,N to W,1,0.1,3,S1,fcb1,b1,b2,y22,y21,b1,b2,y22,y21,,,,,416.24951599999997,530.292446,,
107,NRPTSISSDGLDSGK,NRPTSISWDGLDSGK,W to S,7,0.322,3,S1,fcb1,b7,b8,y9,y8,b7,b8,y9,y8,,,1094.5526810000001,,985.562806,1171.642116,1193.5999610000001,1106.567931
108,RIDNLMDEISFLK,RIDSLMDEISFLK,S to N,0,0.329,3,S1,fcb1,b0,b1,y14,y13,b0,b1,y14,y13,,,,,,386.271316,,
109,GVDAQGTSSK,GVDAQGTLSK,L to S,0,0.99,2,S1,fcb1,b0,b1,y11,y10,b0,b1,y11,y10,,287.191666,,,,287.191666,,
110,NTVWYQALTHGLNEEQR,NPVWYQALTHGLNEEQR,P to T,1,0.017,3,S1,fcb1,b1,b2,y17,y16,b1,b2,y17,y16,344.21313599999996,,,,344.21313599999996,,,
111,TLANLTWIVEPGQEAK,TLANLPWIVEPGQEAK,P to T,1,0.329,3,S1,fcb1,b1,b2,y16,y15,b1,b2,y16,y15,331.21788599999996,,,,331.21788599999996,444.301946,,1894.063521
112,TEDSNAGNSGGNVLAPDSTK,TEDSNAGNSGGNVPAPDSTK,P to I/L,0,0.5,3,S1,fcb1,b0,b1,y21,y20,b0,b1,y21,y20,,,,,,,,
113,SQGGEPDYNVAVGR,SQGGEPTYNVAVGR,T to D,1,0.333,2,S1,fcb1,b1,b2,y14,y13,b1,b2,y14,y13,317.20223599999997,445.26081600000003,,1361.644391,317.20223599999997,445.26081600000003,,1347.6651310000002
114,AATYWLDEPK,AAPYWLDEPK,P to T,0,0.967,2,S1,fcb1,b0,b1,y11,y10,b0,b1,y11,y10,,301.207316,,,,301.207316,,
115,HLGGITWTYAEDAVPTLTPCR,HLGGIPWTYAEDAVPTLTPCR,P to T,0,0.244,3,S1,fcb1,b0,b1,y22,y21,b0,b1,y22,y21,,367.229116,,,,367.229116,,
116,LYTWGIVEVENQAHCDFVK,LYPWGIVEVENQAHCDFVK,P to T,0,0.247,3,S1,fcb1,b0,b1,y20,y19,b0,b1,y20,y19,,343.254266,,,,343.254266,,
117,QTAASAGLVDAPAAAPAAAR,QTAASAGLVDAPAPAPAAAR,P to A,0,0.2,2,S1,fcb1,b0,b1,y21,y20,b0,b1,y21,y20,,358.22878599999996,,,,358.22878599999996,,
118,DYEFCWNPHLGYILTCPSNLGTGLR,DYEFMWNPHLGYILTCPSNLGTGLR,M to C,0,0.011,3,S1,fcb1,b0,b1,y26,y25,b0,b1,y26,y25,,345.197146,,,,345.197146,,
119,TVVNTITGSTNVGDQLPTGQLSVVTWR,TVVNTITGSTNVGDQLPTGQLSVVPWR,P to T,0,0.012,3,S1,fcb1,b0,b1,y28,y27,b0,b1,y28,y27,,331.21788599999996,,,,,,
120,ENAEQGEVDVESHR,ENAEQGEVDMESHR,M to V,0,1.0,3,S1,fcb1,b0,b1,y15,y14,b0,b1,y15,y14,,,,,,,,
121,VMQVVDEK,IMQVVDEK,I to V,0,0.988,2,S1,fcb1,b0,b1,y9,y8,b0,b1,y9,y8,,329.238616,,,,343.254266,,
122,GSASIGSLCADAR,TSASIGSLCADAR,T to G,0,0.995,2,S1,fcb1,b0,b1,y14,y13,b0,b1,y14,y13,,287.191666,,,,331.21788599999996,,
123,ELVDDSLNNVR,ELVDDSVNNVR,V to I/L,0,0.997,2,S1,fcb1,b0,b1,y12,y11,b0,b1,y12,y11,,359.21279599999997,,,,359.21279599999997,,
124,GDECQLVGPAQTSHWK,GDECQLVGPAQPSHWK,P to T,0,0.208,3,S1,fcb1,b0,b1,y17,y16,b0,b1,y17,y16,,287.191666,,,,,,
125,PAFTECCQAADK,AAFTECCQAADK,A to P,0,0.333,2,S1,fcb1,b0,b1,y13,y12,b0,b1,y13,y12,,,,,,301.207316,,
126,PEGAATEEEGTPK,AEGAATEEEGTPK,A to P,0,0.25,2,S1,fcb1,b0,b1,y14,y13,b0,b1,y14,y13,,,,,,301.207316,,
127,NVTEQGAELSNEER,SVTEQGAELSNEER,S to N,0,0.498,2,S1,fcb1,b0,b1,y15,y14,b0,b1,y15,y14,,,,,,317.20223599999997,,
128,QVTEQGAELSNEER,SVTEQGAELSNEER,S to Q,0,0.497,2,S1,fcb1,b0,b1,y15,y14,b0,b1,y15,y14,,,,,,317.20223599999997,,
129,EPGEGGEAEAPAAEGGK,EAGEGGEAEAPAAEGGK,A to P,1,0.332,2,S1,fcb1,b1,b2,y17,y16,b1,b2,y17,y16,,,,,359.21279599999997,430.24990599999995,,1629.7917009999999
130,SADCSVEEETWK,SADCSVEEEPWK,P to T,0,0.497,2,S1,fcb1,b0,b1,y13,y12,b0,b1,y13,y12,,317.20223599999997,,,,317.20223599999997,,
131,SADCSVEEETWK,SADCSVEEEPWK,P to T,0,0.155,3,S1,fcb1,b0,b1,y13,y12,b0,b1,y13,y12,,317.20223599999997,,,,317.20223599999997,,
132,WNTEALPSNTGEVNFQSGIIAAR,WNPEALPSNTGEVNFQSGIIAAR,P to T,2,0.167,3,S1,fcb1,b2,b3,y22,y21,b2,b3,y22,y21,,,,,530.292446,,,
133,WNTEALPSNTGEVNFQSGIIAAR,WNPEALPSNTGEVNFQSGIIAAR,P to T,2,0.335,3,S1,fcb1,b2,b3,y22,y21,b2,b3,y22,y21,,,,,530.292446,,,
134,SADTLSDIQK,SADTLWDIQK,W to S,0,0.496,2,S1,fcb1,b0,b1,y11,y10,b0,b1,y11,y10,,317.20223599999997,,,,317.20223599999997,,
135,ASWTWGTEGQGAILLVNCDR,ASWTWGPEGQGAILLVNCDR,P to T,6,0.011,3,S1,fcb1,b6,b7,y15,y14,b6,b7,y15,y14,,,,,918.467106,,1598.795481,1541.774021
136,KAEGVALTNATGVVESTSQAGDR,KAEGVALTNATGAVESTSQAGDR,A to V,0,0.979,3,S1,fcb1,b0,b1,y24,y23,b0,b1,y24,y23,,587.428096,,,,587.428096,,
137,DDDIAALVVDNGSGTCK,DDDIAALVVDNGSGMCK,M to T,1,0.958,3,S1,fcb1,b1,b2,y17,y16,b1,b2,y17,y16,,,,,,,,
0,VQAHAGEYGAEALER,VGAHAGEYGAEALER,G to Q,1,0.329,3,S2,fcb2,b1,b2,y15,y14,b1,b2,y15,y14,,457.297196,,,,386.26007599999997,,1430.665841
1,VGGHAGEYGAEALER,VGAHAGEYGAEALER,A to G,2,0.33,3,S2,fcb2,b2,b3,y14,y13,b2,b3,y14,y13,,443.281536,,,386.26007599999997,457.29718599999995,1430.665841,
2,VQAHAGEYGAEALER,VGAHAGEYGAEALER,G to Q,1,0.33,3,S2,fcb2,b1,b2,y15,y14,b1,b2,y15,y14,,457.297196,,,,386.26007599999997,,1430.665841
3,KAEGVALTNATGVVESTSQAGDR,KAEGVALTNATGAVESTSQAGDR,A to V,1,0.937,3,S2,fcb2,b1,b2,y23,y22,b1,b2,y23,y22,,,,,,,,
4,AHIDLGCAADVEAVQTGLDLLEILR,AHITLGCAADVEAVQTGLDLLEILR,T to D,3,0.166,3,S2,fcb2,b3,b4,y23,y22,b3,b4,y23,y22,,,,,551.350286,,,
5,LLGNVLVCVLAHNFGK,LLGNVLVCVLAHHFGK,H to N,0,0.996,3,S2,fcb2,b0,b1,y17,y16,b0,b1,y17,y16,,343.254266,,,,343.254266,,
6,MYGVLTWNAFPGK,MYGVLPWNAFPGK,P to T,0,0.495,2,S2,fcb2,b0,b1,y14,y13,b0,b1,y14,y13,,361.210696,,,,361.210696,,
7,QSASQLQK,QPASQLQK,P to S,0,0.997,2,S2,fcb2,b0,b1,y9,y8,b0,b1,y9,y8,,358.22878599999996,,,,358.22878599999996,,
8,NHFPLATYAPVISAEK,IHFPLATYAPVISAEK,I to N,0,0.125,3,S2,fcb2,b0,b1,y17,y16,b0,b1,y17,y16,,,,,,343.254266,,
9,AGQQAEAER,AQQQAEAER,Q to G,1,0.013,2,S2,fcb2,b1,b2,y9,y8,b1,b2,y9,y8,,358.228776,,,301.207316,429.26589599999994,,959.4540910000001
10,ILTITGPTDAIFK,IVTITGPTDAIFK,V to I/L,0,0.991,2,S2,fcb2,b0,b1,y14,y13,,,,,,343.254266,,,,,,
11,VPITWVSGTSASTPVFGGILSLINEHR,VPIPWVSGTSASTPVFGGILSLINEHR,P to T,1,0.313,3,S2,fcb2,b1,b2,y27,y26,b1,b2,y27,y26,329.238616,426.29137599999996,,,329.238616,426.29137599999996,,
12,LAAENGWGVMVSHR,LAQENGWGVMVSHR,Q to A,2,0.167,3,S2,fcb2,b2,b3,y13,y12,b2,b3,y13,y12,,485.32848599999994,,,,542.349956,,
13,GAVLFDK,GQVLFDK,Q to A,1,0.5,2,S2,fcb2,b1,b2,y7,y6,b1,b2,y7,y6,,358.228776,,,287.191666,415.250246,,978.582131
14,SGPFGQIFRPDNFVFGQSGAGNNSAK,SGPFGQIFRPDNFVFGQSGAGNNWAK,W to S,1,0.953,3,S2,fcb2,b1,b2,y26,y25,b1,b2,y26,y25,,374.22369599999996,,,317.20223599999997,374.22369599999996,,
15,NLSTFAMDGK,NLSTFAVDGK,V to M,0,1.0,2,S2,fcb2,b0,b1,y11,y10,b0,b1,y11,y10,,344.21313599999996,,,,344.21313599999996,,
16,LSGSNSGNTATLTISR,FSGSNSGNTATLTISR,F to I/L,0,0.984,2,S2,fcb2,b0,b1,y17,y16,b0,b1,y17,y16,,343.254266,,,,377.238616,,
17,AGIHDLVLVGGSTR,AQIHDLVLVGGSTR,Q to G,1,0.248,3,S2,fcb2,b1,b2,y14,y13,b1,b2,y14,y13,,,,,,,,
18,AGLGGPEAAK,AQLGGPEAAK,Q to G,1,0.858,2,S2,fcb2,b1,b2,y10,y9,b1,b2,y10,y9,301.207316,358.228776,,,301.207316,429.26589599999994,,1099.630861
19,YISVIYTNYEAGK,YISLIYTNYEAGK,L to V,1,0.326,3,S2,fcb2,b1,b2,y13,y12,b1,b2,y13,y12,,506.3175959999999,,,,506.3175959999999,,
20,DDAANNYAR,EDAANNYAR,E to D,0,0.993,2,S2,fcb2,b0,b1,y10,y9,b0,b1,y10,y9,,345.197146,,,,359.21279599999997,,
21,EANALAAGHPAQAAAINAR,EANALAAGHPAQAVAINAR,V to A,0,1.0,3,S2,fcb2,b0,b1,y20,y19,b0,b1,y20,y19,,359.21279599999997,,,,359.21279599999997,,
22,EPNQQQQFNR,EANQQQQFNR,A to P,1,0.499,2,S2,fcb2,b1,b2,y10,y9,b1,b2,y10,y9,,227.102626,,,359.21279599999997,430.24990599999995,,1133.5446510000002
23,LEQGQAIDDLTPAQK,LEQGQAIDDLMPAQK,M to T,0,0.983,3,S2,fcb2,b0,b1,y16,y15,b0,b1,y16,y15,,343.254266,,,,343.254266,,
24,ILAAQGQVSAQGGAQPSVEAPAAPRPTATQLTR,ILAAQGQLSAQGGAQPSVEAPAAPRPTATQLTR,L to V,0,0.999,4,S2,fcb2,b0,b1,y34,y33,b0,b1,y34,y33,,343.254266,,,,343.254266,,
25,PITIANQTNCPLYITK,AITIANQTNCPLYITK,A to P,0,0.2,2,S2,fcb2,b0,b1,y17,y16,b0,b1,y17,y16,,,,,,,,
26,VVGAFSDGLAHLDNLK,VLGAFSDGLAHLDNLK,L to V,1,0.248,3,S2,fcb2,b1,b2,y16,y15,b1,b2,y16,y15,,241.154696,,,329.238616,442.32267599999994,,
27,GDSAPAAAK,GDSAPATAK,T to A,0,0.999,2,S2,fcb2,b0,b1,y10,y9,b0,b1,y10,y9,,287.191666,,,,287.191666,,
28,GVDAQGDLSK,GVDAQGTLSK,T to D,0,0.015,2,S2,fcb2,b0,b1,y11,y10,b0,b1,y11,y10,,287.191666,,,,287.191666,,
29,AGGENISVSK,AGQENISVSK,Q to G,2,0.053,2,S2,fcb2,b2,b3,y9,y8,b2,b3,y9,y8,,415.250236,,1062.5992410000001,358.228776,486.287356,1190.657821,1133.636361
30,SVATGSSEAAGGASGGGAR,SVATGSSETAGGASGGGAR,T to A,0,0.993,2,S2,fcb2,b0,b1,y20,y19,b0,b1,y20,y19,,,,,,,,
31,DCEQAENSMAAR,DCEQAENWMAAR,W to S,1,0.333,2,S2,fcb2,b1,b2,y12,y11,b1,b2,y12,y11,345.197146,505.227796,,1266.520141,345.197146,505.227796,,1365.567421
32,GDSAPAAAK,GDSAPATAK,T to A,0,0.993,2,S2,fcb2,b0,b1,y10,y9,b0,b1,y10,y9,,287.191666,,,,287.191666,,
33,SSQESGEEAGSQENHPQESK,SSQESGEETGSQENHPQESK,T to A,0,1.0,4,S2,fcb2,b0,b1,y21,y20,b0,b1,y21,y20,,317.20223599999997,,,,,,
34,GVDGQGTLSK,GVDAQGTLSK,A to G,3,0.023,2,S2,fcb2,b3,b4,y8,y7,b3,b4,y8,y7,501.28701599999994,558.308476,1034.567941,919.541001,501.28701599999994,572.324126,1048.583591,933.556651
35,SDSELNNEVAAR,SDSELNSEVAAR,S to N,2,0.435,2,S2,fcb2,b2,b3,y11,y10,b2,b3,y11,y10,432.229176,,1217.575651,1102.5487110000001,432.229176,519.261206,1190.5647510000001,1075.5378110000001
36,PGSAETESATK,AGSAETESATK,A to P,0,0.25,2,S2,fcb2,b0,b1,y12,y11,b0,b1,y12,y11,,,,,,301.207316,,
37,APSAETESATK,AGSAETESATK,G to P,1,0.333,2,S2,fcb2,b1,b2,y11,y10,b1,b2,y11,y10,,,,,301.207316,358.228776,,1209.616011
38,QDVETELK,QMVETELK,M to D,0,0.498,2,S2,fcb2,b0,b1,y9,y8,b0,b1,y9,y8,,358.22878599999996,,,,358.22878599999996,,
39,NTSSAGSWNSGSSGPGSTGNR,NPSSAGSWNSGSSGPGSTGNR,P to T,1,0.311,3,S2,fcb2,b1,b2,y21,y20,b1,b2,y21,y20,344.21313599999996,,,,344.21313599999996,441.26589599999994,,1849.805941
40,ALTVPELTQQMFMAK,ALTVPELTQQMFDAK,D to M,3,0.023,3,S2,fcb2,b3,b4,y13,y12,b3,b4,y13,y12,515.339056,614.407466,1768.917471,1667.8697910000003,515.339056,614.407466,1752.9039209999999,1651.8562410000002
41,VPTANVSVVDLTCF,VPTANVSVVDLTCR,R to F,2,0.333,2,S2,fcb2,b2,b3,y13,y12,b2,b3,y13,y12,,527.339056,1422.693321,1325.640561,,,1431.726021,1334.6732610000001
42,MEFHDQQMLTPSTAEPSDQK,MEFHDQQELTPSTAEPSDQK,E to M,2,0.031,3,S2,fcb2,b2,b3,y19,y18,b2,b3,y19,y18,,,,,490.25328599999995,,,
43,GYGYGAGAGTLSTDK,GYGYGQGAGTLSTDK,Q to A,5,0.015,3,S2,fcb2,b5,b6,y11,y10,b5,b6,y11,y10,,798.398356,,,,,,
44,QTAASAGLVDAPAAAPAAAR,QTAASAGLVDAPAPAPAAAR,P to A,0,0.143,3,S2,fcb2,b0,b1,y21,y20,b0,b1,y21,y20,,358.22878599999996,,,,358.22878599999996,,
45,EMQENDASTR,EMQENDASMR,M to T,0,0.996,2,S2,fcb2,b0,b1,y11,y10,b0,b1,y11,y10,,359.21279599999997,,,,359.21279599999997,,
46,GSYTEVEDNR,GSYMEVEDNR,M to T,0,0.995,2,S2,fcb2,b0,b1,y11,y10,b0,b1,y11,y10,,,,,,,,
47,PYGENIGYSEK,AYGENIGYSEK,A to P,0,0.5,2,S2,fcb2,b0,b1,y12,y11,b0,b1,y12,y11,,,,,,301.207316,,
48,TLANLTWIVEPGQEAK,TLANLPWIVEPGQEAK,P to T,1,0.32,3,S2,fcb2,b1,b2,y16,y15,b1,b2,y16,y15,331.21788599999996,,,,331.21788599999996,444.301946,,
49,DSDVGDEAQSK,DSYVGDEAQSK,Y to D,0,1.0,2,S2,fcb2,b0,b1,y12,y11,b0,b1,y12,y11,,345.197146,,,,345.197146,,
50,DLYANDVLSGGTTMYPGIADR,DLYANTVLSGGTTMYPGIADR,T to D,2,0.243,3,S2,fcb2,b2,b3,y20,y19,b2,b3,y20,y19,458.28120599999994,621.3445360000001,,,458.28120599999994,621.3445360000001,,
51,EPASYQEALAR,EAASYQEALAR,A to P,1,0.5,2,S2,fcb2,b1,b2,y11,y10,b1,b2,y11,y10,359.21279599999997,,,1105.5636310000002,359.21279599999997,430.24990599999995,,1079.5479810000002
52,GSASIGSLCADAR,TSASIGSLCADAR,T to G,0,0.997,2,S2,fcb2,b0,b1,y14,y13,b0,b1,y14,y13,,,,,,331.21788599999996,,
53,PGFAGDDAPR,AGFAGDDAPR,A to P,0,0.498,2,S2,fcb2,b0,b1,y11,y10,b0,b1,y11,y10,,,,,,301.207316,,
54,PGFAGDDAPR,AGFAGDDAPR,A to P,0,0.499,2,S2,fcb2,b0,b1,y11,y10,b0,b1,y11,y10,,,,,,301.207316,,
55,LLEGEEDR,LLEGEEER,E to D,0,1.0,2,S2,fcb2,b0,b1,y9,y8,b0,b1,y9,y8,,343.254266,,,,343.254266,,
56,EGGQTAPASSR,EGGQTAPASTR,T to S,1,0.947,2,S2,fcb2,b1,b2,y11,y10,b1,b2,y11,y10,359.21279599999997,416.23425599999996,,931.4591710000001,359.21279599999997,416.23425599999996,,945.4748210000001
57,PEAQEAEDQQAR,AEAQEAEDQQAR,A to P,0,0.5,2,S2,fcb2,b0,b1,y13,y12,b0,b1,y13,y12,,,,,,301.207316,,
58,AEDEENEK,AEAEENEK,A to D,0,1.0,2,S2,fcb2,b0,b1,y9,y8,b0,b1,y9,y8,,301.207316,,,,301.207316,,
59,PEGAATEEEGTPK,AEGAATEEEGTPK,A to P,0,0.333,2,S2,fcb2,b0,b1,y14,y13,b0,b1,y14,y13,,,,,,301.207316,,
60,QVTEQGAELSNEER,AVTEQGAELSNEER,A to Q,0,0.499,2,S2,fcb2,b0,b1,y15,y14,b0,b1,y15,y14,,,,,,301.207316,,
61,PMDTLGIEYGDK,AMDTLGIEYGDK,A to P,0,0.332,2,S2,fcb2,b0,b1,y13,y12,b0,b1,y13,y12,,,,,,301.207316,,
62,EPGEGGEAEAPAAEGGK,EAGEGGEAEAPAAEGGK,A to P,1,0.25,2,S2,fcb2,b1,b2,y17,y16,b1,b2,y17,y16,,,,,,,,
63,ENGEGGEAEAPAAEGGK,EAGEGGEAEAPAAEGGK,A to N,1,0.245,2,S2,fcb2,b1,b2,y17,y16,b1,b2,y17,y16,,,,,,,,
64,DVEMGNSTIEENEMK,DVEMGNSVIEENEMK,V to T,1,0.174,2,S2,fcb2,b1,b2,y15,y14,b1,b2,y15,y14,345.197146,444.265556,,,345.197146,444.265556,,
65,EGGQTAPASSR,EGGQTAPASTR,T to S,0,0.996,2,S2,fcb2,b0,b1,y12,y11,b0,b1,y12,y11,,359.21279599999997,,,,359.21279599999997,,
66,SNVSDAVAQSDR,SNVSDAVAQSTR,T to D,1,0.469,2,S2,fcb2,b1,b2,y12,y11,b1,b2,y12,y11,317.20223599999997,431.245166,,1161.5494410000001,317.20223599999997,431.245166,,1147.570181
67,AYHEQLSVAEITNACFEPAMQMVK,AYHEQLSVAEITNACFEPANQMVK,N to M,3,0.018,4,S2,fcb2,b3,b4,y22,y21,b3,b4,y22,y21,601.329556,730.372146,,,601.329556,,,
68,FFESFGMLSTPDAVMGNPK,FFESFGDLSTPDAVMGNPK,D to M,2,0.03,3,S2,fcb2,b2,b3,y18,y17,b2,b3,y18,y17,,,,,524.3070260000001,653.349616,,
69,FFESFGDLSTPMAVMGNPK,FFESFGDLSTPDAVMGNPK,D to M,2,0.032,3,S2,fcb2,b2,b3,y18,y17,b2,b3,y18,y17,,,,,524.3070260000001,653.349616,,
70,ASGNNQDGVVASQPAR,AWGNNQDGVVASQPAR,W to S,1,0.982,2,S2,fcb2,b1,b2,y16,y15,b1,b2,y16,y15,301.207316,388.239346,,1499.719691,301.207316,487.286626,,1598.766971
71,QYTWGVVQVENENHCDFVK,QYPWGVVQVENENHCDFVK,P to T,0,0.268,3,S2,fcb2,b0,b1,y20,y19,b0,b1,y20,y19,,358.22878599999996,,,,358.22878599999996,,
72,SLGQNPTEAELQDMINEVDADGNGTIDFNEFLTMMAR,SLGQNPTEAELQDMINEVDADGNGTIDFPEFLTMMAR,P to N,0,0.014,4,S2,fcb2,b0,b1,y38,y37,b0,b1,y38,y37,,,,,,317.20223599999997,,
73,PLAAELNQLR,ALAAELNQLR,A to P,0,0.5,2,S2,fcb2,b0,b1,y11,y10,b0,b1,y11,y10,,,,,,301.207316,,
74,AGALQEECGYLR,AQALQEECGYLR,Q to G,1,0.014,2,S2,fcb2,b1,b2,y12,y11,b1,b2,y12,y11,,358.228776,,,301.207316,429.26589599999994,,1366.641961
75,AFQYVETHGEVCTANWTPDSPTIK,AFQYVETHGEVCPANWTPDSPTIK,P to T,0,0.021,4,S2,fcb2,b0,b1,y25,y24,b0,b1,y25,y24,,,,,,,,
76,GILAADESCGSIAK,GILAADESTGSIAK,T to C,2,0.166,2,S2,fcb2,b2,b3,y13,y12,b2,b3,y13,y12,400.27572599999996,513.359786,1563.824941,1450.740881,400.27572599999996,513.359786,,1391.757911
77,WKTDYDSAASEYGK,WKPDYDSAASEYGK,P to T,2,0.014,3,S2,fcb2,b2,b3,y13,y12,b2,b3,y13,y12,,,,,,,,1531.7113610000001
78,EWTPPVQAAYQK,EFTPPVQAAYQK,F to W,1,0.499,2,S2,fcb2,b1,b2,y12,y11,b1,b2,y12,y11,,316.129176,,,359.21279599999997,506.28120599999994,,1478.820461
0,EAASDQEALAR,EAASYQEALAR,Y to D,0,1.0,2,S3,fcb3,b0,b1,y12,y11,b0,b1,y12,y11,,359.21279599999997,,,,359.21279599999997,,
1,LYTWGVVEVENPEHNDFLK,LYPWGVVEVENPEHNDFLK,P to T,0,0.466,3,S3,fcb3,b0,b1,y20,y19,b0,b1,y20,y19,,343.254266,,,,343.254266,,
2,AETMELNDR,AEMMELNDR,M to T,0,1.0,2,S3,fcb3,b0,b1,y10,y9,b0,b1,y10,y9,,301.207316,,,,301.207316,,
3,ETWLNENQR,ETWLSENQR,S to N,1,0.988,2,S3,fcb3,b1,b2,y9,y8,b1,b2,y9,y8,359.21279599999997,460.260476,,1060.517031,359.21279599999997,460.260476,,1033.506131
4,PDLINNLGTIAK,ADLINNLGTIAK,A to P,0,0.332,2,S3,fcb3,b0,b1,y13,y12,b0,b1,y13,y12,,,,,,301.207316,,
5,FQMPDQGMQSADDFFQGTK,FQMPDQGMTSADDFFQGTK,T to Q,2,0.019,3,S3,fcb3,b2,b3,y18,y17,b2,b3,y18,y17,505.29719599999993,636.3376860000001,,,505.29719599999993,636.3376860000001,,
6,VVAQVANALAHK,VVAGVANALAHK,G to Q,1,0.328,3,S3,fcb3,b1,b2,y12,y11,b1,b2,y12,y11,329.238616,,,,329.238616,428.307026,,1279.768351
7,ITSEAGDGATK,ITSEGGDGATK,G to A,0,0.991,2,S3,fcb3,b0,b1,y12,y11,b0,b1,y12,y11,,343.254266,,,,343.254266,,
8,QVTSTASTFVK,QATSTASTFVK,A to V,0,0.992,2,S3,fcb3,b0,b1,y12,y11,b0,b1,y12,y11,,358.22878599999996,,,,358.22878599999996,,
9,AGQEAEAAQR,AQQEAEAAQR,Q to G,1,0.5,2,S3,fcb3,b1,b2,y10,y9,b1,b2,y10,y9,,358.228776,,959.4540810000001,301.207316,429.26589599999994,,1030.491201
10,AGVAAPATQVVQVTLQSVQR,AGVAAPATQVAQVTLQSVQR,A to V,0,1.0,3,S3,fcb3,b0,b1,y21,y20,b0,b1,y21,y20,,,,,,,,
11,DSGILDSIGR,DTGILDSIGR,T to S,1,0.183,2,S3,fcb3,b1,b2,y10,y9,b1,b2,y10,y9,,432.229176,,917.5050510000001,345.197146,446.24482599999993,,931.520701
12,GTVAGWINALEAYQK,GPVAGWINALEAYQK,P to T,1,0.092,3,S3,fcb3,b1,b2,y15,y14,b1,b2,y15,y14,287.191666,,,,287.191666,,,
13,TIQFVDSCPTGFK,TIQFVDWCPTGFK,W to S,0,0.5,2,S3,fcb3,b0,b1,y14,y13,b0,b1,y14,y13,,331.21788599999996,,,,331.21788599999996,,
14,DGGADGTEQR,DGGAWGTEQR,W to D,1,0.104,2,S3,fcb3,b1,b2,y10,y9,b1,b2,y10,y9,345.197146,402.21860599999997,,890.3962310000001,345.197146,402.21860599999997,,961.448601
15,NSSYFPEWIPNNVK,NSSYFVEWIPNNVK,V to P,0,0.012,2,S3,fcb3,b0,b1,y15,y14,b0,b1,y15,y14,,344.21313599999996,,,,344.21313599999996,,
16,AQEALLQLSQALSLMETVK,AQEALLQLSQVLSLMETVK,V to A,1,0.978,3,S3,fcb3,b1,b2,y19,y18,b1,b2,y19,y18,,,,,,,,
17,EANALAAGHPAQAAAINAR,EANALAAGHPAQAVAINAR,V to A,3,0.871,3,S3,fcb3,b3,b4,y17,y16,b3,b4,y17,y16,544.292836,615.3299460000001,,,544.292836,615.3299460000001,,
18,VLEAFSDGLAHLDNLK,VLGAFSDGLAHLDNLK,G to E,2,0.143,3,S3,fcb3,b2,b3,y15,y14,b2,b3,y15,y14,,342.202336,,,442.32267599999994,499.344136,,1686.901211
19,VFIMDMCEELIPEYLNFIR,VFIMDNCEELIPEYLNFIR,N to M,5,0.125,3,S3,fcb3,b5,b6,y15,y14,b5,b6,y15,y14,,,,,851.4534160000001,965.496346,1924.910911,1809.883971
20,AFDQGADAIYDHVNEGK,AFDQGADAIYDHINEGK,I to V,1,0.493,3,S3,fcb3,b1,b2,y17,y16,b1,b2,y17,y16,,,,,301.207316,448.275726,,
21,AILVDLEPGQMDSVR,AILVDLEPGTMDSVR,T to Q,2,0.268,2,S3,fcb3,b2,b3,y14,y13,b2,b3,y14,y13,414.29137599999996,527.375436,1587.804641,1474.720581,414.29137599999996,527.375436,1544.798841,1431.7147810000001
22,YLATASTMDHQR,YLATASTMDHAR,A to Q,0,0.981,3,S3,fcb3,b0,b1,y13,y12,b0,b1,y13,y12,,,,,,393.233536,,
23,ILITWLLSPESLDIK,ILIPWLLSPESLDIK,P to T,0,0.482,3,S3,fcb3,b0,b1,y16,y15,b0,b1,y16,y15,,343.254266,,,,343.254266,,
24,TTWGIIEVENLNHCEFALLR,TPWGIIEVENLNHCEFALLR,P to T,0,0.245,3,S3,fcb3,b0,b1,y21,y20,b0,b1,y21,y20,,331.21788599999996,,,,331.21788599999996,,
25,TVSADAYK,MVSADAYK,M to T,0,0.992,2,S3,fcb3,b0,b1,y9,y8,b0,b1,y9,y8,,331.21788599999996,,,,361.210696,,
26,EDTAALEK,EDMAALEK,M to T,0,0.996,2,S3,fcb3,b0,b1,y9,y8,b0,b1,y9,y8,,359.21279599999997,,,,359.21279599999997,,
27,LLVSASQDNK,LLVSASQDGK,G to N,0,0.994,2,S3,fcb3,b0,b1,y11,y10,b0,b1,y11,y10,,343.254266,,,,343.254266,,
28,LSPQGQQPLNPQSGSPQQQR,LSPQGQQPLSPQSGSPQQQR,S to N,0,1.0,3,S3,fcb3,b0,b1,y21,y20,b0,b1,y21,y20,,343.254266,,,,343.254266,,
29,NMTEAEQQQLIDDHFLFDK,SMTEAEQQQLIDDHFLFDK,S to N,0,0.489,3,S3,fcb3,b0,b1,y20,y19,b0,b1,y20,y19,,,,,,,,
30,GDSAPAAAK,GDSAPATAK,T to A,0,1.0,2,S3,fcb3,b0,b1,y10,y9,b0,b1,y10,y9,,287.191666,,,,287.191666,,
31,AEGAPNQGK,AEGTPNQGK,T to A,0,1.0,2,S3,fcb3,b0,b1,y10,y9,b0,b1,y10,y9,,301.207316,,,,301.207316,,
32,FCTELTQIETLFK,FCTGLTQIETLFK,G to E,3,0.018,2,S3,fcb3,b3,b4,y11,y10,b3,b4,y11,y10,,538.1966060000001,,,409.15401599999996,466.175476,1479.861991,1378.814311
33,DVTWGVDSLITLAFQDQR,DVPWGVDSLITLAFQDQR,P to T,2,0.165,3,S3,fcb3,b2,b3,y17,y16,b2,b3,y17,y16,444.265556,,,,444.265556,,,
34,FQMPDQGTTSADDFFQGTK,FQMPDQGMTSADDFFQGTK,M to T,4,0.891,3,S3,fcb3,b4,b5,y16,y15,b4,b5,y16,y15,,,,,,848.4173860000001,,
35,GMYGIENEVFLSFPCILNAR,GMYGIENEVFLSLPCILNAR,L to F,0,0.995,3,S3,fcb3,b0,b1,y21,y20,b0,b1,y21,y20,,,,,,,,
36,RIDNLMDEISFLK,RIDSLMDEISFLK,S to N,0,0.247,3,S3,fcb3,b0,b1,y14,y13,b0,b1,y14,y13,,386.271316,,,,,,
37,RLSLESEGAAEGAAASPELSALEEAFR,RLSLESEGAGEGAAASPELSALEEAFR,G to A,0,0.999,3,S3,fcb3,b0,b1,y28,y27,b0,b1,y28,y27,,386.271316,,,,386.271316,,
38,PVFVDLEPTVIDEVR,AVFVDLEPTVIDEVR,A to P,0,0.333,2,S3,fcb3,b0,b1,y16,y15,b0,b1,y16,y15,,,,,,301.207316,,
39,PVFVDLEPTVIDEVR,AVFVDLEPTVIDEVR,A to P,0,0.333,2,S3,fcb3,b0,b1,y16,y15,b0,b1,y16,y15,,,,,,301.207316,,
40,QVFVDLEPTVIDEVR,AVFVDLEPTVIDEVR,A to Q,0,0.333,2,S3,fcb3,b0,b1,y16,y15,b0,b1,y16,y15,,,,,,301.207316,,
41,NVFVDLEPTVIDEVR,AVFVDLEPTVIDEVR,A to N,0,0.333,2,S3,fcb3,b0,b1,y16,y15,b0,b1,y16,y15,,,,,,301.207316,,
42,QYTWGVVQVENENHCDFVK,QYPWGVVQVENENHCDFVK,P to T,0,0.995,3,S3,fcb3,b0,b1,y20,y19,b0,b1,y20,y19,,358.22878599999996,,,,358.22878599999996,,
43,AILVDLEPGQMDSVR,AILVDLEPGTMDSVR,T to Q,2,0.189,2,S3,fcb3,b2,b3,y14,y13,b2,b3,y14,y13,414.29137599999996,527.375436,1587.804641,1474.720581,414.29137599999996,527.375436,1544.798841,1431.7147810000001
0,VGPHAGEYGAEALER,VGAHAGEYGAEALER,A to P,2,0.332,3,S4,fcb4,b2,b3,y14,y13,b2,b3,y14,y13,,,,1399.6600310000001,386.26007599999997,457.29718599999995,1430.665841,1373.644381
1,VGAHANEYGAEALER,VGAHAGEYGAEALER,G to N,0,0.984,3,S4,fcb4,b0,b1,y16,y15,b0,b1,y16,y15,,329.238616,,,,329.238616,,
2,VQAHAGEYGAEALER,VGAHAGEYGAEALER,G to Q,1,0.248,3,S4,fcb4,b1,b2,y15,y14,b1,b2,y15,y14,329.238616,457.297196,,,329.238616,386.26007599999997,,1430.665841
3,SADTLSDIQK,SADTLWDIQK,W to S,2,0.489,2,S4,fcb4,b2,b3,y9,y8,b2,b3,y9,y8,388.239346,503.266286,1219.673131,1148.636021,388.239346,503.266286,1318.720411,1247.683301
4,SADDLWDIQK,SADTLWDIQK,T to D,0,0.333,2,S4,fcb4,b0,b1,y11,y10,b0,b1,y11,y10,,317.20223599999997,,,,317.20223599999997,,
5,MQVNNEEVVVGDLVEIK,MQVNAEEVVVGDLVEIK,A to N,2,0.26,3,S4,fcb4,b2,b3,y16,y15,b2,b3,y16,y15,489.26927599999993,588.3376860000001,,,489.26927599999993,588.3376860000001,,
6,TLNEADCATLPPAIR,TLNEADCATVPPAIR,V to I/L,0,1.0,2,S4,fcb4,b0,b1,y16,y15,b0,b1,y16,y15,,331.21788599999996,,,,331.21788599999996,,
7,SAVTALSGK,SAVTALWGK,W to S,0,1.0,2,S4,fcb4,b0,b1,y10,y9,b0,b1,y10,y9,,317.20223599999997,,,,317.20223599999997,,
8,MYGVLTWNAFPGK,MYGVLPWNAFPGK,P to T,0,0.027,3,S4,fcb4,b0,b1,y14,y13,b0,b1,y14,y13,,361.210696,,,,361.210696,,
9,DFTPVGTTELGR,DFTPVCTTELGR,C to G,0,0.985,2,S4,fcb4,b0,b1,y13,y12,b0,b1,y13,y12,,345.197146,,,,345.197146,,
10,NQSQLSADDLK,NQWQLSADDLK,W to S,0,0.993,2,S4,fcb4,b0,b1,y12,y11,b0,b1,y12,y11,,344.21313599999996,,,,344.21313599999996,,
11,LSGDSGIQECFNR,LWGDSGIQECFNR,W to S,1,0.976,2,S4,fcb4,b1,b2,y13,y12,b1,b2,y13,y12,343.254266,430.28629599999994,,1369.580091,343.254266,529.333576,,1468.627371
12,KAEGVALTNATGVVESTSQAGDR,KAEGVALTNATGAVESTSQAGDR,A to V,1,0.979,3,S4,fcb4,b1,b2,y23,y22,b1,b2,y23,y22,,,,,587.428096,658.4652060000001,,
13,MYGPLPWNAFPGK,MYGVLPWNAFPGK,V to P,1,0.07,2,S4,fcb4,b1,b2,y13,y12,b1,b2,y13,y12,361.210696,524.274026,,1575.852081,361.210696,524.274026,,1577.867731
14,AHIDLGCAADVEAVQTGLDLLEILR,AHITLGCAADVEAVQTGLDLLEILR,T to D,3,0.166,3,S4,fcb4,b3,b4,y23,y22,b3,b4,y23,y22,,,,,551.350286,652.397966,,
15,LLVVYTWTQR,LLVVYPWTQR,P to T,0,0.286,2,S4,fcb4,b0,b1,y11,y10,b0,b1,y11,y10,,343.254266,,,,343.254266,,
16,QVTSTASTFVK,QATSTASTFVK,A to V,1,0.989,2,S4,fcb4,b1,b2,y11,y10,b1,b2,y11,y10,358.22878599999996,457.297196,,1269.725171,358.22878599999996,429.26589599999994,,1241.6938710000002
17,AGVAAPATQVVQVTLQSVQR,AGVAAPATQVAQVTLQSVQR,A to V,0,0.983,3,S4,fcb4,b0,b1,y21,y20,b0,b1,y21,y20,,,,,,,,
18,HMAGAAAAGAVVGGLGGYVLGSAMSR,HMAGAAAAGAVVGGLGGYMLGSAMSR,M to V,2,0.914,3,S4,fcb4,b2,b3,y25,y24,b2,b3,y25,y24,,569.306716,,,,569.306716,,
19,NHFPLATYAPVISAEK,IHFPLATYAPVISAEK,I to N,0,0.124,3,S4,fcb4,b0,b1,y17,y16,b0,b1,y17,y16,,,,,,,,
20,NMTEAEQQQLIDDHFLFDK,SMTEAEQQQLIDDHFLFDK,S to N,0,0.49,3,S4,fcb4,b0,b1,y20,y19,b0,b1,y20,y19,,,,,,,,
21,APQAQPTPGPGPAGVK,APQAQPAPGPGPAGVK,A to T,1,0.5,2,S4,fcb4,b1,b2,y16,y15,b1,b2,y16,y15,301.207316,,,1630.9113810000001,301.207316,,,1600.900811
22,PGAHLQGGAK,AGAHLQGGAK,A to P,0,0.292,3,S4,fcb4,b0,b1,y11,y10,b0,b1,y11,y10,,,,,,301.207316,,
23,PGAHLQGGAK,AGAHLQGGAK,A to P,0,0.292,3,S4,fcb4,b0,b1,y11,y10,b0,b1,y11,y10,,,,,,301.207316,,
24,SLHDAICIVR,SLHDAIMIVR,M to C,0,0.999,3,S4,fcb4,b0,b1,y11,y10,b0,b1,y11,y10,,,,,,,,
25,DLYAMTVLSGGTTMYPGIADR,DLYANTVLSGGTTMYPGIADR,N to M,2,0.246,3,S4,fcb4,b2,b3,y20,y19,b2,b3,y20,y19,,621.3445360000001,,,,392.181606,,
26,ILTITGPTDAIFK,IVTITGPTDAIFK,V to I/L,0,0.992,2,S4,fcb4,b0,b1,y14,y13,b0,b1,y14,y13,,343.254266,,,,343.254266,,
27,PGAHLQGGAK,AGAHLQGGAK,A to P,0,0.025,3,S4,fcb4,b0,b1,y11,y10,b0,b1,y11,y10,,,,,,301.207316,,
28,RAMQEFMILPVGAANFR,LAMQEFMILPVGAANFR,L to R,0,0.167,3,S4,fcb4,b0,b1,y18,y17,b0,b1,y18,y17,,,,,,,,
29,SGPFGQIFRPDNFVFGQSGAGNNSAK,SGPFGQIFRPDNFVFGQSGAGNNWAK,W to S,1,0.923,3,S4,fcb4,b1,b2,y26,y25,b1,b2,y26,y25,317.20223599999997,374.22369599999996,,,,374.22369599999996,,
30,SGPFGQIFRPDNFVFGQSGAGNNDAK,SGPFGQIFRPDNFVFGQSGAGNNWAK,W to D,0,0.481,3,S4,fcb4,b0,b1,y27,y26,b0,b1,y27,y26,,,,,,,,
31,SGPFGQIFRPDNFTFGQSGAGNNWAK,SGPFGQIFRPDNFVFGQSGAGNNWAK,V to T,0,0.022,3,S4,fcb4,b0,b1,y27,y26,b0,b1,y27,y26,,317.20223599999997,,,,,,
32,LAAENGWGVMVSHR,LAQENGWGVMVSHR,Q to A,2,0.2,3,S4,fcb4,b2,b3,y13,y12,b2,b3,y13,y12,,,,,,542.349956,,1415.648431
33,AMEAVAAGGK,AMEAVAAQGK,Q to G,4,0.017,2,S4,fcb4,b4,b5,y7,y6,b4,b5,y7,y6,632.327506,731.395916,802.4983910000001,731.4612810000001,632.327506,731.395916,873.535511,802.4984010000001
34,TMQGSEVVSVLK,TMQGSEVVNVLK,N to S,0,0.998,2,S4,fcb4,b0,b1,y13,y12,b0,b1,y13,y12,,331.21788599999996,,,,331.21788599999996,,
35,AGIHDLVLVGGSTR,AQIHDLVLVGGSTR,Q to G,1,0.329,3,S4,fcb4,b1,b2,y14,y13,b1,b2,y14,y13,,,,,,,,
36,LAAENGWGVMVSHR,LAQENGWGVMVSHR,Q to A,2,0.167,3,S4,fcb4,b2,b3,y13,y12,b2,b3,y13,y12,,,,,,542.349956,,1415.648431
37,AGGVFLEELGNHK,AGQVFLEELGNHK,Q to G,2,0.25,3,S4,fcb4,b2,b3,y12,y11,b2,b3,y12,y11,,,,,,486.287356,,
38,LDEHQGEGTTPCTSSILQEK,LDEHQGEGTAPCTSSILQEK,A to T,0,0.996,3,S4,fcb4,b0,b1,y21,y20,b0,b1,y21,y20,,,,,,343.254266,,
39,NSSYFPEWIPNNVK,NSSYFVEWIPNNVK,V to P,0,0.324,2,S4,fcb4,b0,b1,y15,y14,b0,b1,y15,y14,,344.21313599999996,,,,344.21313599999996,,
40,FTVGDHSR,FTIGDHSR,I to V,0,1.0,3,S4,fcb4,b0,b1,y9,y8,b0,b1,y9,y8,,377.238616,,,,377.238616,,
41,QEQVDNQTR,QEQIDNQTR,I to V,0,1.0,2,S4,fcb4,b0,b1,y10,y9,b0,b1,y10,y9,,358.22878599999996,,,,358.22878599999996,,
42,GLTSIVNEK,GLTSIQNEK,Q to V,0,0.992,2,S4,fcb4,b0,b1,y10,y9,b0,b1,y10,y9,,287.191666,,,,287.191666,,
43,TSIAVDTIINQK,TSIAIDTIINQK,I to V,0,0.999,2,S4,fcb4,b0,b1,y13,y12,b0,b1,y13,y12,,331.21788599999996,,,,331.21788599999996,,
44,NTGQGCVCSNQFLVQR,NTGQTCVCSNQFLVQR,T to G,0,0.999,2,S4,fcb4,b0,b1,y17,y16,b0,b1,y17,y16,,344.21313599999996,,,,344.21313599999996,,
45,EPNQQQQFNR,EANQQQQFNR,A to P,1,0.333,2,S4,fcb4,b1,b2,y10,y9,b1,b2,y10,y9,,227.102626,,,359.21279599999997,430.24990599999995,,1133.5446510000002
46,YNDDCVQGLTHSK,YNTDCVQGLTHSK,T to D,2,0.25,3,S4,fcb4,b2,b3,y12,y11,b2,b3,y12,y11,,,,,507.27646599999997,,,
47,AFDQGADAIYDHVNEGK,AFDQGADAIYDHINEGK,I to V,1,0.5,3,S4,fcb4,b1,b2,y17,y16,b1,b2,y17,y16,301.207316,448.275726,,,301.207316,448.275726,,
48,YLADASTMDHAR,YLATASTMDHAR,T to D,3,0.25,3,S4,fcb4,b3,b4,y10,y9,b3,b4,y10,y9,,692.381646,,,577.3547060000001,678.402386,1060.484011,989.4469010000001
49,AVLVDLEPGQMDSVR,AVLVDLEPGTMDSVR,T to Q,0,0.033,3,S4,fcb4,b0,b1,y16,y15,b0,b1,y16,y15,,,,,,301.207316,,
50,EDDAALEK,EDMAALEK,M to D,0,1.0,2,S4,fcb4,b0,b1,y9,y8,b0,b1,y9,y8,,359.21279599999997,,,,359.21279599999997,,
51,AFDQGADAIYDHVNEGK,AFDQGADAIYDHINEGK,I to V,0,0.998,3,S4,fcb4,b0,b1,y18,y17,b0,b1,y18,y17,,301.207316,,,,301.207316,,
52,SDTEAEQQQLIDDHFLFDK,SMTEAEQQQLIDDHFLFDK,M to D,1,0.486,3,S4,fcb4,b1,b2,y19,y18,b1,b2,y19,y18,,432.229176,,,,464.237626,,
53,PITIANQTNCPLYITK,AITIANQTNCPLYITK,A to P,0,0.249,2,S4,fcb4,b0,b1,y17,y16,b0,b1,y17,y16,,,,,,,,
54,AILVDLEPGQMDSVR,AILVDLEPGTMDSVR,T to Q,2,0.125,2,S4,fcb4,b2,b3,y14,y13,b2,b3,y14,y13,414.29137599999996,527.375436,1587.804641,1474.720581,414.29137599999996,527.375436,1544.798841,1431.7147810000001
55,VGINYQPPTVVPQGDLAK,VGINYQPPTVVPGGDLAK,G to Q,5,0.013,2,S4,fcb4,b5,b6,y14,y13,b5,b6,y14,y13,776.450396,904.508976,,1578.9052410000002,776.450396,904.508976,1670.9314510000002,1507.868121
56,NHEAQDAGYR,AHEAQDAGYR,A to N,0,0.5,2,S4,fcb4,b0,b1,y11,y10,b0,b1,y11,y10,,,,,,,,
57,EDTAALEK,EDMAALEK,M to T,0,0.997,2,S4,fcb4,b0,b1,y9,y8,b0,b1,y9,y8,,359.21279599999997,,,,359.21279599999997,,
58,TSPSIGSLCADAR,TSASIGSLCADAR,A to P,2,0.333,2,S4,fcb4,b2,b3,y12,y11,b2,b3,y12,y11,,286.139746,1233.589191,,418.249916,489.287026,1207.573541,1120.5415110000001
59,SSEEAETQCR,SWEEAETQCR,W to S,1,0.989,2,S4,fcb4,b1,b2,y10,y9,b1,b2,y10,y9,317.20223599999997,404.234266,,1109.452771,317.20223599999997,503.281546,,1208.500051
60,VFEISPFETWITR,VFEISPFEPWITR,P to T,0,0.254,3,S4,fcb4,b0,b1,y14,y13,b0,b1,y14,y13,,,,,,329.238616,,
61,SVATGSSEAAGGASGGGAR,SVATGSSETAGGASGGGAR,T to A,0,1.0,2,S4,fcb4,b0,b1,y20,y19,b0,b1,y20,y19,,,,,,,,
62,ILITWLLSPESLDIK,ILIPWLLSPESLDIK,P to T,0,0.495,3,S4,fcb4,b0,b1,y16,y15,b0,b1,y16,y15,,343.254266,,,,343.254266,,
63,SSMSPTTNVLLSPLSVATALSALSLGAEQR,SSTSPTTNVLLSPLSVATALSALSLGAEQR,T to M,0,0.011,3,S4,fcb4,b0,b1,y31,y30,b0,b1,y31,y30,,317.20223599999997,,,,,,
64,YLATASQMDHAR,YLATASTMDHAR,T to Q,0,0.018,3,S4,fcb4,b0,b1,y13,y12,b0,b1,y13,y12,,,,,,393.233536,,
65,TQATADSTK,MQATADSTK,M to T,0,0.5,2,S4,fcb4,b0,b1,y10,y9,b0,b1,y10,y9,,,,,,174.05836599999998,,
66,GDSAPAAAK,GDSAPATAK,T to A,0,1.0,2,S4,fcb4,b0,b1,y10,y9,b0,b1,y10,y9,,287.191666,,,,287.191666,,
67,AEGAPNQGK,AEGTPNQGK,T to A,0,1.0,2,S4,fcb4,b0,b1,y10,y9,b0,b1,y10,y9,,301.207316,,,,301.207316,,
68,EDTAALEK,EDMAALEK,M to T,0,1.0,2,S4,fcb4,b0,b1,y9,y8,b0,b1,y9,y8,,359.21279599999997,,,,359.21279599999997,,
69,TCSFDFTGAVEDISK,TCGFDFTGAVEDISK,G to S,0,0.25,3,S4,fcb4,b0,b1,y16,y15,b0,b1,y16,y15,,,,,,331.21788599999996,,
70,YDDMAAATK,YDDMAAAMK,M to T,1,0.99,2,S4,fcb4,b1,b2,y9,y8,b1,b2,y9,y8,393.233536,508.260476,,1051.529111,393.233536,508.260476,,1097.516821
71,QLAEEDAAQQR,QLAEEDLAQQR,L to A,0,1.0,2,S4,fcb4,b0,b1,y12,y11,b0,b1,y12,y11,,358.22878599999996,,,,358.22878599999996,,
72,DCEQAENSMAAR,DCEQAENWMAAR,W to S,1,0.5,2,S4,fcb4,b1,b2,y12,y11,b1,b2,y12,y11,345.197146,505.227796,,1266.520141,345.197146,505.227796,,1365.567421
73,PLEAELAALR,ALEAELAALR,A to P,0,0.5,2,S4,fcb4,b0,b1,y11,y10,b0,b1,y11,y10,,,,,,301.207316,,
74,ENTDLAGELR,ENADLAGELR,A to T,0,0.99,2,S4,fcb4,b0,b1,y11,y10,b0,b1,y11,y10,,359.21279599999997,,,,359.21279599999997,,
75,AGTEWNTGTWR,AQTEWNTGTWR,Q to G,1,0.5,2,S4,fcb4,b1,b2,y11,y10,b1,b2,y11,y10,301.207316,358.228776,,,301.207316,429.26589599999994,,1278.5861710000001
76,DCEQAENSMAAR,DCEQAENWMAAR,W to S,1,0.494,2,S4,fcb4,b1,b2,y12,y11,b1,b2,y12,y11,345.197146,505.227796,,1266.520141,345.197146,505.227796,,1365.567421
77,SSQESGEEAGSQENHPQESK,SSQESGEETGSQENHPQESK,T to A,0,0.249,3,S4,fcb4,b0,b1,y21,y20,b0,b1,y21,y20,,317.20223599999997,,,,317.20223599999997,,
78,IGAADYQPDEQDILR,IGAADYQPTEQDILR,T to D,1,0.493,2,S4,fcb4,b1,b2,y15,y14,b1,b2,y15,y14,343.254266,400.27572599999996,,1590.739411,343.254266,400.27572599999996,,1576.7601510000002
79,AGEGDATIHLK,AGEQDATIHLK,Q to G,3,0.2,3,S4,fcb4,b3,b4,y9,y8,b3,b4,y9,y8,,,,,,,,1154.6730710000002
80,ANSEAQQR,ANWEAQQR,W to S,0,0.999,2,S4,fcb4,b0,b1,y9,y8,b0,b1,y9,y8,,301.207316,,,,301.207316,,
81,QTAASAGLVDAAAPAPAAAR,QTAASAGLVDAPAPAPAAAR,P to A,0,0.016,3,S4,fcb4,b0,b1,y21,y20,b0,b1,y21,y20,,358.22878599999996,,,,358.22878599999996,,
82,AAATSPDSGAK,ATATSPDSGAK,T to A,0,0.997,2,S4,fcb4,b0,b1,y12,y11,b0,b1,y12,y11,,301.207316,,,,301.207316,,
83,PYGENIGYSEK,AYGENIGYSEK,A to P,0,0.5,2,S4,fcb4,b0,b1,y12,y11,b0,b1,y12,y11,,,,,,301.207316,,
84,PYGENIGYSEK,AYGENIGYSEK,A to P,0,0.5,2,S4,fcb4,b0,b1,y12,y11,b0,b1,y12,y11,,,,,,301.207316,,
85,SDSELNNEVAAR,SDSELNSEVAAR,S to N,2,0.96,2,S4,fcb4,b2,b3,y11,y10,b2,b3,y11,y10,432.229176,519.261206,1217.575651,1102.5487110000001,432.229176,519.261206,1190.5647510000001,1075.5378110000001
86,TQSIYDDTK,TQSIYDDMK,M to T,0,1.0,2,S4,fcb4,b0,b1,y10,y9,b0,b1,y10,y9,,331.21788599999996,,,,331.21788599999996,,
87,PDALQAGASQFETSAAK,ADALQAGASQFETSAAK,A to P,0,0.25,2,S4,fcb4,b0,b1,y18,y17,b0,b1,y18,y17,,,,,,,,
88,PDALQAGASQFETSAAK,ADALQAGASQFETSAAK,A to P,0,0.25,2,S4,fcb4,b0,b1,y18,y17,b0,b1,y18,y17,,,,,,,,
89,NRPTSISSDGLDSGK,NRPTSISWDGLDSGK,W to S,5,0.317,3,S4,fcb4,b5,b6,y11,y10,b5,b6,y11,y10,,,1294.668771,,,,,1306.684021
90,GVDAQGTSSK,GVDAQGTLSK,L to S,0,0.996,2,S4,fcb4,b0,b1,y11,y10,b0,b1,y11,y10,,287.191666,,,,287.191666,,
91,ETEELQSQAQALSQEGK,EIEELQSQAQALSQEGK,I to T,1,0.195,3,S4,fcb4,b1,b2,y17,y16,b1,b2,y17,y16,359.21279599999997,,,,359.21279599999997,472.296856,,
92,PAFTECCQAADK,AAFTECCQAADK,A to P,0,0.333,2,S4,fcb4,b0,b1,y13,y12,b0,b1,y13,y12,,,,,,,,
93,PAFTECCQAADK,AAFTECCQAADK,A to P,0,0.333,2,S4,fcb4,b0,b1,y13,y12,b0,b1,y13,y12,,,,,,,,
94,SQGGEPDYNVAVGR,SQGGEPTYNVAVGR,T to D,1,0.333,2,S4,fcb4,b1,b2,y14,y13,b1,b2,y14,y13,317.20223599999997,445.26081600000003,,1361.644391,317.20223599999997,445.26081600000003,,1347.6651310000002
95,TTGIVMDSGDGVQHTVPIYEGYALPHAILR,TTGIVMDSGDGVTHTVPIYEGYALPHAILR,T to Q,4,0.036,4,S4,fcb4,b4,b5,y27,y26,b4,b5,y27,y26,,472.276566,,,602.371086,,,
96,ENAEQGEVDVESHR,ENAEQGEVDMESHR,M to V,0,0.974,3,S4,fcb4,b0,b1,y15,y14,b0,b1,y15,y14,,,,,,,,
97,LLEGEEDR,LLEGEEER,E to D,0,1.0,2,S4,fcb4,b0,b1,y9,y8,b0,b1,y9,y8,,343.254266,,,,343.254266,,
98,VMQVVDEK,IMQVVDEK,I to V,0,0.991,2,S4,fcb4,b0,b1,y9,y8,b0,b1,y9,y8,,329.238616,,,,343.254266,,
99,PDDPTMGEGPDK,ADDPTMGEGPDK,A to P,0,0.498,2,S4,fcb4,b0,b1,y13,y12,b0,b1,y13,y12,,,,,,301.207316,,
100,GSASIGSLCADAR,TSASIGSLCADAR,T to G,0,0.858,2,S4,fcb4,b0,b1,y14,y13,b0,b1,y14,y13,,287.191666,,,,331.21788599999996,,
101,EAATSNTNTLNR,EAAASNTNTLNR,A to T,0,0.999,2,S4,fcb4,b0,b1,y13,y12,b0,b1,y13,y12,,359.21279599999997,,,,359.21279599999997,,
102,ELVDDSLNNVR,ELVDDSVNNVR,V to I/L,0,0.997,2,S4,fcb4,b0,b1,y12,y11,b0,b1,y12,y11,,359.21279599999997,,,,359.21279599999997,,
103,AGFEGIVTDLIR,AQFEGIVTDLIR,Q to G,1,0.023,2,S4,fcb4,b1,b2,y12,y11,b1,b2,y12,y11,,358.228776,,,301.207316,429.26589599999994,,1290.705201
104,QVTEQGAELSNEER,SVTEQGAELSNEER,S to Q,0,0.498,2,S4,fcb4,b0,b1,y15,y14,b0,b1,y15,y14,,,,,,317.20223599999997,,
105,NVTEQGAELSNEER,SVTEQGAELSNEER,S to N,0,0.495,2,S4,fcb4,b0,b1,y15,y14,b0,b1,y15,y14,,,,,,317.20223599999997,,
106,DSPETEESPAPEPR,DSPETEENPAPEPR,N to S,0,0.999,2,S4,fcb4,b0,b1,y15,y14,b0,b1,y15,y14,,345.197146,,,,345.197146,,
107,EEIPEEELDEDVEEIDHAER,EEIPEEELAEDVEEIDHAER,A to D,0,1.0,3,S4,fcb4,b0,b1,y21,y20,b0,b1,y21,y20,,,,,,359.21279599999997,,
108,NADAQEDLR,GADAQEDLR,G to N,0,0.499,2,S4,fcb4,b0,b1,y10,y9,b0,b1,y10,y9,,,,,,,,
109,FPDLTDAAAR,FADLTDAAAR,A to P,0,0.995,2,S4,fcb4,b0,b1,y11,y10,b0,b1,y11,y10,,,,,,377.238616,,
110,FPDLTDAAAR,FADLTDAAAR,A to P,1,0.632,2,S4,fcb4,b1,b2,y10,y9,b1,b2,y10,y9,,245.128446,,929.4686610000001,377.238616,448.275726,,903.4530110000001
111,LLEGEEDR,LLEGEEER,E to D,0,1.0,2,S4,fcb4,b0,b1,y9,y8,b0,b1,y9,y8,,343.254266,,,,343.254266,,
112,EGGQTAPASSR,EGGQTAPASTR,T to S,0,0.5,2,S4,fcb4,b0,b1,y12,y11,b0,b1,y12,y11,,359.21279599999997,,,,359.21279599999997,,
113,AEDEENEK,AEAEENEK,A to D,0,1.0,2,S4,fcb4,b0,b1,y9,y8,b0,b1,y9,y8,,301.207316,,,,301.207316,,
114,DQNSDDVSK,DQLSDDVSK,L to N,0,0.091,2,S4,fcb4,b0,b1,y10,y9,b0,b1,y10,y9,,345.197146,,,,345.197146,,
115,QVTEQGAELSNEER,SVTEQGAELSNEER,S to Q,0,0.499,2,S4,fcb4,b0,b1,y15,y14,b0,b1,y15,y14,,,,,,317.20223599999997,,
116,DTEEEDFHVDQATTVK,DTEEEDFHVDQVTTVK,V to A,0,1.0,3,S4,fcb4,b0,b1,y17,y16,b0,b1,y17,y16,,345.197146,,,,345.197146,,
117,FFESFGDLSTPDAVTGNPK,FFESFGDLSTPDAVMGNPK,M to T,0,0.999,3,S4,fcb4,b0,b1,y20,y19,b0,b1,y20,y19,,377.238616,,,,377.238616,,
118,LFEEDPAVGAIVLTGGDK,TFEEDPAVGAIVLTGGDK,T to I/L,0,0.2,3,S4,fcb4,b0,b1,y19,y18,b0,b1,y19,y18,,343.254266,,,,,,
119,DSPETEESPAPEPR,DSPETEENPAPEPR,N to S,0,0.999,2,S4,fcb4,b0,b1,y15,y14,b0,b1,y15,y14,,345.197146,,,,345.197146,,
120,ASGNNQDGVVASQPAR,AWGNNQDGVVASQPAR,W to S,0,0.456,2,S4,fcb4,b0,b1,y17,y16,b0,b1,y17,y16,,301.207316,,,,301.207316,,
121,GYPGVQGPEDLEWER,GYPGVQAPEDLEWER,A to G,0,0.624,2,S4,fcb4,b0,b1,y16,y15,b0,b1,y16,y15,,287.191666,,,,287.191666,,
122,DNPLLAQLIQDK,DNALLAQLIQDK,A to P,2,0.249,3,S4,fcb4,b2,b3,y11,y10,b2,b3,y11,y10,,,,,,530.277186,1455.873221,1341.830291
123,AVLVDLEPGTEDSVR,AVLVDLEPGTMDSVR,M to E,3,0.2,2,S4,fcb4,b3,b4,y13,y12,b3,b4,y13,y12,513.359786,612.4281960000001,1429.716881,1316.6328210000001,513.359786,612.4281960000001,1431.7147810000001,1318.630721
124,AYHEQLSVAEITNACFEPAMQMVK,AYHEQLSVAEITNACFEPANQMVK,N to M,2,0.247,3,S4,fcb4,b2,b3,y23,y22,b2,b3,y23,y22,,,,,,601.329556,,
125,PVCMLSNTTAIAEAWAR,AVCMLSNTTAIAEAWAR,A to P,0,0.314,3,S4,fcb4,b0,b1,y18,y17,b0,b1,y18,y17,,,,,,301.207316,,
126,GIQEEDEALVK,GIQEEMEALVK,M to D,0,0.99,2,S4,fcb4,b0,b1,y12,y11,b0,b1,y12,y11,,287.191666,,,,287.191666,,
127,DDDIAALVVDNGSGTCK,DDDIAALVVDNGSGMCK,M to T,1,0.691,2,S4,fcb4,b1,b2,y17,y16,b1,b2,y17,y16,,,,,,,,
0,EDTAALEK,EDMAALEK,M to T,0,1.0,2,S5,fcb5,b0,b1,y9,y8,b0,b1,y9,y8,,359.21279599999997,,,,359.21279599999997,,
1,MDEMQFVAVTSTNAAK,MDENQFVAVTSTNAAK,N to M,3,0.019,2,S5,fcb5,b3,b4,y14,y13,b3,b4,y14,y13,,,,,605.280226,719.323156,1708.906711,1579.864121
2,LYTWGVVEVENPEHNDFLK,LYPWGVVEVENPEHNDFLK,P to T,0,0.444,3,S5,fcb5,b0,b1,y20,y19,b0,b1,y20,y19,,343.254266,,,,343.254266,,
3,QASVSGPAPPK,QTSVSGPAPPK,T to A,0,0.992,2,S5,fcb5,b0,b1,y12,y11,b0,b1,y12,y11,,358.22878599999996,,,,358.22878599999996,,
4,LLVVYTWTQR,LLVVYPWTQR,P to T,0,0.324,2,S5,fcb5,b0,b1,y11,y10,b0,b1,y11,y10,,343.254266,,,,343.254266,,
5,AHIDLGCAADVEAVQTGLDLLEILR,AHITLGCAADVEAVQTGLDLLEILR,T to D,3,0.165,3,S5,fcb5,b3,b4,y23,y22,b3,b4,y23,y22,,,,,,,,
6,IHFPLADYAPVISAEK,IHFPLATYAPVISAEK,T to D,6,0.016,3,S5,fcb5,b6,b7,y11,y10,b6,b7,y11,y10,,,,,908.555516,,1378.777921,1307.7408110000001
7,AHIDLGCAADVEAVQTGLDLLEILR,AHITLGCAADVEAVQTGLDLLEILR,T to D,3,0.165,3,S5,fcb5,b3,b4,y23,y22,b3,b4,y23,y22,,,,,,,,
8,VAVDALSGLK,VVVDALSGLK,V to A,0,0.996,2,S5,fcb5,b0,b1,y11,y10,b0,b1,y11,y10,,329.238616,,,,329.238616,,
9,GADIMYTGTPDCWR,GADIMYTGTVDCWR,V to P,1,0.016,2,S5,fcb5,b1,b2,y14,y13,b1,b2,y14,y13,287.191666,358.228776,,,287.191666,358.228776,,1587.693011
10,LAAENGWGVMVSHR,LAQENGWGVMVSHR,Q to A,2,0.152,3,S5,fcb5,b2,b3,y13,y12,b2,b3,y13,y12,,,,,,,,
11,LAAENGWGVMVSHR,LAQENGWGVMVSHR,Q to A,2,0.166,3,S5,fcb5,b2,b3,y13,y12,b2,b3,y13,y12,,,,,,,,
12,LAQEGGWGVMVSHR,LAQENGWGVMVSHR,N to G,1,0.33,3,S5,fcb5,b1,b2,y14,y13,b1,b2,y14,y13,,414.29137599999996,,,343.254266,,,
13,NLFPENLVQACFCQIQTVTK,NLFPENLVQACFQQIQTVTK,Q to C,1,0.031,3,S5,fcb5,b1,b2,y20,y19,b1,b2,y20,y19,,,,,344.21313599999996,457.29719599999993,,
14,LAAENGWGVMVSHR,LAQENGWGVMVSHR,Q to A,1,0.199,3,S5,fcb5,b1,b2,y14,y13,b1,b2,y14,y13,,,,,343.254266,,,
15,DGGADGTEQR,DGGAWGTEQR,W to D,1,0.5,2,S5,fcb5,b1,b2,y10,y9,b1,b2,y10,y9,345.197146,,,890.3962310000001,345.197146,402.21860599999997,,961.448601
16,EQLYTTASLK,EQLYTPASLK,P to T,0,0.997,2,S5,fcb5,b0,b1,y11,y10,b0,b1,y11,y10,,359.21279599999997,,,,359.21279599999997,,
17,FFDSFGDLSTPDAVMGNPK,FFESFGDLSTPDAVMGNPK,E to D,2,0.026,3,S5,fcb5,b2,b3,y18,y17,b2,b3,y18,y17,,,,,524.3070260000001,653.349616,,
18,YLSTASTMDHAR,YLATASTMDHAR,A to S,0,0.983,3,S5,fcb5,b0,b1,y13,y12,b0,b1,y13,y12,,,,,,393.233536,,
19,AGGVFLEELGNHK,AGQVFLEELGNHK,Q to G,2,0.472,3,S5,fcb5,b2,b3,y12,y11,b2,b3,y12,y11,,415.250236,,,,486.287356,,
20,VEEEGQSLK,LEEEGQSLK,L to V,0,0.544,2,S5,fcb5,b0,b1,y10,y9,b0,b1,y10,y9,,329.238616,,,,343.254266,,
21,EDDAALEK,EDMAALEK,M to D,0,1.0,2,S5,fcb5,b0,b1,y9,y8,b0,b1,y9,y8,,,,,,359.21279599999997,,
22,EANALAAGHPAQAAAINAR,EANALAAGHPAQAVAINAR,V to A,0,0.998,3,S5,fcb5,b0,b1,y20,y19,b0,b1,y20,y19,,,,,,359.21279599999997,,
23,LCYVALDFENEMTTAASSSSLEK,LCYVALDFENEMATAASSSSLEK,A to T,1,0.448,3,S5,fcb5,b1,b2,y23,y22,b1,b2,y23,y22,343.254266,,,,,503.284916,,
24,TVASPGVTVDEAVEQIDIGGVTLLR,TVASPGVTVEEAVEQIDIGGVTLLR,E to D,1,0.017,3,S5,fcb5,b1,b2,y25,y24,b1,b2,y25,y24,331.21788599999996,430.28629599999994,,,331.21788599999996,430.28629599999994,,
25,EVDEQTLNVQNK,EVDEQMLNVQNK,M to T,0,0.985,3,S5,fcb5,b0,b1,y13,y12,b0,b1,y13,y12,,359.21279599999997,,,,359.21279599999997,,
26,EDTAALEK,EDMAALEK,M to T,0,1.0,2,S5,fcb5,b0,b1,y9,y8,b0,b1,y9,y8,,359.21279599999997,,,,359.21279599999997,,
27,KDEAPAAPAAQETK,KTEAPAAPAAQETK,T to D,1,0.329,3,S5,fcb5,b1,b2,y14,y13,b1,b2,y14,y13,,,,,587.428096,688.475776,,1513.8059210000001
28,ALPFWMEEIVPQIK,ALPFWNEEIVPQIK,N to M,3,0.199,3,S5,fcb5,b3,b4,y12,y11,b3,b4,y12,y11,,658.412546,1745.949751,1648.896991,,,,
29,SVATGSSEAAGGASGGGAR,SVATGSSETAGGASGGGAR,T to A,1,0.99,2,S5,fcb5,b1,b2,y19,y18,b1,b2,y19,y18,,,,,,,,
30,AEGVALTNATGVVESTSQAGDR,AEGVALTNATGAVESTSQAGDR,A to V,1,0.019,3,S5,fcb5,b1,b2,y22,y21,b1,b2,y22,y21,,430.24990599999995,,,,,,
31,GDSAPAAAK,GDSAPATAK,T to A,0,1.0,2,S5,fcb5,b0,b1,y10,y9,b0,b1,y10,y9,,287.191666,,,,287.191666,,
32,AEGAPNQGK,AEGTPNQGK,T to A,0,1.0,2,S5,fcb5,b0,b1,y10,y9,b0,b1,y10,y9,,301.207316,,,,301.207316,,
33,AEMEQGEQQR,AETEQGEQQR,T to M,0,1.0,2,S5,fcb5,b0,b1,y11,y10,b0,b1,y11,y10,,301.207316,,,,301.207316,,
34,VLGAFSDGLAHLDNVK,VLGAFSDGLAHLDNLK,L to V,1,0.49,3,S5,fcb5,b1,b2,y16,y15,b1,b2,y16,y15,329.238616,,,,329.238616,442.32267599999994,,
35,DVTWGVDSLITLAFQDQR,DVPWGVDSLITLAFQDQR,P to T,0,0.248,3,S5,fcb5,b0,b1,y19,y18,b0,b1,y19,y18,,345.197146,,,,345.197146,,
36,ILITWLLSPESLDIK,ILIPWLLSPESLDIK,P to T,0,0.481,3,S5,fcb5,b0,b1,y16,y15,b0,b1,y16,y15,,343.254266,,,,,,
37,QIVWNGTVGVFEWEAFAR,QIVWNGPVGVFEWEAFAR,P to T,3,0.199,3,S5,fcb5,b3,b4,y16,y15,b3,b4,y16,y15,570.381256,,,,570.381256,756.460566,,
38,SDGPPASDSKPGSSEAAPSSK,SDGAPASDSKPGSSEAAPSSK,A to P,3,0.012,3,S5,fcb5,b3,b4,y19,y18,b3,b4,y19,y18,,357.140466,,,489.25063599999993,560.2877460000001,,
39,SDGPPASDSKPGSSEAAPSSK,SDGAPASDSKPGSSEAAPSSK,A to P,3,0.01,3,S5,fcb5,b3,b4,y19,y18,b3,b4,y19,y18,,357.140466,,,489.25063599999993,560.2877460000001,,
40,NTSSAGSWNSGSSGPGSTGNR,NPSSAGSWNSGSSGPGSTGNR,P to T,0,0.031,3,S5,fcb5,b0,b1,y22,y21,b0,b1,y22,y21,,344.21313599999996,,,,344.21313599999996,,
41,ILITWLLSPESLDIK,ILIPWLLSPESLDIK,P to T,1,0.488,3,S5,fcb5,b1,b2,y15,y14,b1,b2,y15,y14,343.254266,456.338326,,,,456.338326,,
42,PGSAETESATK,AGSAETESATK,A to P,0,0.333,2,S5,fcb5,b0,b1,y12,y11,b0,b1,y12,y11,,,,,,301.207316,,
43,TSASIGSLCGDAR,TSASIGSLCADAR,A to G,1,0.333,2,S5,fcb5,b1,b2,y13,y12,b1,b2,y13,y12,,418.249916,,1193.557891,331.21788599999996,418.249916,,1207.573541
44,AQPVQVAEGSETDGFWEALGGK,AQPVQVAEGSEPDGFWEALGGK,P to T,0,0.033,3,S5,fcb5,b0,b1,y23,y22,b0,b1,y23,y22,,301.207316,,,,,,
45,QEYFVVASTLQDIIR,QEYFVVAATLQDIIR,A to S,0,1.0,3,S5,fcb5,b0,b1,y16,y15,b0,b1,y16,y15,,,,,,,,
46,GSASIGSLCADAR,TSASIGSLCADAR,T to G,0,0.986,2,S5,fcb5,b0,b1,y14,y13,b0,b1,y14,y13,,287.191666,,,,331.21788599999996,,
47,VAPEEHPVLLTEAPVNPK,VAPEEHPVLLTEAPLNPK,L to V,1,0.021,3,S5,fcb5,b1,b2,y18,y17,b1,b2,y18,y17,,,,,329.238616,400.275726,,
48,VAPEEHPVLLTESPLNPK,VAPEEHPVLLTEAPLNPK,A to S,0,0.951,3,S5,fcb5,b0,b1,y19,y18,b0,b1,y19,y18,,329.238616,,,,329.238616,,
49,LLEGEEDR,LLEGEEER,E to D,0,1.0,2,S5,fcb5,b0,b1,y9,y8,b0,b1,y9,y8,,343.254266,,,,343.254266,,
50,EAGEGGEPEAPAAEGGK,EAGEGGEAEAPAAEGGK,A to P,5,0.856,3,S5,fcb5,b5,b6,y13,y12,b5,b6,y13,y12,444.172486,,,,,,,1315.669081
51,AEDEENEK,AEAEENEK,A to D,0,1.0,2,S5,fcb5,b0,b1,y9,y8,b0,b1,y9,y8,,301.207316,,,,301.207316,,
52,PEGAATEEEGTPK,AEGAATEEEGTPK,A to P,0,0.497,2,S5,fcb5,b0,b1,y14,y13,b0,b1,y14,y13,,,,,,301.207316,,
53,TQTDSEAQESTATSDETK,TQTDSEVQESTATSDETK,V to A,6,0.873,3,S5,fcb5,b6,b7,y13,y12,b6,b7,y13,y12,891.425706,962.462816,,,891.425706,990.494116,,
54,PQGGQTQSPTK,AQGGQTQSPTK,A to P,0,0.5,2,S5,fcb5,b0,b1,y12,y11,b0,b1,y12,y11,,,,,,,,
55,AATASAGAGGVDGKPR,AATASAGAGGIDGKPR,I to V,1,0.987,2,S5,fcb5,b1,b2,y16,y15,b1,b2,y16,y15,,,,,,,,
56,PLAAELNQLR,ALAAELNQLR,A to P,0,0.5,2,S5,fcb5,b0,b1,y11,y10,b0,b1,y11,y10,,,,,,301.207316,,
57,GILAADESCGSIAK,GILAADESTGSIAK,T to C,0,0.249,2,S5,fcb5,b0,b1,y15,y14,b0,b1,y15,y14,,287.191666,,,,287.191666,,
