Tissue	aa_sub	n_saap	F	p	n_diseases	FDR	Significance
acg	G to Q	30	15.125410255098874	2.2617630879295803e-08	4	9.499404969304237e-07	***
acg	A to T	5	1.0012546399484608	0.4177062510722551	4	0.999996574891432	ns
acg	W to D	6	0.5755524256341886	0.6377276121199198	4	0.999996574891432	ns
acg	L to V	5	0.4329648974401622	0.732305431329009	4	0.999996574891432	ns
acg	A to V	3	0.3408784434567363	0.7966633551993438	4	0.999996574891432	ns
acg	N to S	5	0.19805866883533393	0.8961747508935508	4	0.999996574891432	ns
acg	T to S	4	0.19461216788243002	0.898045171110153	4	0.999996574891432	ns
acg	L to S	3	0.15952700484385984	0.9205793997151233	4	0.999996574891432	ns
acg	G to S	8	0.11163761239468892	0.9525777561509846	4	0.999996574891432	ns
acg	P to Q	4	0.07359474921007171	0.9730194004491327	4	0.999996574891432	ns
acg	V to L	13	0.06582187422261421	0.9777352734193391	4	0.999996574891432	ns
acg	Q to G	16	0.06248875356696807	0.9793889838182936	4	0.999996574891432	ns
acg	V to A	3	0.05864240932976442	0.9800760569817039	4	0.999996574891432	ns
acg	S to N	6	0.05562151048242297	0.9822443521082201	4	0.999996574891432	ns
acg	M to V	4	0.052866369572267854	0.9831952991611707	4	0.999996574891432	ns
acg	A to G	5	0.0524172472022253	0.9835886758144896	4	0.999996574891432	ns
acg	G to E	3	0.04424515314540771	0.9867139016219997	4	0.999996574891432	ns
acg	P to T	56	0.036688162075719226	0.9905750508826912	4	0.999996574891432	ns
acg	T to Q	6	0.0339112490969104	0.9913579915978569	4	0.999996574891432	ns
acg	L to M	3	0.029746726332740312	0.9925457027268352	4	0.999996574891432	ns
acg	T to A	3	0.029200908260186686	0.992745098461789	4	0.999996574891432	ns
acg	A to P	6	0.02910032415906902	0.9930962095862517	4	0.999996574891432	ns
acg	M to D	16	0.021991193077109724	0.9955307050363125	4	0.999996574891432	ns
acg	W to S	38	0.020319390314280417	0.9960511547028108	4	0.999996574891432	ns
acg	V to P	25	0.018459065338311643	0.9965663343890503	4	0.999996574891432	ns
acg	A to S	12	0.013931270348013787	0.9977198043569796	4	0.999996574891432	ns
acg	C to S	3	0.01355037490171692	0.9976623179887736	4	0.999996574891432	ns
acg	T to G	5	0.012114761717619132	0.998097131082905	4	0.999996574891432	ns
acg	Q to A	3	0.011415540729874152	0.9981876445912687	4	0.999996574891432	ns
acg	N to M	49	0.011353152237157677	0.9983390221898462	4	0.999996574891432	ns
acg	Y to D	3	0.01072075487171428	0.9983491484614139	4	0.999996574891432	ns
acg	E to D	5	0.009642968047911425	0.9986451359038331	4	0.999996574891432	ns
acg	P to N	13	0.009046011727944257	0.9988029106649041	4	0.999996574891432	ns
acg	T to D	20	0.008958898799521697	0.9988264688336987	4	0.999996574891432	ns
acg	F to M	4	0.008334763022616794	0.9988946502635561	4	0.999996574891432	ns
acg	E to M	7	0.004586112384509712	0.9995595885664177	4	0.999996574891432	ns
acg	N to G	4	0.002022355965264817	0.9998669471788119	4	0.999996574891432	ns
acg	S to G	8	0.001639388232479668	0.9999059892993072	4	0.999996574891432	ns
acg	L to N	4	0.0012798452282472437	0.9999329596290044	4	0.999996574891432	ns
acg	E to N	7	0.0006853316218535526	0.9999744578947144	4	0.999996574891432	ns
acg	M to F	3	0.0004106291963223993	0.9999874665598897	4	0.999996574891432	ns
acg	D to M	8	0.00017999437022858076	0.999996574891432	4	0.999996574891432	ns
