Tissue	aa_sub	n_saap	mean_rho	median_rho	wilcoxon_stat	wilcoxon_p	ttest_stat	ttest_p	direction	SAAP_rhos	FDR	Significance
acg	G to Q	20	0.5900000000000001	0.6000000000000001	0.0	2.00786561242648e-05	15.980079297767407	1.7987720366167648e-12	Increasing	[np.float64(1.0), np.float64(0.6000000000000001), np.float64(0.0), np.float64(0.6000000000000001), np.float64(0.6000000000000001), np.float64(0.6000000000000001), np.float64(0.6000000000000001), np.float64(0.6000000000000001), np.float64(0.6000000000000001), np.float64(0.6000000000000001), np.float64(0.6000000000000001), np.float64(0.6000000000000001), np.float64(0.6000000000000001), np.float64(0.6000000000000001), np.float64(0.6000000000000001), np.float64(0.6000000000000001), np.float64(0.6000000000000001), np.float64(0.6000000000000001), np.float64(0.6000000000000001), np.float64(0.6000000000000001)]	0.0009838541500889753	***
acg	Q to G	10	-0.5999999999999999	-0.7999999999999999	0.0	0.00390625	-5.196152422706631	0.0005669643108945611	Decreasing	[np.float64(-0.7999999999999999), np.float64(-0.7999999999999999), np.float64(-0.7999999999999999), np.float64(-1.0), np.float64(-0.39999999999999997), np.float64(0.0), np.float64(-0.19999999999999998), np.float64(-0.7999999999999999), np.float64(-0.19999999999999998), np.float64(-1.0)]	0.09570312500000001	ns
fc	Q to G	11	0.509090909090909	0.7999999999999999	1.0	0.0078125	4.084219761941047	0.002199451588867566	Increasing	[np.float64(0.0), np.float64(1.0), np.float64(0.7999999999999999), np.float64(0.39999999999999997), np.float64(0.39999999999999997), np.float64(0.7999999999999999), np.float64(0.0), np.float64(0.7999999999999999), np.float64(0.7999999999999999), np.float64(-0.19999999999999998), np.float64(0.7999999999999999)]	0.12760416666666666	ns
acg	T to S	5	0.6399999999999999	0.7999999999999999	0.0	0.0625	4.354648431614538	0.01211283539994405	Increasing	[np.float64(0.7999999999999999), np.float64(0.19999999999999998), np.float64(1.0), np.float64(0.39999999999999997), np.float64(0.7999999999999999)]	0.7656250000000001	ns
acg	N to M	16	0.25	0.39999999999999997	25.5	0.08762576579496276	2.0080483222562475	0.06299839664796347	Increasing	[np.float64(0.39999999999999997), np.float64(0.7999999999999999), np.float64(-0.7999999999999999), np.float64(0.7999999999999999), np.float64(0.6000000000000001), np.float64(0.6000000000000001), np.float64(0.6000000000000001), np.float64(0.39999999999999997), np.float64(-0.6000000000000001), np.float64(0.19999999999999998), np.float64(-0.39999999999999997), np.float64(0.0), np.float64(0.39999999999999997), np.float64(0.19999999999999998), np.float64(0.0), np.float64(0.7999999999999999)]	0.858732504790635	ns
acg	N to S	7	-0.39999999999999997	-0.39999999999999997	2.5	0.125	-2.102629932151387	0.08018559821250329	Decreasing	[np.float64(-0.7999999999999999), np.float64(-0.39999999999999997), np.float64(-0.19999999999999998), np.float64(0.0), np.float64(-1.0), np.float64(-0.7999999999999999), np.float64(0.39999999999999997)]	0.948486328125	ns
acg	A to S	13	0.26153846153846155	0.39999999999999997	23.5	0.135498046875	1.6777768221474112	0.11922230822301116	Increasing	[np.float64(-0.7999999999999999), np.float64(-0.39999999999999997), np.float64(0.39999999999999997), np.float64(-0.39999999999999997), np.float64(0.7999999999999999), np.float64(0.7999999999999999), np.float64(0.19999999999999998), np.float64(0.19999999999999998), np.float64(0.39999999999999997), np.float64(-0.19999999999999998), np.float64(0.7999999999999999), np.float64(0.6000000000000001), np.float64(1.0)]	0.948486328125	ns
acg	D to M	10	-0.26	-0.3	11.0	0.203125	-1.473009670470971	0.17483890373073996	Decreasing	[np.float64(0.39999999999999997), np.float64(-0.19999999999999998), np.float64(0.7999999999999999), np.float64(-1.0), np.float64(-0.39999999999999997), np.float64(-0.7999999999999999), np.float64(0.0), np.float64(-0.7999999999999999), np.float64(-0.19999999999999998), np.float64(-0.39999999999999997)]	1.0	ns
fc	A to P	4	0.24999999999999997	0.3	0.0	0.25	2.6111648393354674	0.07960498081790625	Increasing	[np.float64(0.39999999999999997), np.float64(0.39999999999999997), np.float64(0.0), np.float64(0.19999999999999998)]	1.0	ns
fc	I to V	4	-0.39999999999999997	-0.3	0.0	0.25	-1.8516401995451028	0.16116184721351942	Decreasing	[np.float64(-1.0), np.float64(0.0), np.float64(-0.19999999999999998), np.float64(-0.39999999999999997)]	1.0	ns
acg	T to Q	3	-0.6	-0.39999999999999997	0.0	0.25	-2.9999999999999996	0.09546596626670914	Decreasing	[np.float64(-0.39999999999999997), np.float64(-1.0), np.float64(-0.39999999999999997)]	1.0	ns
fc	G to Q	3	0.5333333333333333	0.39999999999999997	0.0	0.25	4.0	0.05719095841793663	Increasing	[np.float64(0.39999999999999997), np.float64(0.39999999999999997), np.float64(0.7999999999999999)]	1.0	ns
acg	P to T	35	-0.11428571428571425	-0.39999999999999997	221.0	0.28102652987649124	-1.0681477413333025	0.2929794328444306	Decreasing	[np.float64(-0.7999999999999999), np.float64(-0.19999999999999998), np.float64(0.7999999999999999), np.float64(0.0), np.float64(-0.39999999999999997), np.float64(-1.0), np.float64(0.39999999999999997), np.float64(0.6000000000000001), np.float64(0.6000000000000001), np.float64(0.39999999999999997), np.float64(1.0), np.float64(-0.7999999999999999), np.float64(0.39999999999999997), np.float64(0.39999999999999997), np.float64(-0.39999999999999997), np.float64(-0.7999999999999999), np.float64(0.19999999999999998), np.float64(-0.39999999999999997), np.float64(-0.39999999999999997), np.float64(-0.39999999999999997), np.float64(-0.7999999999999999), np.float64(0.7999999999999999), np.float64(-1.0), np.float64(-0.7999999999999999), np.float64(0.7999999999999999), np.float64(-0.7999999999999999), np.float64(-0.39999999999999997), np.float64(0.39999999999999997), np.float64(0.39999999999999997), np.float64(0.7999999999999999), np.float64(-0.39999999999999997), np.float64(0.0), np.float64(-1.0), np.float64(-0.39999999999999997), np.float64(-0.7999999999999999)]	1.0	ns
acg	W to D	5	0.27999999999999997	0.6000000000000001	3.0	0.3125	1.0	0.373900966300059	Increasing	[np.float64(0.7999999999999999), np.float64(-0.39999999999999997), np.float64(-0.39999999999999997), np.float64(0.7999999999999999), np.float64(0.6000000000000001)]	1.0	ns
acg	I to V	11	-0.18181818181818182	-0.39999999999999997	21.0	0.3349609375	-1.0872134550890704	0.3024526406736318	Decreasing	[np.float64(-0.19999999999999998), np.float64(-0.39999999999999997), np.float64(0.39999999999999997), np.float64(0.19999999999999998), np.float64(-0.39999999999999997), np.float64(-0.7999999999999999), np.float64(0.39999999999999997), np.float64(0.7999999999999999), np.float64(-0.7999999999999999), np.float64(-0.39999999999999997), np.float64(-0.7999999999999999)]	1.0	ns
acg	L to V	4	-0.35	-0.6	2.0	0.375	-1.0593098718411684	0.3671975610337104	Decreasing	[np.float64(-0.7999999999999999), np.float64(0.6000000000000001), np.float64(-0.39999999999999997), np.float64(-0.7999999999999999)]	1.0	ns
acg	M to V	4	-0.39999999999999997	-0.6	1.5	0.375	-1.414213562373095	0.2522154963555042	Decreasing	[np.float64(-0.7999999999999999), np.float64(-0.7999999999999999), np.float64(0.39999999999999997), np.float64(-0.39999999999999997)]	1.0	ns
acg	V to A	4	0.35	0.4	1.5	0.375	1.5784566588059408	0.21257296315231938	Increasing	[np.float64(0.7999999999999999), np.float64(0.6000000000000001), np.float64(-0.19999999999999998), np.float64(0.19999999999999998)]	1.0	ns
acg	G to S	6	-0.2333333333333333	-0.3	6.0	0.40625	-1.052899465793327	0.3405864607922633	Decreasing	[np.float64(-0.7999999999999999), np.float64(0.39999999999999997), np.float64(0.39999999999999997), np.float64(-0.39999999999999997), np.float64(-0.19999999999999998), np.float64(-0.7999999999999999)]	1.0	ns
acg	W to S	26	-0.06153846153846153	0.0	126.5	0.4979292848342637	-0.46423834544262965	0.6464943575454507	None	[np.float64(0.39999999999999997), np.float64(0.39999999999999997), np.float64(-0.7999999999999999), np.float64(-1.0), np.float64(0.39999999999999997), np.float64(-1.0), np.float64(0.6000000000000001), np.float64(0.39999999999999997), np.float64(-0.39999999999999997), np.float64(-0.7999999999999999), np.float64(0.0), np.float64(0.7999999999999999), np.float64(-0.7999999999999999), np.float64(-1.0), np.float64(-0.39999999999999997), np.float64(0.7999999999999999), np.float64(0.7999999999999999), np.float64(-0.7999999999999999), np.float64(0.0), np.float64(0.6000000000000001), np.float64(-0.19999999999999998), np.float64(0.6000000000000001), np.float64(-1.0), np.float64(0.7999999999999999), np.float64(-0.39999999999999997), np.float64(0.39999999999999997)]	1.0	ns
acg	F to I/L	3	-0.4666666666666666	-0.7999999999999999	1.0	0.5	-1.0674899923282326	0.39753592392329073	Decreasing	[np.float64(-0.7999999999999999), np.float64(-1.0), np.float64(0.39999999999999997)]	1.0	ns
fc	L to V	3	-0.33333333333333326	-0.7999999999999999	1.0	0.5	-0.7142857142857141	0.549165182666284	Decreasing	[np.float64(0.6000000000000001), np.float64(-0.7999999999999999), np.float64(-0.7999999999999999)]	1.0	ns
fc	S to N	3	0.5333333333333333	0.6000000000000001	0.0	0.5	1.835325870964494	0.2078819656186605	Increasing	[np.float64(1.0), np.float64(0.6000000000000001), np.float64(0.0)]	1.0	ns
fc	P to T	36	-0.033333333333333354	0.0	251.0	0.5929042135528642	-0.35546278372527074	0.7243763337962034	None	[np.float64(-0.6000000000000001), np.float64(0.39999999999999997), np.float64(-0.7999999999999999), np.float64(0.39999999999999997), np.float64(0.19999999999999998), np.float64(-0.6000000000000001), np.float64(0.39999999999999997), np.float64(-0.7999999999999999), np.float64(0.7999999999999999), np.float64(0.39999999999999997), np.float64(-0.39999999999999997), np.float64(0.39999999999999997), np.float64(-0.39999999999999997), np.float64(1.0), np.float64(0.39999999999999997), np.float64(-0.39999999999999997), np.float64(-0.6000000000000001), np.float64(0.6000000000000001), np.float64(-0.39999999999999997), np.float64(-0.39999999999999997), np.float64(0.39999999999999997), np.float64(-0.7999999999999999), np.float64(0.7999999999999999), np.float64(0.39999999999999997), np.float64(0.7999999999999999), np.float64(-0.6000000000000001), np.float64(0.0), np.float64(0.7999999999999999), np.float64(-0.7999999999999999), np.float64(-0.39999999999999997), np.float64(0.0), np.float64(0.19999999999999998), np.float64(0.0), np.float64(-0.39999999999999997), np.float64(-0.6000000000000001), np.float64(-0.6000000000000001)]	1.0	ns
acg	A to P	8	-0.12500000000000003	0.0	7.5	0.625	-0.6256987145837584	0.551359153457263	None	[np.float64(0.6000000000000001), np.float64(0.39999999999999997), np.float64(0.0), np.float64(0.19999999999999998), np.float64(0.0), np.float64(-1.0), np.float64(-0.7999999999999999), np.float64(-0.39999999999999997)]	1.0	ns
fc	M to T	7	0.1142857142857143	0.0	8.0	0.71875	0.47923383829852306	0.6487388284809019	None	[np.float64(-0.7999999999999999), np.float64(0.0), np.float64(0.7999999999999999), np.float64(-0.19999999999999998), np.float64(0.6000000000000001), np.float64(-0.39999999999999997), np.float64(0.7999999999999999)]	1.0	ns
acg	S to G	7	-0.08571428571428572	0.0	3.5	0.75	-0.5703518254720301	0.5891436701085886	None	[np.float64(0.0), np.float64(0.0), np.float64(-0.39999999999999997), np.float64(0.0), np.float64(0.39999999999999997), np.float64(-0.7999999999999999), np.float64(0.19999999999999998)]	1.0	ns
fc	A to T	4	-0.15	-0.3	3.5	0.75	-0.4407318961869527	0.6892329580556027	Decreasing	[np.float64(-0.39999999999999997), np.float64(0.7999999999999999), np.float64(-0.19999999999999998), np.float64(-0.7999999999999999)]	1.0	ns
fc	N to S	4	-0.15000000000000002	-0.19999999999999998	2.0	0.75	-0.39735970711951324	0.717685644210786	Decreasing	[np.float64(-0.39999999999999997), np.float64(0.7999999999999999), np.float64(-1.0), np.float64(0.0)]	1.0	ns
fc	V to P	4	-0.15	-0.3	3.5	0.75	-0.4407318961869527	0.6892329580556027	Decreasing	[np.float64(-0.7999999999999999), np.float64(0.7999999999999999), np.float64(-0.39999999999999997), np.float64(-0.19999999999999998)]	1.0	ns
acg	E to N	3	0.3333333333333333	0.7999999999999999	1.5	0.75	0.585205735980653	0.6176404435490637	Increasing	[np.float64(-0.7999999999999999), np.float64(1.0), np.float64(0.7999999999999999)]	1.0	ns
fc	A to S	3	-0.3333333333333333	-0.6000000000000001	1.5	0.75	-0.6933752452815364	0.5597745468371882	Decreasing	[np.float64(0.6000000000000001), np.float64(-0.6000000000000001), np.float64(-1.0)]	1.0	ns
acg	P to N	5	0.08	0.19999999999999998	6.0	0.875	0.2932942300427066	0.7838844433882807	Increasing	[np.float64(0.7999999999999999), np.float64(0.19999999999999998), np.float64(0.39999999999999997), np.float64(-0.19999999999999998), np.float64(-0.7999999999999999)]	1.0	ns
fc	T to Q	5	0.12000000000000002	0.39999999999999997	6.0	0.875	0.3905667329424717	0.7160258860061491	Increasing	[np.float64(0.6000000000000001), np.float64(-0.7999999999999999), np.float64(0.7999999999999999), np.float64(0.39999999999999997), np.float64(-0.39999999999999997)]	1.0	ns
acg	V to P	15	-0.013333333333333312	0.0	51.0	0.9245134291177579	-0.08574929257125428	0.9328799837378152	None	[np.float64(-1.0), np.float64(0.39999999999999997), np.float64(-0.7999999999999999), np.float64(0.0), np.float64(-0.6000000000000001), np.float64(0.39999999999999997), np.float64(0.6000000000000001), np.float64(-0.39999999999999997), np.float64(0.7999999999999999), np.float64(0.6000000000000001), np.float64(0.6000000000000001), np.float64(-0.19999999999999998), np.float64(-0.7999999999999999), np.float64(-0.19999999999999998), np.float64(0.39999999999999997)]	1.0	ns
fc	T to D	6	-0.033333333333333305	-0.09999999999999999	6.5	0.9375	-0.21035158095583542	0.8416967031104019	Decreasing	[np.float64(0.0), np.float64(0.19999999999999998), np.float64(-0.39999999999999997), np.float64(-0.19999999999999998), np.float64(-0.39999999999999997), np.float64(0.6000000000000001)]	1.0	ns
acg	T to D	11	0.018181818181818174	0.0	21.5	0.94140625	0.10599978800063595	0.9176787409134253	None	[np.float64(-0.39999999999999997), np.float64(-0.39999999999999997), np.float64(-0.39999999999999997), np.float64(-0.7999999999999999), np.float64(0.0), np.float64(0.39999999999999997), np.float64(-0.39999999999999997), np.float64(1.0), np.float64(0.7999999999999999), np.float64(0.0), np.float64(0.39999999999999997)]	1.0	ns
acg	A to T	9	0.022222222222222254	0.0	17.5	0.96875	0.10114434748483486	0.9219248913799942	None	[np.float64(-1.0), np.float64(1.0), np.float64(-0.19999999999999998), np.float64(0.6000000000000001), np.float64(0.6000000000000001), np.float64(0.19999999999999998), np.float64(-0.7999999999999999), np.float64(-0.19999999999999998), np.float64(0.0)]	1.0	ns
acg	S to N	12	0.01666666666666669	0.0	39.0	1.0	0.09626556920653839	0.9250411171467525	None	[np.float64(-0.7999999999999999), np.float64(-0.39999999999999997), np.float64(-0.19999999999999998), np.float64(-0.19999999999999998), np.float64(0.19999999999999998), np.float64(0.39999999999999997), np.float64(-0.39999999999999997), np.float64(1.0), np.float64(0.19999999999999998), np.float64(1.0), np.float64(0.19999999999999998), np.float64(-0.7999999999999999)]	1.0	ns
acg	V to I/L	12	-0.016666666666666653	-0.19999999999999998	39.0	1.0	-0.0863575539176745	0.9327340788835582	Decreasing	[np.float64(0.39999999999999997), np.float64(0.7999999999999999), np.float64(-0.39999999999999997), np.float64(-0.19999999999999998), np.float64(-0.7999999999999999), np.float64(-0.39999999999999997), np.float64(-0.7999999999999999), np.float64(0.39999999999999997), np.float64(1.0), np.float64(-0.7999999999999999), np.float64(-0.19999999999999998), np.float64(0.7999999999999999)]	1.0	ns
acg	A to V	9	-0.02222222222222223	-0.19999999999999998	22.0	1.0	-0.1023289020193302	0.9210140741398255	Decreasing	[np.float64(-0.19999999999999998), np.float64(-0.39999999999999997), np.float64(-0.39999999999999997), np.float64(0.6000000000000001), np.float64(0.19999999999999998), np.float64(-0.6000000000000001), np.float64(-1.0), np.float64(0.7999999999999999), np.float64(0.7999999999999999)]	1.0	ns
acg	M to D	9	-0.044444444444444425	-0.39999999999999997	21.5	1.0	-0.20879830038875213	0.8398240674261594	Decreasing	[np.float64(0.7999999999999999), np.float64(-0.39999999999999997), np.float64(-0.39999999999999997), np.float64(-0.7999999999999999), np.float64(0.39999999999999997), np.float64(-0.39999999999999997), np.float64(-0.7999999999999999), np.float64(0.6000000000000001), np.float64(0.6000000000000001)]	1.0	ns
fc	W to S	8	-0.024999999999999994	0.09999999999999999	13.0	1.0	-0.1198904359506776	0.9079383788829845	Increasing	[np.float64(0.7999999999999999), np.float64(0.39999999999999997), np.float64(0.0), np.float64(-0.7999999999999999), np.float64(-0.39999999999999997), np.float64(-0.7999999999999999), np.float64(0.19999999999999998), np.float64(0.39999999999999997)]	1.0	ns
acg	T to A	4	-0.05	-0.09999999999999999	2.5	1.0	-0.29277002188455997	0.7887799817897357	Decreasing	[np.float64(-0.19999999999999998), np.float64(-0.39999999999999997), np.float64(0.0), np.float64(0.39999999999999997)]	1.0	ns
acg	T to G	4	-0.04999999999999996	-0.19999999999999998	3.0	1.0	-0.12945955560063083	0.9051862728356005	Decreasing	[np.float64(-0.39999999999999997), np.float64(1.0), np.float64(0.0), np.float64(-0.7999999999999999)]	1.0	ns
acg	A to G	3	0.13333333333333333	0.39999999999999997	2.5	1.0	0.2773500981126146	0.8075499102701247	Increasing	[np.float64(0.39999999999999997), np.float64(0.7999999999999999), np.float64(-0.7999999999999999)]	1.0	ns
acg	E to D	3	0.13333333333333333	0.39999999999999997	2.0	1.0	0.5	0.6666666666666667	Increasing	[np.float64(-0.39999999999999997), np.float64(0.39999999999999997), np.float64(0.39999999999999997)]	1.0	ns
acg	L to S	3	-0.06666666666666667	-0.19999999999999998	2.5	1.0	-0.2773500981126146	0.8075499102701247	Decreasing	[np.float64(0.39999999999999997), np.float64(-0.39999999999999997), np.float64(-0.19999999999999998)]	1.0	ns
acg	V to M	3	-0.13333333333333341	-0.6000000000000001	3.0	1.0	-0.28571428571428586	0.801970491404665	Decreasing	[np.float64(-0.6000000000000001), np.float64(-0.6000000000000001), np.float64(0.7999999999999999)]	1.0	ns
