aa_sub	n_saap	mean_rho	median_rho	wilcoxon_stat	wilcoxon_p	ttest_stat	ttest_p	direction	FDR	Significance
G to Q	36	0.4813215941965294	0.48893878367359866	5.0	2.5301575937049295e-07	14.327178501556165	3.296264718111764e-16	Increasing	1.4674914043488592e-05	***
L to V	15	-0.31623946457529356	-0.36380343755449945	17.0	0.012451171875	-3.280479544921691	0.005470691386867943	Decreasing	0.2517992099119346	ns
N to M	68	0.12321839835724384	0.12198750911856665	645.5	0.01302409706441041	2.5508238535924637	0.013037486832029219	Increasing	0.2517992099119346	ns
V to A	10	-0.1806548164701995	-0.2229156700265159	10.0	0.083984375	-2.622799163652852	0.027683582856719374	Decreasing	0.90625	ns
V to P	31	-0.09428963650487411	-0.0727606875108999	155.0	0.11082182300708826	-1.532794362834963	0.13580557215507355	Decreasing	0.90625	ns
F to M	5	-0.24397501823713333	-0.14638501094227999	0.0	0.125	-1.7355253362515581	0.1576605803057965	Decreasing	0.90625	ns
M to D	21	0.1282505273380401	0.1697749375254331	64.5	0.13017200242136404	1.531086220111494	0.1414130490740919	Increasing	0.90625	ns
N to S	15	-0.07743126627529452	-0.048795003647426664	36.0	0.1725017917887106	-1.5295307846914232	0.14840988992009135	Decreasing	0.90625	ns
A to P	11	0.12983625305562033	0.048795003647426664	8.0	0.1953125	1.4988131695216718	0.16481007906127168	Increasing	0.90625	ns
E to M	10	0.14377009457787965	0.13331042912027832	14.5	0.197265625	1.6973847185825048	0.12385294493109256	Increasing	0.90625	ns
A to G	9	-0.09035499343072212	-0.09759000729485333	12.0	0.23828125	-1.3912966798076294	0.20160411059849193	Decreasing	0.90625	ns
G to E	4	0.33207529539653663	0.3892828621460781	1.0	0.25	1.9016719677321603	0.1533786137327523	Increasing	0.90625	ns
P to Q	4	-0.26837252006084666	-0.3659625273557	1.0	0.25	-1.35743861515305	0.26773191251176326	Decreasing	0.90625	ns
P to S	4	0.21300710619200453	0.09744606797477329	1.0	0.25	1.3260477695791106	0.2767451619696056	Increasing	0.90625	ns
L to A	3	0.262350449730328	0.2910427500435996	0.0	0.25	2.263499110954955	0.15192199111436985	Increasing	0.90625	ns
L to M	3	0.16255405261136885	0.14638501094227999	0.0	0.25	2.290313990300768	0.14913687688292182	Increasing	0.90625	ns
N to G	6	0.23382435313049352	0.17078251276599332	5.0	0.3125	1.3658249468380412	0.23022384391582199	Increasing	1.0	ns
L to N	4	0.21957751641342002	0.21957751641342	2.0	0.375	1.0887450820364413	0.3559091335123532	Increasing	1.0	ns
V to T	4	-0.2384433324791292	-0.18411664307369832	2.0	0.375	-1.2536001544925024	0.2987875085083311	Decreasing	1.0	ns
T to G	8	-0.1746077857418079	-0.07760670360511404	12.0	0.4609375	-1.1530713997257962	0.28673020026574886	Decreasing	1.0	ns
P to N	21	-0.058192420494472596	0.048795003647426664	95.5	0.48636638408681543	-0.7774234073331443	0.4460081029809674	Increasing	1.0	ns
A to D	3	0.09904398117285544	0.14638501094227999	0.0	0.5	1.9993537987940977	0.18359138433773173	Increasing	1.0	ns
A to Q	3	-0.2439750182371333	-0.3903600291794133	1.0	0.5	-0.9743547036924463	0.4326478941458247	Decreasing	1.0	ns
G to N	3	0.14638501094228	0.09759000729485333	0.0	0.5	1.4411533842457842	0.2862535728536701	Increasing	1.0	ns
S to N	19	0.05114576983348539	0.10995249992067473	79.5	0.5326233138717894	0.5888064298698309	0.5633080037356395	Increasing	1.0	ns
T to Q	12	-0.0506808693135003	-0.091526616668945	31.0	0.5693359375	-0.44952886130940956	0.6617788640682851	Decreasing	1.0	ns
W to S	52	-0.0011318682695680223	0.03802011219017691	556.0	0.5738425775812955	-0.03255452861817636	0.9741569060828584	Increasing	1.0	ns
T to A	11	-0.06193848752788207	0.0	21.5	0.576171875	-0.7760465064856695	0.4556836654240437	None	1.0	ns
T to S	9	-0.11247582680400539	-0.00538850671761303	13.5	0.578125	-0.5722608633378236	0.582864787655726	Decreasing	1.0	ns
G to S	14	-0.07538221505636843	0.0721693048786288	44.0	0.5935272605600672	-0.7644558872268759	0.4582478978785387	Increasing	1.0	ns
Q to A	4	0.17069274884654875	0.0730129776322508	3.0	0.625	0.7228508887169726	0.5220288826300323	Increasing	1.0	ns
T to D	26	-0.0337451838256272	-0.024397501823713332	133.5	0.636835681009116	-0.4560203612277461	0.6523120500817332	Decreasing	1.0	ns
A to V	12	0.05037851256301298	0.10397504898200728	27.0	0.6376953125	0.5356472424893367	0.6028640258776397	Increasing	1.0	ns
V to M	7	-0.15398927341020152	0.09759000729485333	11.0	0.6875	-0.855343346178407	0.4251934123844639	Increasing	1.0	ns
Q to G	31	0.026464704002614595	0.0	214.0	0.7034740547763882	0.4461858688467739	0.6586669491594753	None	1.0	ns
A to S	19	0.03416895497023995	-0.01336306209562122	78.0	0.7438322823977076	0.38624408455329107	0.703843453801193	Decreasing	1.0	ns
S to G	10	-0.03047426562782966	0.023795003647426663	24.0	0.748046875	-0.5094367944919498	0.6227016522295286	Increasing	1.0	ns
M to F	3	0.048795003647426664	0.09759000729485333	2.0	0.75	0.4803844614152614	0.6783662395486616	Increasing	1.0	ns
Q to N	3	-0.18184588428200166	-0.19518001458970666	2.0	0.75	-0.48127744326456007	0.677830362284194	Decreasing	1.0	ns
P to T	84	0.004028294292565699	0.0	1521.0	0.7730405959938458	0.11778080000141346	0.906525905000328	None	1.0	ns
M to T	17	0.028426811639717223	-0.048507125007266595	63.0	0.7959205023955187	0.27399449604600157	0.7875946406777206	Decreasing	1.0	ns
G to A	5	0.048198158313592	-0.19518001458970666	6.0	0.8125	0.24391991447374609	0.8192927805804076	Decreasing	1.0	ns
P to A	5	0.13249196669995306	-0.1065403410810832	6.0	0.8125	0.6610814985715349	0.544695347879526	Decreasing	1.0	ns
D to M	10	-0.022029461947392293	0.03666951916555873	20.0	0.8203125	-0.16941909732857569	0.8692138276854444	Increasing	1.0	ns
E to D	11	-0.06292569867451102	0.0	25.0	0.83203125	-0.5295603541322447	0.6079719682903573	None	1.0	ns
W to D	8	0.06222333262540005	0.07804695258284738	16.0	0.84375	0.5403954670386963	0.605683034280432	Increasing	1.0	ns
L to S	4	0.03636699806089651	0.01210008986270978	4.0	0.875	0.8426179723538517	0.4613165497071085	Increasing	1.0	ns
S to C	4	0.13872499060365673	0.08689396404271488	4.0	0.875	0.470879803553504	0.669849414397597	Increasing	1.0	ns
E to N	10	-0.013512186561094347	0.048795003647426664	21.0	0.87890625	-0.10018000536951871	0.9223975261236033	Increasing	1.0	ns
A to T	22	0.02513382048209197	-0.04036941594871183	124.0	0.9353029231389869	0.33002099980278143	0.7446536236918131	Decreasing	1.0	ns
V to L	18	-0.005663694807570073	0.04025564722446826	75.0	0.9433603703677838	-0.07265983864035858	0.9429248521478204	Increasing	1.0	ns
T to M	6	0.02215610899607226	-0.15938969258401273	10.0	1.0	0.1310089419395828	0.9008762838075969	Decreasing	1.0	ns
Y to D	6	-0.024889201687500116	-0.12173533686896659	10.0	1.0	-0.2407432376133848	0.8193140794730414	Decreasing	1.0	ns
M to V	5	-0.025965453493998814	0.032373367673101554	7.0	1.0	-0.45700700909680725	0.6713842323774087	Increasing	1.0	ns
H to N	4	0.04236592925654903	-0.012858148781755271	5.0	1.0	0.2310333005655925	0.8321489701994953	Decreasing	1.0	ns
C to S	3	-0.020595140273241174	0.0	1.0	1.0	-0.21586237467386563	0.8491098709568623	None	1.0	ns
F to L	3	0.04892565417840502	-0.09759000729485333	3.0	1.0	0.2758022175766763	0.8085845073456851	Decreasing	1.0	ns
M to L	3	0.056495686295091	0.21828206253269972	3.0	1.0	0.2822123815162345	0.8043041649018863	Increasing	1.0	ns
