aa_sub	F	p	n_tissues
P to T	116.83462899002109	8.851701013432294e-107	7
W to D	99.18996744437695	1.9055336898369684e-91	7
E to D	16.133772081150695	2.888586296858644e-11	7
A to V	15.181184354831535	2.70439746963458e-10	7
S to G	11.545114854435763	2.991322488135644e-07	7
A to S	3.7422423726579255	0.0013968872110344678	7
G to D	3.8145349438682783	0.0025611794198237394	7
V to L	1.5543988446695505	0.18271449671475398	7
T to D			7
T to N			7
V to P			7
S to N	13.106321813889192	6.013536579954414e-08	6
A to L	6.530406648720493	0.0001413895444673181	6
G to A	4.604892208160632	0.005021293836554792	6
A to T	2.7847901284280243	0.0253932174251238	6
T to S	1.8352725559015084	0.13220810055457907	6
W to A	40.32800595043836	4.449606134382108e-21	5
Q to G	61.017435264129354	1.4103470429969677e-10	5
M to L	5.580991947334284	0.0011895498408652503	5
H to N	4.4402220114576085	0.0027390576699385756	5
T to A	2.6854748118147116	0.04957147124584615	5
Q to A	6983.8770352463835	1.0314239931818862e-19	4
W to N	24.89818461971437	3.682471536673689e-13	4
T to G	533.856421592937	4.945708211786718e-13	4
L to S	186.94348887858092	1.155314947134791e-12	4
V to T	31.210971482344995	4.0479286769129737e-10	4
A to E	13.630206197116246	6.734393489964528e-06	4
D to S	2.3133299067983426	0.10147025834264763	4
E to G	1.4989408194412632	0.25284264109276144	4
E to T	1.394941154965681	0.25473074523440076	4
P to Q	42.1907030139449	4.7881149153115304e-11	3
V to Q	89.38217380142909	9.529721738079479e-10	3
Q to N	164.24411643922414	8.258999408815375e-08	3
L to T	17.65442848279962	0.0001969961952829147	3
F to L	22.813622098406626	0.00029905390540559433	3
P to A	9.392394890127125	0.002993684699976909	3
G to S	7.305700373146671	0.0031732011634373774	3
A to G	8.075776728732125	0.0052520726097215744	3
A to D	4.451461765058725	0.027883749499488533	3
H to D	2.749609291403181	0.06856142610074599	3
V to A	0.35366342531434125	0.7114474956150814	3
L to V	43444.01203133054	8.229179970117448e-13	2
A to P	10767.324651473602	5.399396908293071e-11	2
N to M	3323.1708171912414	1.8305823447195487e-09	2
L to Q	826.5266763599044	1.172968996156171e-07	2
L to A	336.4945948514562	1.691283882448412e-06	2
Y to V	90.02771614185109	2.5669978529529845e-06	2
S to L	265.9245688352313	3.385205704723194e-06	2
S to Q	83.73260585999655	9.586391691171536e-05	2
N to G	28.10677359417755	0.001827053002595137	2
Y to T	15.982942620178209	0.007136296188581711	2
V to E	2.1881037119001956	0.15109543532946976	2
M to N	1.7728431415505195	0.21258472954377877	2
Y to D	0.06583587151034294	0.8004089018260168	2
