From_AA	To_AA	Observed_count	Expected_count	P_Y_given_X	Observed_thisSwap	Observed_otherFromAA	Observed_otherToAA	Observed_allOther	Odds_ratio	pval	FDR	Sig
P	T	3344.0	770.6493506493506	0.908695652173913	3344.0	336.0	784.0	15248.0	193.5636540330418	0.0	0.0	True
T	D	3120.0	1516.7532467532467	0.7647058823529411	3120.0	960.0	4208.0	11424.0	8.82319391634981	0.0	0.0	True
W	D	2992.0	1540.5454545454545	0.722007722007722	2992.0	1152.0	4336.0	11232.0	6.727859778597786	0.0	0.0	True
V	P	1232.0	125.18181818181819	0.6470588235294118	1232.0	672.0	64.0	17744.0	508.2916666666667	0.0	0.0	True
A	S	1008.0	159.15584415584416	0.4883720930232558	1008.0	1056.0	512.0	17136.0	31.947443181818183	0.0	0.0	True
M	L	176.0	9.35064935064935	0.7333333333333333	176.0	64.0	592.0	18880.0	87.70270270270271	1.5456050406918408e-199	9.788831924381658e-198	True
S	G	176.0	12.428571428571429	0.3793103448275862	176.0	288.0	352.0	18896.0	32.80555555555556	2.18910862744163e-161	1.188373254896885e-159	True
A	V	256.0	41.883116883116884	0.12403100775193798	256.0	1808.0	144.0	17504.0	17.21140609636185	4.9883616832642834e-152	2.3694717995505346e-150	True
H	N	336.0	77.92207792207792	0.42	336.0	464.0	1584.0	17328.0	7.921630094043887	2.138831386621107e-135	9.030621410178006e-134	True
D	S	112.0	11.103896103896103	0.7777777777777778	112.0	32.0	1408.0	18160.0	45.14204545454545	4.722491016607803e-96	1.7945465863109653e-94	True
S	N	208.0	45.1948051948052	0.4482758620689655	208.0	256.0	1712.0	17536.0	8.322429906542055	9.607436814856004e-89	3.318932717859347e-87	True
Q	G	96.0	6.428571428571429	0.4	96.0	144.0	432.0	19040.0	29.382716049382715	4.626276901215066e-88	1.4649876853847708e-86	True
W	A	480.0	208.54545454545453	0.11583011583011583	480.0	3664.0	512.0	15056.0	3.8523471615720526	1.341261090848235e-86	3.920609342479456e-85	True
A	E	144.0	31.83116883116883	0.06976744186046512	144.0	1920.0	160.0	17488.0	8.1975	5.3182200433626516e-61	1.44351686891272e-59	True
F	L	48.0	2.4935064935064934	0.75	48.0	16.0	720.0	18928.0	78.86666666666666	1.4411246760623484e-54	3.6508491793579495e-53	True
N	M	32.0	0.4675324675324675	0.2222222222222222	32.0	112.0	32.0	19536.0	174.42857142857142	1.6387877962405434e-52	3.892121016071291e-51	True
P	Q	192.0	68.7012987012987	0.05217391304347826	192.0	3488.0	176.0	15856.0	4.959132610508758	3.017560066259314e-48	6.745134265756114e-47	True
V	L	208.0	74.18181818181819	0.1092436974789916	208.0	1696.0	560.0	17248.0	3.7773584905660376	1.7282125075014863e-45	3.6484486269475824e-44	True
Y	V	48.0	3.896103896103896	0.25	48.0	144.0	352.0	19168.0	18.151515151515152	1.2666317470291953e-38	2.5332634940583903e-37	True
V	E	112.0	29.363636363636363	0.058823529411764705	112.0	1792.0	192.0	17616.0	5.734375	4.098550810007841e-38	7.787246539014898e-37	True
W	N	624.0	403.6363636363636	0.15057915057915058	624.0	3520.0	1296.0	14272.0	1.9521885521885523	2.1651985123251625e-35	3.917978260397913e-34	True
Y	F	16.0	0.15584415584415584	0.08333333333333333	16.0	176.0	0.0	19520.0	inf	3.473164021361181e-33	5.99910149144204e-32	True
G	A	112.0	31.4025974025974	0.1794871794871795	112.0	512.0	880.0	18208.0	4.526136363636364	6.552048353007609e-33	1.0825123365838659e-31	True
A	L	192.0	80.41558441558442	0.09302325581395349	192.0	1872.0	576.0	17072.0	3.03988603988604	7.801802074265721e-32	1.2352853284254058e-30	True
E	G	80.0	17.142857142857142	0.125	80.0	560.0	448.0	18624.0	5.938775510204081	2.2088656297165005e-31	3.357475757169081e-30	True
Q	A	64.0	12.077922077922079	0.26666666666666666	64.0	176.0	928.0	18544.0	7.266457680250784	4.1087660465855655e-29	6.005119606548134e-28	True
L	S	80.0	20.974025974025974	0.29411764705882354	80.0	192.0	1440.0	18000.0	5.208333333333333	1.2951447392280256e-26	1.8227962996542583e-25	True
H	D	432.0	297.4025974025974	0.54	432.0	368.0	6896.0	12016.0	2.0454958135781296	4.27436426171299e-23	5.800922926610487e-22	True
D	M	16.0	0.4675324675324675	0.1111111111111111	16.0	128.0	48.0	19520.0	50.833333333333336	1.0139616352134266e-20	1.3286393840727658e-19	True
T	N	560.0	397.4025974025974	0.13725490196078433	560.0	3520.0	1360.0	14272.0	1.66951871657754	1.0546724381302823e-20	1.3359184216316909e-19	True
N	G	32.0	3.857142857142857	0.2222222222222222	32.0	112.0	496.0	19072.0	10.986175115207374	1.2911278430203167e-20	1.582672839831356e-19	True
G	S	112.0	48.116883116883116	0.1794871794871795	112.0	512.0	1408.0	17680.0	2.746803977272727	1.6452368942647675e-17	1.9537188119394114e-16	True
E	T	224.0	134.02597402597402	0.35	224.0	416.0	3904.0	15168.0	2.0920554854981086	4.544531667301783e-17	5.233097071438417e-16	True
L	Q	32.0	5.077922077922078	0.11764705882352941	32.0	240.0	336.0	19104.0	7.580952380952381	9.967532468876327e-17	1.114018334756766e-15	True
L	Y	16.0	0.8831168831168831	0.058823529411764705	16.0	256.0	48.0	19392.0	25.25	2.999091307027529e-16	3.256156276201317e-15	True
N	L	32.0	5.6103896103896105	0.2222222222222222	32.0	112.0	736.0	18832.0	7.3105590062111805	7.202351213461695e-16	7.602481836431788e-15	True
L	V	32.0	5.51948051948052	0.11764705882352941	32.0	240.0	368.0	19072.0	6.910144927536232	1.0950879985111469e-15	1.1246849714438807e-14	True
S	Y	16.0	1.5064935064935066	0.034482758620689655	16.0	448.0	48.0	19200.0	14.285714285714286	1.1905748741820416e-12	1.1905748741820416e-11	True
P	H	16.0	2.987012987012987	0.004347826086956522	16.0	3664.0	0.0	16032.0	inf	2.120004979377352e-12	2.0656458773420355e-11	True
V	Q	80.0	35.54545454545455	0.04201680672268908	80.0	1824.0	288.0	17520.0	2.66812865497076	2.646378539159249e-12	2.5140596122012867e-11	True
S	Q	32.0	8.662337662337663	0.06896551724137931	32.0	432.0	336.0	18912.0	4.169312169312169	2.3106071618212845e-10	2.141538345102654e-09	True
N	V	16.0	2.9220779220779223	0.1111111111111111	16.0	128.0	384.0	19184.0	6.244791666666667	3.9577731954830856e-08	3.580842414960887e-07	True
Y	E	16.0	2.961038961038961	0.08333333333333333	16.0	176.0	288.0	19232.0	6.070707070707071	5.163386464866838e-08	4.562992689882322e-07	True
R	D	16.0	5.9480519480519485	1.0	16.0	0.0	7312.0	12384.0	inf	1.3170553458993516e-07	1.1374568896403492e-06	True
M	N	48.0	23.376623376623378	0.2	48.0	192.0	1872.0	17600.0	2.3504273504273505	1.067561992811163e-06	8.818990375396563e-06	True
Q	N	48.0	23.376623376623378	0.2	48.0	192.0	1872.0	17600.0	2.3504273504273505	1.067561992811163e-06	8.818990375396563e-06	True
G	V	32.0	12.662337662337663	0.05128205128205128	32.0	592.0	368.0	18720.0	2.7497062279670974	1.6727607874566937e-06	1.352444891986263e-05	True
G	D	288.0	231.97402597402598	0.46153846153846156	288.0	336.0	7040.0	12048.0	1.466883116883117	1.9391755901482606e-06	1.5351806755340395e-05	True
L	A	32.0	13.688311688311689	0.11764705882352941	32.0	240.0	960.0	18480.0	2.566666666666667	7.340688854834149e-06	5.6927791119121966e-05	True
E	D	288.0	237.92207792207793	0.45	288.0	352.0	7040.0	12032.0	1.3983471074380165	2.26387071518231e-05	0.00017205417435385556	True
V	M	16.0	6.181818181818182	0.008403361344537815	16.0	1888.0	48.0	17760.0	3.135593220338983	0.00029473959562528794	0.002153866275723258	True
V	Y	16.0	6.181818181818182	0.008403361344537815	16.0	1888.0	48.0	17760.0	3.135593220338983	0.00029473959562528794	0.002153866275723258	True
S	L	32.0	18.07792207792208	0.06896551724137931	32.0	432.0	736.0	18512.0	1.8631239935587762	0.0013582321670893552	0.009738268367810473	True
N	A	16.0	7.246753246753247	0.1111111111111111	16.0	128.0	976.0	18592.0	2.3811475409836067	0.0024529798848963312	0.016947861022920105	False
D	A	16.0	7.246753246753247	0.1111111111111111	16.0	128.0	976.0	18592.0	2.3811475409836067	0.0024529798848963312	0.016947861022920105	False
Q	L	16.0	9.35064935064935	0.06666666666666667	16.0	224.0	752.0	18720.0	1.778115501519757	0.02622233510282238	0.177937273912009	False
G	E	16.0	9.623376623376624	0.02564102564102564	16.0	608.0	288.0	18800.0	1.7178362573099415	0.033298001401014236	0.22198667600676159	False
Y	D	80.0	71.37662337662337	0.4166666666666667	80.0	112.0	7248.0	12272.0	1.2093976663513086	0.11192490577050884	0.7333011067722993	False
A	G	64.0	55.285714285714285	0.031007751937984496	64.0	2000.0	464.0	17184.0	1.185103448275862	0.11953602140408644	0.7698930192127601	False
G	Q	16.0	11.64935064935065	0.02564102564102564	16.0	608.0	352.0	18736.0	1.4007177033492824	0.12567794930121884	0.795960345574386	False
A	T	256.0	432.23376623376623	0.12403100775193798	256.0	1808.0	3872.0	13776.0	0.5037665472098296	1.0	1.0	False
V	T	160.0	398.72727272727275	0.08403361344537816	160.0	1744.0	3968.0	13840.0	0.3199911216336194	1.0	1.0	False
T	S	160.0	314.61038961038963	0.0392156862745098	160.0	3920.0	1360.0	14272.0	0.4283313325330132	1.0	1.0	False
T	A	144.0	205.32467532467533	0.03529411764705882	144.0	3936.0	848.0	14784.0	0.6378278877128394	0.9999998826431237	1.0	False
A	D	80.0	767.2987012987013	0.03875968992248062	80.0	1984.0	7248.0	10400.0	0.057858007548244675	1.0	1.0	False
L	T	64.0	56.96103896103896	0.23529411764705882	64.0	208.0	4064.0	15376.0	1.1641429436705026	0.16304769602218044	1.0	False
P	A	64.0	185.19480519480518	0.017391304347826087	64.0	3616.0	928.0	15104.0	0.2880683552029295	1.0	1.0	False
T	G	64.0	109.28571428571429	0.01568627450980392	64.0	4016.0	464.0	15168.0	0.5209506800384668	0.9999999391436932	1.0	False
V	A	48.0	95.81818181818181	0.025210084033613446	48.0	1856.0	944.0	16864.0	0.46201052016364696	0.9999999969008003	1.0	False
A	P	32.0	135.7012987012987	0.015503875968992248	32.0	2032.0	1264.0	16384.0	0.20412638293631016	1.0	1.0	False
A	N	32.0	201.03896103896105	0.015503875968992248	32.0	2032.0	1888.0	15760.0	0.13145602562391565	1.0	1.0	False
V	N	32.0	185.45454545454547	0.01680672268907563	32.0	1872.0	1888.0	15920.0	0.1441402288859916	1.0	1.0	False
Y	T	32.0	40.20779220779221	0.16666666666666666	32.0	160.0	4096.0	15424.0	0.753125	0.9428859799080496	1.0	False
W	S	32.0	319.54545454545456	0.007722007722007722	32.0	4112.0	1488.0	14080.0	0.07363708631438015	1.0	1.0	False
G	L	16.0	24.31168831168831	0.02564102564102564	16.0	608.0	752.0	18336.0	0.6416573348264277	0.9740224879064164	1.0	False
G	T	16.0	130.67532467532467	0.02564102564102564	16.0	608.0	4112.0	14976.0	0.09584271963956584	1.0	1.0	False
G	N	16.0	60.77922077922078	0.02564102564102564	16.0	608.0	1904.0	17184.0	0.23750552852720036	0.9999999999997997	1.0	False
L	P	16.0	17.883116883116884	0.058823529411764705	16.0	256.0	1280.0	18160.0	0.88671875	0.7135703805806064	1.0	False
M	P	16.0	15.779220779220779	0.06666666666666667	16.0	224.0	1280.0	18192.0	1.0151785714285715	0.5143313486267869	1.0	False
P	G	16.0	98.57142857142857	0.004347826086956522	16.0	3664.0	512.0	15520.0	0.13236899563318777	1.0	1.0	False
P	L	16.0	143.37662337662337	0.004347826086956522	16.0	3664.0	752.0	15280.0	0.08872990801821054	1.0	1.0	False
P	S	16.0	283.76623376623377	0.004347826086956522	16.0	3664.0	1504.0	14528.0	0.04218154789556815	1.0	1.0	False
P	D	16.0	1368.051948051948	0.004347826086956522	16.0	3664.0	7312.0	8720.0	0.005207686353950675	1.0	1.0	False
F	D	16.0	23.792207792207794	0.25	16.0	48.0	7312.0	12336.0	0.562363238512035	0.9862116554484461	1.0	False
W	Y	16.0	13.454545454545455	0.003861003861003861	16.0	4128.0	48.0	15520.0	1.2532299741602067	0.25910713838788146	1.0	False
T	V	16.0	82.79220779220779	0.00392156862745098	16.0	4064.0	384.0	15248.0	0.15633202099737534	1.0	1.0	False
T	L	16.0	158.96103896103895	0.00392156862745098	16.0	4064.0	752.0	14880.0	0.07790249623052438	1.0	1.0	False
N	T	16.0	30.155844155844157	0.1111111111111111	16.0	128.0	4112.0	15456.0	0.4698443579766537	0.9993715274804164	1.0	False
Q	T	16.0	50.25974025974026	0.06666666666666667	16.0	224.0	4112.0	15360.0	0.2668148971650917	0.9999999998074909	1.0	False
E	A	16.0	32.20779220779221	0.025	16.0	624.0	976.0	18096.0	0.47540983606557374	0.9996132230720288	1.0	False
E	L	16.0	24.935064935064936	0.025	16.0	624.0	752.0	18320.0	0.6246590289143481	0.9805303030150956	1.0	False
E	N	16.0	62.33766233766234	0.025	16.0	624.0	1904.0	17168.0	0.23120017237664298	0.9999999999999457	1.0	False
H	Q	16.0	14.935064935064934	0.02	16.0	784.0	352.0	18560.0	1.0760667903525047	0.4249978282524192	1.0	False
H	E	16.0	12.337662337662337	0.02	16.0	784.0	288.0	18624.0	1.3197278911564625	0.1750283306245052	1.0	False
G	I	0.0	0.0	0.0	0.0	624.0	0.0	19088.0		1.0	1.0	False
G	M	0.0	2.0259740259740258	0.0	0.0	624.0	64.0	19024.0	0.0	1.0	1.0	False
G	P	0.0	41.02597402597402	0.0	0.0	624.0	1296.0	17792.0	0.0	1.0	1.0	False
G	F	0.0	0.5064935064935064	0.0	0.0	624.0	16.0	19072.0	0.0	1.0	1.0	False
G	Y	0.0	2.0259740259740258	0.0	0.0	624.0	64.0	19024.0	0.0	1.0	1.0	False
G	W	0.0	0.0	0.0	0.0	624.0	0.0	19088.0		1.0	1.0	False
G	C	0.0	0.0	0.0	0.0	624.0	0.0	19088.0		1.0	1.0	False
G	K	0.0	0.0	0.0	0.0	624.0	0.0	19088.0		1.0	1.0	False
G	R	0.0	0.0	0.0	0.0	624.0	0.0	19088.0		1.0	1.0	False
G	H	0.0	0.5064935064935064	0.0	0.0	624.0	16.0	19072.0	0.0	1.0	1.0	False
A	I	0.0	0.0	0.0	0.0	2064.0	0.0	17648.0		1.0	1.0	False
A	M	0.0	6.701298701298701	0.0	0.0	2064.0	64.0	17584.0	0.0	1.0	1.0	False
A	F	0.0	1.6753246753246753	0.0	0.0	2064.0	16.0	17632.0	0.0	1.0	1.0	False
A	Y	0.0	6.701298701298701	0.0	0.0	2064.0	64.0	17584.0	0.0	1.0	1.0	False
A	W	0.0	0.0	0.0	0.0	2064.0	0.0	17648.0		1.0	1.0	False
A	C	0.0	0.0	0.0	0.0	2064.0	0.0	17648.0		1.0	1.0	False
A	Q	0.0	38.532467532467535	0.0	0.0	2064.0	368.0	17280.0	0.0	1.0	1.0	False
A	K	0.0	0.0	0.0	0.0	2064.0	0.0	17648.0		1.0	1.0	False
A	R	0.0	0.0	0.0	0.0	2064.0	0.0	17648.0		1.0	1.0	False
A	H	0.0	1.6753246753246753	0.0	0.0	2064.0	16.0	17632.0	0.0	1.0	1.0	False
V	G	0.0	51.0	0.0	0.0	1904.0	528.0	17280.0	0.0	1.0	1.0	False
V	I	0.0	0.0	0.0	0.0	1904.0	0.0	17808.0		1.0	1.0	False
V	F	0.0	1.5454545454545454	0.0	0.0	1904.0	16.0	17792.0	0.0	1.0	1.0	False
V	W	0.0	0.0	0.0	0.0	1904.0	0.0	17808.0		1.0	1.0	False
V	S	0.0	146.8181818181818	0.0	0.0	1904.0	1520.0	16288.0	0.0	1.0	1.0	False
V	C	0.0	0.0	0.0	0.0	1904.0	0.0	17808.0		1.0	1.0	False
V	D	0.0	707.8181818181819	0.0	0.0	1904.0	7328.0	10480.0	0.0	1.0	1.0	False
V	K	0.0	0.0	0.0	0.0	1904.0	0.0	17808.0		1.0	1.0	False
V	R	0.0	0.0	0.0	0.0	1904.0	0.0	17808.0		1.0	1.0	False
V	H	0.0	1.5454545454545454	0.0	0.0	1904.0	16.0	17792.0	0.0	1.0	1.0	False
L	G	0.0	7.285714285714286	0.0	0.0	272.0	528.0	18912.0	0.0	1.0	1.0	False
L	I	0.0	0.0	0.0	0.0	272.0	0.0	19440.0		1.0	1.0	False
L	M	0.0	0.8831168831168831	0.0	0.0	272.0	64.0	19376.0	0.0	1.0	1.0	False
L	F	0.0	0.22077922077922077	0.0	0.0	272.0	16.0	19424.0	0.0	1.0	1.0	False
L	W	0.0	0.0	0.0	0.0	272.0	0.0	19440.0		1.0	1.0	False
L	C	0.0	0.0	0.0	0.0	272.0	0.0	19440.0		1.0	1.0	False
L	N	0.0	26.493506493506494	0.0	0.0	272.0	1920.0	17520.0	0.0	1.0	1.0	False
L	D	0.0	101.11688311688312	0.0	0.0	272.0	7328.0	12112.0	0.0	1.0	1.0	False
L	E	0.0	4.194805194805195	0.0	0.0	272.0	304.0	19136.0	0.0	1.0	1.0	False
L	K	0.0	0.0	0.0	0.0	272.0	0.0	19440.0		1.0	1.0	False
L	R	0.0	0.0	0.0	0.0	272.0	0.0	19440.0		1.0	1.0	False
L	H	0.0	0.22077922077922077	0.0	0.0	272.0	16.0	19424.0	0.0	1.0	1.0	False
I	G	0.0	0.0		0.0	0.0	528.0	19184.0		1.0	1.0	False
I	A	0.0	0.0		0.0	0.0	992.0	18720.0		1.0	1.0	False
I	V	0.0	0.0		0.0	0.0	400.0	19312.0		1.0	1.0	False
I	L	0.0	0.0		0.0	0.0	768.0	18944.0		1.0	1.0	False
I	M	0.0	0.0		0.0	0.0	64.0	19648.0		1.0	1.0	False
I	P	0.0	0.0		0.0	0.0	1296.0	18416.0		1.0	1.0	False
I	F	0.0	0.0		0.0	0.0	16.0	19696.0		1.0	1.0	False
I	Y	0.0	0.0		0.0	0.0	64.0	19648.0		1.0	1.0	False
I	W	0.0	0.0		0.0	0.0	0.0	19712.0		1.0	1.0	False
I	S	0.0	0.0		0.0	0.0	1520.0	18192.0		1.0	1.0	False
I	T	0.0	0.0		0.0	0.0	4128.0	15584.0		1.0	1.0	False
I	C	0.0	0.0		0.0	0.0	0.0	19712.0		1.0	1.0	False
I	N	0.0	0.0		0.0	0.0	1920.0	17792.0		1.0	1.0	False
I	Q	0.0	0.0		0.0	0.0	368.0	19344.0		1.0	1.0	False
I	D	0.0	0.0		0.0	0.0	7328.0	12384.0		1.0	1.0	False
I	E	0.0	0.0		0.0	0.0	304.0	19408.0		1.0	1.0	False
I	K	0.0	0.0		0.0	0.0	0.0	19712.0		1.0	1.0	False
I	R	0.0	0.0		0.0	0.0	0.0	19712.0		1.0	1.0	False
I	H	0.0	0.0		0.0	0.0	16.0	19696.0		1.0	1.0	False
M	G	0.0	6.428571428571429	0.0	0.0	240.0	528.0	18944.0	0.0	1.0	1.0	False
M	A	0.0	12.077922077922079	0.0	0.0	240.0	992.0	18480.0	0.0	1.0	1.0	False
M	V	0.0	4.87012987012987	0.0	0.0	240.0	400.0	19072.0	0.0	1.0	1.0	False
M	I	0.0	0.0	0.0	0.0	240.0	0.0	19472.0		1.0	1.0	False
M	F	0.0	0.19480519480519481	0.0	0.0	240.0	16.0	19456.0	0.0	1.0	1.0	False
M	Y	0.0	0.7792207792207793	0.0	0.0	240.0	64.0	19408.0	0.0	1.0	1.0	False
M	W	0.0	0.0	0.0	0.0	240.0	0.0	19472.0		1.0	1.0	False
M	S	0.0	18.506493506493506	0.0	0.0	240.0	1520.0	17952.0	0.0	1.0	1.0	False
M	T	0.0	50.25974025974026	0.0	0.0	240.0	4128.0	15344.0	0.0	1.0	1.0	False
M	C	0.0	0.0	0.0	0.0	240.0	0.0	19472.0		1.0	1.0	False
M	Q	0.0	4.48051948051948	0.0	0.0	240.0	368.0	19104.0	0.0	1.0	1.0	False
M	D	0.0	89.22077922077922	0.0	0.0	240.0	7328.0	12144.0	0.0	1.0	1.0	False
M	E	0.0	3.7012987012987013	0.0	0.0	240.0	304.0	19168.0	0.0	1.0	1.0	False
M	K	0.0	0.0	0.0	0.0	240.0	0.0	19472.0		1.0	1.0	False
M	R	0.0	0.0	0.0	0.0	240.0	0.0	19472.0		1.0	1.0	False
M	H	0.0	0.19480519480519481	0.0	0.0	240.0	16.0	19456.0	0.0	1.0	1.0	False
P	V	0.0	74.67532467532467	0.0	0.0	3680.0	400.0	15632.0	0.0	1.0	1.0	False
P	I	0.0	0.0	0.0	0.0	3680.0	0.0	16032.0		1.0	1.0	False
P	M	0.0	11.948051948051948	0.0	0.0	3680.0	64.0	15968.0	0.0	1.0	1.0	False
P	F	0.0	2.987012987012987	0.0	0.0	3680.0	16.0	16016.0	0.0	1.0	1.0	False
P	Y	0.0	11.948051948051948	0.0	0.0	3680.0	64.0	15968.0	0.0	1.0	1.0	False
P	W	0.0	0.0	0.0	0.0	3680.0	0.0	16032.0		1.0	1.0	False
P	C	0.0	0.0	0.0	0.0	3680.0	0.0	16032.0		1.0	1.0	False
P	N	0.0	358.4415584415584	0.0	0.0	3680.0	1920.0	14112.0	0.0	1.0	1.0	False
P	E	0.0	56.753246753246756	0.0	0.0	3680.0	304.0	15728.0	0.0	1.0	1.0	False
P	K	0.0	0.0	0.0	0.0	3680.0	0.0	16032.0		1.0	1.0	False
P	R	0.0	0.0	0.0	0.0	3680.0	0.0	16032.0		1.0	1.0	False
F	G	0.0	1.7142857142857142	0.0	0.0	64.0	528.0	19120.0	0.0	1.0	1.0	False
F	A	0.0	3.220779220779221	0.0	0.0	64.0	992.0	18656.0	0.0	1.0	1.0	False
F	V	0.0	1.2987012987012987	0.0	0.0	64.0	400.0	19248.0	0.0	1.0	1.0	False
F	I	0.0	0.0	0.0	0.0	64.0	0.0	19648.0		1.0	1.0	False
F	M	0.0	0.2077922077922078	0.0	0.0	64.0	64.0	19584.0	0.0	1.0	1.0	False
F	P	0.0	4.207792207792208	0.0	0.0	64.0	1296.0	18352.0	0.0	1.0	1.0	False
F	Y	0.0	0.2077922077922078	0.0	0.0	64.0	64.0	19584.0	0.0	1.0	1.0	False
F	W	0.0	0.0	0.0	0.0	64.0	0.0	19648.0		1.0	1.0	False
F	S	0.0	4.935064935064935	0.0	0.0	64.0	1520.0	18128.0	0.0	1.0	1.0	False
F	T	0.0	13.402597402597403	0.0	0.0	64.0	4128.0	15520.0	0.0	1.0	1.0	False
F	C	0.0	0.0	0.0	0.0	64.0	0.0	19648.0		1.0	1.0	False
F	N	0.0	6.233766233766234	0.0	0.0	64.0	1920.0	17728.0	0.0	1.0	1.0	False
F	Q	0.0	1.1948051948051948	0.0	0.0	64.0	368.0	19280.0	0.0	1.0	1.0	False
F	E	0.0	0.987012987012987	0.0	0.0	64.0	304.0	19344.0	0.0	1.0	1.0	False
F	K	0.0	0.0	0.0	0.0	64.0	0.0	19648.0		1.0	1.0	False
F	R	0.0	0.0	0.0	0.0	64.0	0.0	19648.0		1.0	1.0	False
F	H	0.0	0.05194805194805195	0.0	0.0	64.0	16.0	19632.0	0.0	1.0	1.0	False
Y	G	0.0	5.142857142857143	0.0	0.0	192.0	528.0	18992.0	0.0	1.0	1.0	False
Y	A	0.0	9.662337662337663	0.0	0.0	192.0	992.0	18528.0	0.0	1.0	1.0	False
Y	L	0.0	7.48051948051948	0.0	0.0	192.0	768.0	18752.0	0.0	1.0	1.0	False
Y	I	0.0	0.0	0.0	0.0	192.0	0.0	19520.0		1.0	1.0	False
Y	M	0.0	0.6233766233766234	0.0	0.0	192.0	64.0	19456.0	0.0	1.0	1.0	False
Y	P	0.0	12.623376623376624	0.0	0.0	192.0	1296.0	18224.0	0.0	1.0	1.0	False
Y	W	0.0	0.0	0.0	0.0	192.0	0.0	19520.0		1.0	1.0	False
Y	S	0.0	14.805194805194805	0.0	0.0	192.0	1520.0	18000.0	0.0	1.0	1.0	False
Y	C	0.0	0.0	0.0	0.0	192.0	0.0	19520.0		1.0	1.0	False
Y	N	0.0	18.7012987012987	0.0	0.0	192.0	1920.0	17600.0	0.0	1.0	1.0	False
Y	Q	0.0	3.5844155844155843	0.0	0.0	192.0	368.0	19152.0	0.0	1.0	1.0	False
Y	K	0.0	0.0	0.0	0.0	192.0	0.0	19520.0		1.0	1.0	False
Y	R	0.0	0.0	0.0	0.0	192.0	0.0	19520.0		1.0	1.0	False
Y	H	0.0	0.15584415584415584	0.0	0.0	192.0	16.0	19504.0	0.0	1.0	1.0	False
W	G	0.0	111.0	0.0	0.0	4144.0	528.0	15040.0	0.0	1.0	1.0	False
W	V	0.0	84.0909090909091	0.0	0.0	4144.0	400.0	15168.0	0.0	1.0	1.0	False
W	L	0.0	161.45454545454547	0.0	0.0	4144.0	768.0	14800.0	0.0	1.0	1.0	False
W	I	0.0	0.0	0.0	0.0	4144.0	0.0	15568.0		1.0	1.0	False
W	M	0.0	13.454545454545455	0.0	0.0	4144.0	64.0	15504.0	0.0	1.0	1.0	False
W	P	0.0	272.45454545454544	0.0	0.0	4144.0	1296.0	14272.0	0.0	1.0	1.0	False
W	F	0.0	3.3636363636363638	0.0	0.0	4144.0	16.0	15552.0	0.0	1.0	1.0	False
W	T	0.0	867.8181818181819	0.0	0.0	4144.0	4128.0	11440.0	0.0	1.0	1.0	False
W	C	0.0	0.0	0.0	0.0	4144.0	0.0	15568.0		1.0	1.0	False
W	Q	0.0	77.36363636363636	0.0	0.0	4144.0	368.0	15200.0	0.0	1.0	1.0	False
W	E	0.0	63.90909090909091	0.0	0.0	4144.0	304.0	15264.0	0.0	1.0	1.0	False
W	K	0.0	0.0	0.0	0.0	4144.0	0.0	15568.0		1.0	1.0	False
W	R	0.0	0.0	0.0	0.0	4144.0	0.0	15568.0		1.0	1.0	False
W	H	0.0	3.3636363636363638	0.0	0.0	4144.0	16.0	15552.0	0.0	1.0	1.0	False
S	A	0.0	23.350649350649352	0.0	0.0	464.0	992.0	18256.0	0.0	1.0	1.0	False
S	V	0.0	9.415584415584416	0.0	0.0	464.0	400.0	18848.0	0.0	1.0	1.0	False
S	I	0.0	0.0	0.0	0.0	464.0	0.0	19248.0		1.0	1.0	False
S	M	0.0	1.5064935064935066	0.0	0.0	464.0	64.0	19184.0	0.0	1.0	1.0	False
S	P	0.0	30.506493506493506	0.0	0.0	464.0	1296.0	17952.0	0.0	1.0	1.0	False
S	F	0.0	0.37662337662337664	0.0	0.0	464.0	16.0	19232.0	0.0	1.0	1.0	False
S	W	0.0	0.0	0.0	0.0	464.0	0.0	19248.0		1.0	1.0	False
S	T	0.0	97.16883116883118	0.0	0.0	464.0	4128.0	15120.0	0.0	1.0	1.0	False
S	C	0.0	0.0	0.0	0.0	464.0	0.0	19248.0		1.0	1.0	False
S	D	0.0	172.4935064935065	0.0	0.0	464.0	7328.0	11920.0	0.0	1.0	1.0	False
S	E	0.0	7.1558441558441555	0.0	0.0	464.0	304.0	18944.0	0.0	1.0	1.0	False
S	K	0.0	0.0	0.0	0.0	464.0	0.0	19248.0		1.0	1.0	False
S	R	0.0	0.0	0.0	0.0	464.0	0.0	19248.0		1.0	1.0	False
S	H	0.0	0.37662337662337664	0.0	0.0	464.0	16.0	19232.0	0.0	1.0	1.0	False
T	I	0.0	0.0	0.0	0.0	4080.0	0.0	15632.0		1.0	1.0	False
T	M	0.0	13.246753246753247	0.0	0.0	4080.0	64.0	15568.0	0.0	1.0	1.0	False
T	P	0.0	268.24675324675326	0.0	0.0	4080.0	1296.0	14336.0	0.0	1.0	1.0	False
T	F	0.0	3.311688311688312	0.0	0.0	4080.0	16.0	15616.0	0.0	1.0	1.0	False
T	Y	0.0	13.246753246753247	0.0	0.0	4080.0	64.0	15568.0	0.0	1.0	1.0	False
T	W	0.0	0.0	0.0	0.0	4080.0	0.0	15632.0		1.0	1.0	False
T	C	0.0	0.0	0.0	0.0	4080.0	0.0	15632.0		1.0	1.0	False
T	Q	0.0	76.16883116883118	0.0	0.0	4080.0	368.0	15264.0	0.0	1.0	1.0	False
T	E	0.0	62.922077922077925	0.0	0.0	4080.0	304.0	15328.0	0.0	1.0	1.0	False
T	K	0.0	0.0	0.0	0.0	4080.0	0.0	15632.0		1.0	1.0	False
T	R	0.0	0.0	0.0	0.0	4080.0	0.0	15632.0		1.0	1.0	False
T	H	0.0	3.311688311688312	0.0	0.0	4080.0	16.0	15616.0	0.0	1.0	1.0	False
C	G	0.0	0.0		0.0	0.0	528.0	19184.0		1.0	1.0	False
C	A	0.0	0.0		0.0	0.0	992.0	18720.0		1.0	1.0	False
C	V	0.0	0.0		0.0	0.0	400.0	19312.0		1.0	1.0	False
C	L	0.0	0.0		0.0	0.0	768.0	18944.0		1.0	1.0	False
C	I	0.0	0.0		0.0	0.0	0.0	19712.0		1.0	1.0	False
C	M	0.0	0.0		0.0	0.0	64.0	19648.0		1.0	1.0	False
C	P	0.0	0.0		0.0	0.0	1296.0	18416.0		1.0	1.0	False
C	F	0.0	0.0		0.0	0.0	16.0	19696.0		1.0	1.0	False
C	Y	0.0	0.0		0.0	0.0	64.0	19648.0		1.0	1.0	False
C	W	0.0	0.0		0.0	0.0	0.0	19712.0		1.0	1.0	False
C	S	0.0	0.0		0.0	0.0	1520.0	18192.0		1.0	1.0	False
C	T	0.0	0.0		0.0	0.0	4128.0	15584.0		1.0	1.0	False
C	N	0.0	0.0		0.0	0.0	1920.0	17792.0		1.0	1.0	False
C	Q	0.0	0.0		0.0	0.0	368.0	19344.0		1.0	1.0	False
C	D	0.0	0.0		0.0	0.0	7328.0	12384.0		1.0	1.0	False
C	E	0.0	0.0		0.0	0.0	304.0	19408.0		1.0	1.0	False
C	K	0.0	0.0		0.0	0.0	0.0	19712.0		1.0	1.0	False
C	R	0.0	0.0		0.0	0.0	0.0	19712.0		1.0	1.0	False
C	H	0.0	0.0		0.0	0.0	16.0	19696.0		1.0	1.0	False
N	I	0.0	0.0	0.0	0.0	144.0	0.0	19568.0		1.0	1.0	False
N	P	0.0	9.467532467532468	0.0	0.0	144.0	1296.0	18272.0	0.0	1.0	1.0	False
N	F	0.0	0.11688311688311688	0.0	0.0	144.0	16.0	19552.0	0.0	1.0	1.0	False
N	Y	0.0	0.4675324675324675	0.0	0.0	144.0	64.0	19504.0	0.0	1.0	1.0	False
N	W	0.0	0.0	0.0	0.0	144.0	0.0	19568.0		1.0	1.0	False
N	S	0.0	11.103896103896103	0.0	0.0	144.0	1520.0	18048.0	0.0	1.0	1.0	False
N	C	0.0	0.0	0.0	0.0	144.0	0.0	19568.0		1.0	1.0	False
N	Q	0.0	2.688311688311688	0.0	0.0	144.0	368.0	19200.0	0.0	1.0	1.0	False
N	D	0.0	53.532467532467535	0.0	0.0	144.0	7328.0	12240.0	0.0	1.0	1.0	False
N	E	0.0	2.220779220779221	0.0	0.0	144.0	304.0	19264.0	0.0	1.0	1.0	False
N	K	0.0	0.0	0.0	0.0	144.0	0.0	19568.0		1.0	1.0	False
N	R	0.0	0.0	0.0	0.0	144.0	0.0	19568.0		1.0	1.0	False
N	H	0.0	0.11688311688311688	0.0	0.0	144.0	16.0	19552.0	0.0	1.0	1.0	False
Q	V	0.0	4.87012987012987	0.0	0.0	240.0	400.0	19072.0	0.0	1.0	1.0	False
Q	I	0.0	0.0	0.0	0.0	240.0	0.0	19472.0		1.0	1.0	False
Q	M	0.0	0.7792207792207793	0.0	0.0	240.0	64.0	19408.0	0.0	1.0	1.0	False
Q	P	0.0	15.779220779220779	0.0	0.0	240.0	1296.0	18176.0	0.0	1.0	1.0	False
Q	F	0.0	0.19480519480519481	0.0	0.0	240.0	16.0	19456.0	0.0	1.0	1.0	False
Q	Y	0.0	0.7792207792207793	0.0	0.0	240.0	64.0	19408.0	0.0	1.0	1.0	False
Q	W	0.0	0.0	0.0	0.0	240.0	0.0	19472.0		1.0	1.0	False
Q	S	0.0	18.506493506493506	0.0	0.0	240.0	1520.0	17952.0	0.0	1.0	1.0	False
Q	C	0.0	0.0	0.0	0.0	240.0	0.0	19472.0		1.0	1.0	False
Q	D	0.0	89.22077922077922	0.0	0.0	240.0	7328.0	12144.0	0.0	1.0	1.0	False
Q	E	0.0	3.7012987012987013	0.0	0.0	240.0	304.0	19168.0	0.0	1.0	1.0	False
Q	K	0.0	0.0	0.0	0.0	240.0	0.0	19472.0		1.0	1.0	False
Q	R	0.0	0.0	0.0	0.0	240.0	0.0	19472.0		1.0	1.0	False
Q	H	0.0	0.19480519480519481	0.0	0.0	240.0	16.0	19456.0	0.0	1.0	1.0	False
D	G	0.0	3.857142857142857	0.0	0.0	144.0	528.0	19040.0	0.0	1.0	1.0	False
D	V	0.0	2.9220779220779223	0.0	0.0	144.0	400.0	19168.0	0.0	1.0	1.0	False
D	L	0.0	5.6103896103896105	0.0	0.0	144.0	768.0	18800.0	0.0	1.0	1.0	False
D	I	0.0	0.0	0.0	0.0	144.0	0.0	19568.0		1.0	1.0	False
D	P	0.0	9.467532467532468	0.0	0.0	144.0	1296.0	18272.0	0.0	1.0	1.0	False
D	F	0.0	0.11688311688311688	0.0	0.0	144.0	16.0	19552.0	0.0	1.0	1.0	False
D	Y	0.0	0.4675324675324675	0.0	0.0	144.0	64.0	19504.0	0.0	1.0	1.0	False
D	W	0.0	0.0	0.0	0.0	144.0	0.0	19568.0		1.0	1.0	False
D	T	0.0	30.155844155844157	0.0	0.0	144.0	4128.0	15440.0	0.0	1.0	1.0	False
D	C	0.0	0.0	0.0	0.0	144.0	0.0	19568.0		1.0	1.0	False
D	N	0.0	14.025974025974026	0.0	0.0	144.0	1920.0	17648.0	0.0	1.0	1.0	False
D	Q	0.0	2.688311688311688	0.0	0.0	144.0	368.0	19200.0	0.0	1.0	1.0	False
D	E	0.0	2.220779220779221	0.0	0.0	144.0	304.0	19264.0	0.0	1.0	1.0	False
D	K	0.0	0.0	0.0	0.0	144.0	0.0	19568.0		1.0	1.0	False
D	R	0.0	0.0	0.0	0.0	144.0	0.0	19568.0		1.0	1.0	False
D	H	0.0	0.11688311688311688	0.0	0.0	144.0	16.0	19552.0	0.0	1.0	1.0	False
E	V	0.0	12.987012987012987	0.0	0.0	640.0	400.0	18672.0	0.0	1.0	1.0	False
E	I	0.0	0.0	0.0	0.0	640.0	0.0	19072.0		1.0	1.0	False
E	M	0.0	2.0779220779220777	0.0	0.0	640.0	64.0	19008.0	0.0	1.0	1.0	False
E	P	0.0	42.077922077922075	0.0	0.0	640.0	1296.0	17776.0	0.0	1.0	1.0	False
E	F	0.0	0.5194805194805194	0.0	0.0	640.0	16.0	19056.0	0.0	1.0	1.0	False
E	Y	0.0	2.0779220779220777	0.0	0.0	640.0	64.0	19008.0	0.0	1.0	1.0	False
E	W	0.0	0.0	0.0	0.0	640.0	0.0	19072.0		1.0	1.0	False
E	S	0.0	49.35064935064935	0.0	0.0	640.0	1520.0	17552.0	0.0	1.0	1.0	False
E	C	0.0	0.0	0.0	0.0	640.0	0.0	19072.0		1.0	1.0	False
E	Q	0.0	11.948051948051948	0.0	0.0	640.0	368.0	18704.0	0.0	1.0	1.0	False
E	K	0.0	0.0	0.0	0.0	640.0	0.0	19072.0		1.0	1.0	False
E	R	0.0	0.0	0.0	0.0	640.0	0.0	19072.0		1.0	1.0	False
E	H	0.0	0.5194805194805194	0.0	0.0	640.0	16.0	19056.0	0.0	1.0	1.0	False
K	G	0.0	0.0		0.0	0.0	528.0	19184.0		1.0	1.0	False
K	A	0.0	0.0		0.0	0.0	992.0	18720.0		1.0	1.0	False
K	V	0.0	0.0		0.0	0.0	400.0	19312.0		1.0	1.0	False
K	L	0.0	0.0		0.0	0.0	768.0	18944.0		1.0	1.0	False
K	I	0.0	0.0		0.0	0.0	0.0	19712.0		1.0	1.0	False
K	M	0.0	0.0		0.0	0.0	64.0	19648.0		1.0	1.0	False
K	P	0.0	0.0		0.0	0.0	1296.0	18416.0		1.0	1.0	False
K	F	0.0	0.0		0.0	0.0	16.0	19696.0		1.0	1.0	False
K	Y	0.0	0.0		0.0	0.0	64.0	19648.0		1.0	1.0	False
K	W	0.0	0.0		0.0	0.0	0.0	19712.0		1.0	1.0	False
K	S	0.0	0.0		0.0	0.0	1520.0	18192.0		1.0	1.0	False
K	T	0.0	0.0		0.0	0.0	4128.0	15584.0		1.0	1.0	False
K	C	0.0	0.0		0.0	0.0	0.0	19712.0		1.0	1.0	False
K	N	0.0	0.0		0.0	0.0	1920.0	17792.0		1.0	1.0	False
K	Q	0.0	0.0		0.0	0.0	368.0	19344.0		1.0	1.0	False
K	D	0.0	0.0		0.0	0.0	7328.0	12384.0		1.0	1.0	False
K	E	0.0	0.0		0.0	0.0	304.0	19408.0		1.0	1.0	False
K	R	0.0	0.0		0.0	0.0	0.0	19712.0		1.0	1.0	False
K	H	0.0	0.0		0.0	0.0	16.0	19696.0		1.0	1.0	False
R	G	0.0	0.42857142857142855	0.0	0.0	16.0	528.0	19168.0	0.0	1.0	1.0	False
R	A	0.0	0.8051948051948052	0.0	0.0	16.0	992.0	18704.0	0.0	1.0	1.0	False
R	V	0.0	0.3246753246753247	0.0	0.0	16.0	400.0	19296.0	0.0	1.0	1.0	False
R	L	0.0	0.6233766233766234	0.0	0.0	16.0	768.0	18928.0	0.0	1.0	1.0	False
R	I	0.0	0.0	0.0	0.0	16.0	0.0	19696.0		1.0	1.0	False
R	M	0.0	0.05194805194805195	0.0	0.0	16.0	64.0	19632.0	0.0	1.0	1.0	False
R	P	0.0	1.051948051948052	0.0	0.0	16.0	1296.0	18400.0	0.0	1.0	1.0	False
R	F	0.0	0.012987012987012988	0.0	0.0	16.0	16.0	19680.0	0.0	1.0	1.0	False
R	Y	0.0	0.05194805194805195	0.0	0.0	16.0	64.0	19632.0	0.0	1.0	1.0	False
R	W	0.0	0.0	0.0	0.0	16.0	0.0	19696.0		1.0	1.0	False
R	S	0.0	1.2337662337662338	0.0	0.0	16.0	1520.0	18176.0	0.0	1.0	1.0	False
R	T	0.0	3.3506493506493507	0.0	0.0	16.0	4128.0	15568.0	0.0	1.0	1.0	False
R	C	0.0	0.0	0.0	0.0	16.0	0.0	19696.0		1.0	1.0	False
R	N	0.0	1.5584415584415585	0.0	0.0	16.0	1920.0	17776.0	0.0	1.0	1.0	False
R	Q	0.0	0.2987012987012987	0.0	0.0	16.0	368.0	19328.0	0.0	1.0	1.0	False
R	E	0.0	0.24675324675324675	0.0	0.0	16.0	304.0	19392.0	0.0	1.0	1.0	False
R	K	0.0	0.0	0.0	0.0	16.0	0.0	19696.0		1.0	1.0	False
R	H	0.0	0.012987012987012988	0.0	0.0	16.0	16.0	19680.0	0.0	1.0	1.0	False
H	G	0.0	21.428571428571427	0.0	0.0	800.0	528.0	18384.0	0.0	1.0	1.0	False
H	A	0.0	40.25974025974026	0.0	0.0	800.0	992.0	17920.0	0.0	1.0	1.0	False
H	V	0.0	16.233766233766232	0.0	0.0	800.0	400.0	18512.0	0.0	1.0	1.0	False
H	L	0.0	31.16883116883117	0.0	0.0	800.0	768.0	18144.0	0.0	1.0	1.0	False
H	I	0.0	0.0	0.0	0.0	800.0	0.0	18912.0		1.0	1.0	False
H	M	0.0	2.5974025974025974	0.0	0.0	800.0	64.0	18848.0	0.0	1.0	1.0	False
H	P	0.0	52.5974025974026	0.0	0.0	800.0	1296.0	17616.0	0.0	1.0	1.0	False
H	F	0.0	0.6493506493506493	0.0	0.0	800.0	16.0	18896.0	0.0	1.0	1.0	False
H	Y	0.0	2.5974025974025974	0.0	0.0	800.0	64.0	18848.0	0.0	1.0	1.0	False
H	W	0.0	0.0	0.0	0.0	800.0	0.0	18912.0		1.0	1.0	False
H	S	0.0	61.688311688311686	0.0	0.0	800.0	1520.0	17392.0	0.0	1.0	1.0	False
H	T	0.0	167.53246753246754	0.0	0.0	800.0	4128.0	14784.0	0.0	1.0	1.0	False
H	C	0.0	0.0	0.0	0.0	800.0	0.0	18912.0		1.0	1.0	False
H	K	0.0	0.0	0.0	0.0	800.0	0.0	18912.0		1.0	1.0	False
H	R	0.0	0.0	0.0	0.0	800.0	0.0	18912.0		1.0	1.0	False
