Dataset	aa_sub	Count	Odds_ratio	pval	FDR	log2_OR	Sig
Heart	P to T	288	0.18190673322780956	2.263972738343553e-217	2.37717137526073e-215	-2.4587291499486095	***
Heart	W to N	496	10.770918367346939	2.8824967953656335e-160	1.5133108175669575e-158	3.429069359396376	***
Skin	P to T	768	3.7267080745341614	1.179071451063139e-124	4.126750078720986e-123	1.8979018123812639	***
Skin	W to D	64	0.1481967213114754	1.0155954931084468e-85	2.6659381694096724e-84	-2.754414564922423	***
Aorta	V to P	464	3.5227564102564104	6.339086979476409e-79	1.331208265690046e-77	1.816704719549053	***
Heart	H to D	288	5.271317829457364	4.668825596669694e-62	8.170444794171964e-61	2.3981636807144477	***
Heart	W to D	1232	2.036683417085427	2.885570136536671e-61	4.328355204805006e-60	1.0262217446158295	***
Heart	V to P	128	0.2682240969067705	3.8927056348070635e-58	5.10917614568427e-57	-1.8984892419617039	***
Heart	W to A	304	4.556773965334276	6.647285162544627e-58	7.755166022968732e-57	2.188012808748754	***
Skin	T to D	128	0.3003565062388592	1.815271755881684e-49	1.9060353436757683e-48	-1.7352521794269344	***
Brain	T to N	128	6.264550264550264	7.555677569362824e-49	7.212237679846332e-48	2.6472109414078773	***
Muscle	P to T	320	0.4347204347204347	4.484887130521755e-46	3.924276239206536e-45	-1.2018401815190747	***
Kidney	P to T	880	1.9704433497536946	1.3467561037722894e-45	1.0877645453545413e-44	0.9785202725895485	***
Kidney	V to P	64	0.23656795997047003	7.340361668765003e-42	5.505271251573753e-41	-2.079673402113247	***
Kidney	W to A	0	0.0	9.479264722999588e-42	6.635485306099712e-41	-inf	***
Aorta	P to T	800	1.8665974265766545	1.2611070369958635e-36	8.276014930285354e-36	0.9004108117059505	***
Skin	E to D	112	5.576382380506092	1.980039605209642e-36	1.2229656385118375e-35	2.4793294922582434	***
Aorta	H to D	0	0.0	7.40807805489124e-35	4.321378865353223e-34	-inf	***
Kidney	W to N	16	0.11702786377708978	2.1044221708825486e-33	1.1629701470666717e-32	-3.0950760253602145	***
Aorta	W to D	288	0.48117839607201307	2.3903603104629308e-32	1.2549391629930388e-31	-1.0553562249823651	***
Skin	W to N	0	0.0	4.693363762310086e-32	2.346681881155043e-31	-inf	***
Skin	A to T	96	5.210204081632653	7.218090703689495e-30	3.4449978358518043e-29	2.3813398834045483	***
Muscle	T to D	736	1.6397843547144901	4.42803717219702e-23	2.0214952307855962e-22	0.7135061009165898	***
Skin	H to D	0	0.0	4.019250567129385e-22	1.758422123119106e-21	-inf	***
Muscle	A to T	0	0.0	4.906839501375021e-22	2.0608725905775088e-21	-inf	***
Liver	A to T	48	6.210407239819005	2.85812529974523e-20	1.1542429095124965e-19	2.6346878745011293	***
Heart	A to T	16	0.1633939393939394	2.2441364950662517e-19	8.727197480813202e-19	-2.613573622838682	***
Muscle	E to T	96	3.6527777777777777	4.676050175987872e-19	1.753518815995452e-18	1.86899398784999	***
Aorta	E to T	0	0.0	3.368201905444366e-18	1.2195213795574428e-17	-inf	***
Liver	T to D	208	2.2202380952380953	6.2461332699549806e-18	2.1861466444842435e-17	1.1507143974764775	***
Brain	W to N	0	0.0	3.2414543698779907e-15	1.0979119639909324e-14	-inf	***
Liver	W to D	48	0.3567774936061381	1.1398304003059947e-14	3.740068501004045e-14	-1.4869034854781649	***
Kidney	W to D	672	1.4572574178027264	1.6484415244180476e-13	5.245041214057424e-13	0.5432557453397101	***
Brain	G to D	48	3.8297872340425534	5.224976269797352e-13	1.613595612731535e-12	1.9372642446520374	***
Heart	G to D	32	0.30702554744525545	7.93638614681747e-13	2.380915844045241e-12	-1.7035693883502097	***
Heart	A to S	384	1.5873015873015872	1.721126422688908e-11	5.019952066175982e-11	0.6665762662748081	***
Liver	W to N	0	0.0	2.995876742055888e-11	8.501812376104547e-11	-inf	***
Skin	A to V	64	2.83	7.511939018041475e-11	2.0756673602483025e-10	1.5008020530571577	***
Aorta	W to N	48	0.4113247863247863	7.837776950786624e-11	2.1101707175194756e-10	-1.2816500840011409	***
Brain	H to D	0	0.0	1.4172571292322214e-10	3.7202999642345814e-10	-inf	***
Kidney	H to D	32	0.3640236686390533	5.573757482232309e-10	1.42742569666925e-09	-1.4578958380950824	***
Kidney	G to D	16	0.2688581314878893	1.107680823685619e-09	2.7692020592140473e-09	-1.8950829889803311	***
Skin	W to A	16	0.27854034147974555	2.047341556064783e-09	4.999322404344238e-09	-1.8440418041696984	***
Muscle	E to D	16	0.27474462839027824	2.3380085327592038e-09	5.579338544084464e-09	-1.863836819974781	***
Liver	A to V	32	3.730612244897959	3.862338900657277e-09	9.012124101533646e-09	1.899412416055499	***
Liver	W to A	0	0.0	8.724513655395575e-09	1.9914650735142073e-08	-inf	***
Skin	G to D	64	2.42	1.3567836821647923e-08	3.0311124814319826e-08	1.2750070474998698	***
Heart	H to N	144	1.901685393258427	2.106661169120142e-08	4.608321307450311e-08	0.927278592608599	***
Brain	H to N	0	0.0	2.7413771971333096e-08	5.874379708142806e-08	-inf	***
Muscle	V to P	288	1.5010169491525425	3.037647597402108e-08	6.379059954544428e-08	0.5859402676449864	***
Liver	H to D	0	0.0	6.631576153577919e-08	1.3653245022072187e-07	-inf	***
Kidney	A to V	16	0.30549019607843136	8.858137991729096e-08	1.7886624790991443e-07	-1.7108020136845512	***
Kidney	T to D	656	1.3106893106893107	1.1141477137896594e-07	2.2072737726021554e-07	0.39032574578209017	***
Muscle	W to N	64	0.5310104529616725	4.711045035329231e-07	9.160365346473506e-07	-0.913187834069728	***
Heart	T to D	784	0.8028181763321465	1.3211353376210426e-06	2.522167462731081e-06	-0.3168548142513625	***
Aorta	A to V	16	0.3337552742616034	1.448159666509992e-06	2.715299374706235e-06	-1.5831374593128296	***
Heart	E to D	48	0.4937728937728938	2.5610169830666903e-06	4.717662863543904e-06	-1.0180804546253563	***
Heart	T to N	112	0.6143122676579925	2.810733419521487e-06	5.088396707754416e-06	-0.7029559010489326	***
Liver	H to N	0	0.0	3.84083084721532e-06	6.835376931484892e-06	-inf	***
Heart	E to T	96	1.8916666666666666	4.695634957498277e-06	8.217361175621985e-06	0.9196578916823964	***
Kidney	E to T	16	0.35339366515837106	5.700274076938566e-06	9.811947181615563e-06	-1.5006519161368146	***
Muscle	H to D	112	1.6891304347826086	7.918135914806239e-06	1.3409746307333146e-05	0.7562807374633348	***
Muscle	G to D	80	1.849929211892402	9.686853801121681e-06	1.6144756335202804e-05	0.8874700666304008	***
Brain	E to T	0	0.0	1.1123715515609278e-05	1.824984576779647e-05	-inf	***
Liver	A to S	16	0.38799283154121866	2.8068731148036923e-05	4.53417964699058e-05	-1.3658980971024626	***
Brain	W to D	112	0.6647286821705426	5.105378586312189e-05	8.122193205496665e-05	-0.5891624892504419	***
Muscle	T to N	64	0.6026750590086546	8.519519190313592e-05	0.00013351485298252646	-0.7305477330800019	***
Skin	H to N	16	0.408252427184466	0.00011577682904041136	0.00017877304484181165	-1.2924666318154365	***
Liver	E to T	0	0.0	0.00029602581071928787	0.00045047405979022065	-inf	***
Aorta	T to D	448	0.8178452255793756	0.0003252763556895145	0.00048791453353427177	-0.29010025100690406	***
Aorta	T to N	64	0.6451612903225806	0.0007466609880582708	0.0011042169541706822	-0.632268215499513	**
Brain	A to S	32	0.5833333333333334	0.0019740189664097896	0.00287877765934761	-0.777607578663552	**
Kidney	E to D	32	0.5754437869822485	0.0023051922057982354	0.003315687419298832	-0.7972530912959924	**
Muscle	H to N	80	1.4973159509202454	0.002763968418608392	0.003921847080457854	0.5823786787982641	**
Muscle	W to D	576	1.1667670078266106	0.0034208547007568285	0.00478919658105956	0.22251649745270505	**
Muscle	A to S	144	0.7788259958071279	0.006749499737874058	0.009324966743115474	-0.36062705546691537	**
Skin	V to P	160	1.2607176881549698	0.01105845004220167	0.01507970460300228	0.3342452498949102	*
Aorta	G to D	32	0.6289808917197452	0.012684200865352005	0.017074885780281546	-0.6689119058271616	*
Muscle	W to A	64	0.723264540337711	0.01692427510263108	0.022494289693370424	-0.4674046728441416	*
Liver	T to N	32	1.5497835497835497	0.02425296091529141	0.031832011201319975	0.6320667358481988	*
Kidney	A to T	32	0.6593406593406593	0.025801933148493772	0.03344695037767711	-0.6009040445901778	*
Brain	V to P	80	1.3009259259259258	0.03743573615430669	0.04793600361222198	0.3795388180574574	*
Aorta	W to A	64	0.7741935483870968	0.06072896852917972	0.0768258035610105	-0.36923380966571906	
Skin	E to T	16	0.6333084391336818	0.08211066228921897	0.1026383278615237	-0.6590197907611114	
Kidney	H to N	48	0.7698412698412699	0.09702033280581338	0.11984864640718122	-0.37736708131278873	
Kidney	A to S	160	0.8683932966131489	0.11456693073500787	0.13987822938576544	-0.20357950548462006	
Liver	E to D	16	1.488562091503268	0.12157183969103165	0.14505730872225367	0.573919401109399	
Liver	G to D	16	1.488562091503268	0.12157183969103165	0.14505730872225367	0.573919401109399	
Brain	W to A	32	1.3199404761904763	0.14209855448889602	0.1676443620374616	0.4004728715223037	
Skin	A to S	96	0.8635875402792696	0.20713459954875077	0.24165703280687592	-0.211585666379865	
Heart	A to V	64	0.8296568627450981	0.20980011111619334	0.2420770512879154	-0.26941331839649874	
Brain	P to T	160	0.8994974874371859	0.25199115304263964	0.2875985985812735	-0.1528088432793924	
Aorta	H to N	48	0.8418803418803419	0.298158647160516	0.3366307306650987	-0.24831290012702825	
Aorta	A to T	48	1.1730769230769231	0.30898396968554454	0.3451416682657678	0.2302976194217942	
Aorta	A to S	176	1.0777027027027026	0.3799789788302864	0.4199767660755797	0.1079592481359195	
Brain	A to V	16	1.2244897959183674	0.39460140157839063	0.4271458470693919	0.29218075149331035	
Brain	A to T	16	1.2244897959183674	0.39460140157839063	0.4271458470693919	0.29218075149331035	
Muscle	A to V	48	1.0965034965034965	0.5609023548492815	0.6009668087670873	0.1329104124494565	
Skin	T to N	64	1.070967741935484	0.6268133514365308	0.6648020394023813	0.09891502607268729	
Kidney	T to N	96	0.9592476489028213	0.7780262696758602	0.8169275831596533	-0.06002477107221759	
Brain	E to D	16	1.078031212484994	0.7875552455870216	0.8187455523429432	0.10839894937559932	
Liver	V to P	48	1.0182829888712241	0.8771369319649045	0.9029350770226958	0.026138553462357352	
Aorta	E to D	48	1.014102564102564	0.9360760908210444	0.9450768224635544	0.020203570723181054	
Brain	T to D	160	0.9864864864864865	0.9279491302194438	0.9450768224635544	-0.019628806748932512	
Liver	P to T	128	0.9977697718305026	1.0	1.0	-0.0032211323869064095	
