Dataset	aa_sub	rho	p	n_saap	FDR	Significance
Aorta	A to L			2		ns
Aorta	A to N			2		ns
Aorta	A to S	-0.05282705437953742	0.7334309973068567	11	1.0	ns
Aorta	A to T	-0.15114173098063566	0.6391482744329767	3	1.0	ns
Aorta	D to S			2		ns
Aorta	E to D	-0.4318335170875305	0.1609667877117079	3	1.0	ns
Aorta	G to D			2		ns
Aorta	H to N	-0.10795837927188262	0.7384067613269683	3	1.0	ns
Aorta	M to L			2		ns
Aorta	P to Q	0.2806917861068948	0.3768448236890315	3	1.0	ns
Aorta	P to T	-0.0017815946093272174	0.9800249364999148	50	1.0	ns
Aorta	S to G	-0.043183351708753044	0.8939922611240125	3	1.0	ns
Aorta	S to N			2		ns
Aorta	T to D	-0.015561714099249117	0.8706349721706932	28	1.0	ns
Aorta	T to N	0.08488746876271655	0.7546067363131004	4	1.0	ns
Aorta	T to S	-0.10795837927188262	0.7384067613269683	3	1.0	ns
Aorta	V to L			2		ns
Aorta	V to N			2		ns
Aorta	V to P	0.012895320811759668	0.8907237515425774	29	1.0	ns
Aorta	V to Q			2		ns
Aorta	W to A	0.024253562503633298	0.9289571900858598	4	1.0	ns
Aorta	W to D	0.003586441622124543	0.9761472452738313	18	1.0	ns
Aorta	W to N	0.043183351708753044	0.8939922611240125	3	1.0	ns
Aorta	W to S			2		ns
Brain	A to S			2		ns
Brain	G to A			2		ns
Brain	G to D	0.043183351708753044	0.8939922611240125	3	1.0	ns
Brain	G to S			2		ns
Brain	L to S			2		ns
Brain	P to T	-0.04067903932186813	0.8031893166716491	10	1.0	ns
Brain	T to A			2		ns
Brain	T to D	-0.007752025329784146	0.9621353801544611	10	1.0	ns
Brain	T to N	-0.006054493496206035	0.9737647162352645	8	1.0	ns
Brain	V to L			2		ns
Brain	V to P	-0.0077556673432948135	0.9741120862735356	5	1.0	ns
Brain	V to T	0.048507125007266595	0.8584142391733477	4	1.0	ns
Brain	W to A			2		ns
Brain	W to D	-0.07909093319403808	0.6891146773835218	7	1.0	ns
Heart	A to E	-0.23750843439814176	0.45729586926772514	3	1.0	ns
Heart	A to G			2		ns
Heart	A to L	0.09701425001453319	0.7207748119107176	4	1.0	ns
Heart	A to S	0.0013448588493413856	0.989624390153955	24	1.0	ns
Heart	A to V	-0.10914103126634986	0.68742159692492	4	1.0	ns
Heart	E to D	0.021591675854376522	0.9468972505712083	3	1.0	ns
Heart	E to T	-0.05383819020581656	0.8027010035169548	6	1.0	ns
Heart	G to D			2		ns
Heart	H to D	0.005379662433186815	0.9642273858241908	18	1.0	ns
Heart	H to N	0.019133226755578006	0.9118083441643452	9	1.0	ns
Heart	N to L			2		ns
Heart	P to A			2		ns
Heart	P to Q			2		ns
Heart	P to T	0.012552545677435903	0.9166520605359109	18	1.0	ns
Heart	Q to G			2		ns
Heart	S to N	-0.21591675854376524	0.5003162216868782	3	1.0	ns
Heart	T to D	0.008226772188281833	0.9088889685642048	49	1.0	ns
Heart	T to N	0.04350001325672094	0.8260348910609251	7	1.0	ns
Heart	T to S			2		ns
Heart	V to E	-0.08636670341750609	0.7895566704874586	3	1.0	ns
Heart	V to P	0.06054493496206034	0.7420274963768911	8	1.0	ns
Heart	V to Q			2		ns
Heart	V to T	0.23750843439814176	0.45729586926772514	3	1.0	ns
Heart	W to A	0.013411768195726988	0.9084542631330716	19	1.0	ns
Heart	W to D	-0.0014371071464619662	0.9799603715252841	77	1.0	ns
Heart	W to N	-0.008060581258766762	0.929200150619536	31	1.0	ns
Heart	Y to D	0.0	1.0	4	1.0	ns
Kidney	A to S	-0.02711935954791209	0.8680707965439063	10	1.0	ns
Kidney	A to T			2		ns
Kidney	E to D			2		ns
Kidney	H to D			2		ns
Kidney	H to N	0.15114173098063566	0.6391482744329767	3	1.0	ns
Kidney	P to Q	0.03954546659701904	0.841642948548343	7	1.0	ns
Kidney	P to T	0.005953573094209815	0.9300328693557895	55	1.0	ns
Kidney	S to G			2		ns
Kidney	T to D	0.007488060606331443	0.9241862944198809	41	1.0	ns
Kidney	T to N	0.06460582824697986	0.7642382483763439	6	1.0	ns
Kidney	V to L			2		ns
Kidney	V to P	-0.024253562503633298	0.9289571900858598	4	1.0	ns
Kidney	W to D	0.006477042676127216	0.933592209474467	42	1.0	ns
Liver	A to D	0.12955005512625917	0.6882128190799855	3	1.0	ns
Liver	A to L			2		ns
Liver	A to T	-0.08636670341750609	0.7895566704874586	3	1.0	ns
Liver	A to V			2		ns
Liver	M to L			2		ns
Liver	P to T	0.02119072723672112	0.9083529157912827	8	1.0	ns
Liver	S to N	-0.15114173098063566	0.6391482744329767	3	1.0	ns
Liver	T to A	0.021591675854376522	0.9468972505712083	3	1.0	ns
Liver	T to D	0.05844931504632744	0.6806397102845965	13	1.0	ns
Liver	T to N			2		ns
Liver	V to L	-0.13339459376998314	0.6223613103128188	4	1.0	ns
Liver	V to P	0.043183351708753044	0.8939922611240125	3	1.0	ns
Liver	W to D	0.21591675854376524	0.5003162216868782	3	1.0	ns
Muscle	A to E			2		ns
Muscle	A to S	0.05500802692228677	0.7499983408296186	9	1.0	ns
Muscle	A to V	-0.2806917861068948	0.3768448236890315	3	1.0	ns
Muscle	D to S	0.12955005512625917	0.6882128190799855	3	1.0	ns
Muscle	E to T	0.010767638041163312	0.9601736452803525	6	1.0	ns
Muscle	G to D	-0.21715868561225476	0.3577438652181161	5	1.0	ns
Muscle	G to V			2		ns
Muscle	H to D	-0.02372727995821142	0.9046056788085468	7	1.0	ns
Muscle	H to N	-0.0077556673432948135	0.9741120862735356	5	1.0	ns
Muscle	L to T			2		ns
Muscle	P to T	-0.0629408968255304	0.5791335797748298	20	1.0	ns
Muscle	S to N			2		ns
Muscle	T to D	0.013361623809613195	0.857137838065371	46	1.0	ns
Muscle	T to N	0.24433888871261047	0.36176488865649925	4	1.0	ns
Muscle	V to E	-0.024253562503633298	0.9289571900858598	4	1.0	ns
Muscle	V to P	0.015541247029206354	0.896905297946047	18	1.0	ns
Muscle	V to T			2		ns
Muscle	W to A	0.0	1.0	4	1.0	ns
Muscle	W to D	0.00029884851369551825	0.9971635846157973	36	1.0	ns
Muscle	W to N	-0.0727606875108999	0.7888622154669134	4	1.0	ns
Muscle	Y to V			2		ns
Skin	A to E	-0.043183351708753044	0.8939922611240125	3	1.0	ns
Skin	A to L			2		ns
Skin	A to S	0.059222009226398205	0.7834080950136205	6	1.0	ns
Skin	A to T	-0.03230291412348993	0.8808893279660679	6	1.0	ns
Skin	A to V	-0.15764815627361645	0.5598217157905654	4	1.0	ns
Skin	E to D	-0.14631822640897044	0.4575080511169328	7	1.0	ns
Skin	E to G			2		ns
Skin	G to D	-0.32742309379904955	0.21574193436157935	4	1.0	ns
Skin	G to S	-0.1455213750217998	0.5907532981038295	4	1.0	ns
Skin	M to L	0.031022669373179254	0.8966969975396046	5	1.0	ns
Skin	M to N			2		ns
Skin	P to T	-0.019331559286766473	0.7901301179470264	48	1.0	ns
Skin	S to G			2		ns
Skin	S to N			2		ns
Skin	T to A			2		ns
Skin	T to D	0.03329971422913319	0.8564248461291395	8	1.0	ns
Skin	T to N	-0.06063390625908324	0.8234842500845889	4	1.0	ns
Skin	T to S			2		ns
Skin	V to P	0.015496776884521193	0.9243879679995202	10	1.0	ns
Skin	W to D	0.09701425001453319	0.7207748119107176	4	1.0	ns
