Tissue	aa_sub	Kruskal_statistic	pval	n_observations	FDR
Aorta	P to T	0.07761254681645369	0.994381412511663	800	0.994381412511663
Aorta	V to P	0.7171971228445659	0.8691517509788242	464	0.994381412511663
Aorta	T to D	0.08509662913047578	0.9935638340483058	448	0.994381412511663
Aorta	W to D	0.29134227220299636	0.9616484558311464	288	0.994381412511663
Aorta	A to S	0.2982035299061181	0.9603659930512357	176	0.994381412511663
Aorta	W to A	0.49723557692308873	0.9194983222779817	64	0.994381412511663
Aorta	T to N	0.7849759615384642	0.8530571068439277	64	0.994381412511663
Aorta	S to G	0.20493197278909747	0.9767892089770327	48	0.994381412511663
Aorta	E to D	4.232993197278915	0.23737932987626775	48	0.994381412511663
Aorta	A to T	1.0178571428571388	0.7969311649091894	48	0.994381412511663
Aorta	P to Q	1.7448979591836746	0.6269985121862967	48	0.994381412511663
Aorta	H to N	0.8069727891156333	0.8477985175358583	48	0.994381412511663
Aorta	W to N	0.18707482993195867	0.979648388320633	48	0.994381412511663
Aorta	T to S	0.35969387755099547	0.9484369551591312	48	0.994381412511663
Aorta	V to N	0.8920454545454533	0.8273469875613195	32	0.994381412511663
Brain	T to D	0.16456815233403457	0.9830956980201088	160	0.99873728178955
Brain	P to T	0.059976708074543694	0.9961629992783041	160	0.99873728178955
Brain	T to N	0.06776889534882002	0.9954021792845396	128	0.99873728178955
Brain	W to D	0.2502483294202875	0.9690966819879856	112	0.99873728178955
Brain	V to P	0.3246296296296123	0.955331670627572	80	0.99873728178955
Brain	V to T	0.9241586538461775	0.8195942006713023	64	0.99873728178955
Brain	G to D	0.39540816326527306	0.9411894189976452	48	0.99873728178955
Brain	T to A	0.2784090909090935	0.9640366480017246	32	0.99873728178955
Brain	V to L	0.08737396883592906	0.9933082986983077	32	0.99873728178955
Brain	A to S	2.0823863636363598	0.5554843326252157	32	0.99873728178955
Brain	W to A	0.10511363636364024	0.99121678509403	32	0.99873728178955
Brain	G to A	0.028409090909093493	0.99873728178955	32	0.99873728178955
Brain	L to S	2.2897727272727337	0.5144830118872363	32	0.99873728178955
Brain	G to S	0.20454545454545325	0.9768521917212872	32	0.99873728178955
Brain	L to T	4.036764705882355	0.25752147434697703	16	0.99873728178955
Heart	W to D	0.037306166358575865	0.9981048902517313	1232	0.9989466558278122
Heart	T to D	0.792144271952556	0.8513450826855543	784	0.9989466558278122
Heart	W to N	0.02515849519591029	0.9989466558278122	496	0.9989466558278122
Heart	A to S	0.10976900703462888	0.9906398735952602	384	0.9989466558278122
Heart	W to A	0.06134598792061752	0.9960324774076174	304	0.9989466558278122
Heart	H to D	0.02976819812897702	0.9986461439843799	288	0.9989466558278122
Heart	P to T	0.04121411636560879	0.9978020166201685	288	0.9989466558278122
Heart	H to N	0.11388888888888005	0.9901201395541206	144	0.9989466558278122
Heart	V to P	0.2947856104651123	0.9610061646130347	128	0.9989466558278122
Heart	T to N	0.12536120642948845	0.9886292514533114	112	0.9989466558278122
Heart	E to T	0.516000859106498	0.91536229003914	96	0.9989466558278122
Heart	A to V	4.816947115384636	0.18570249350942442	64	0.9989466558278122
Heart	A to L	0.20444711538462457	0.97686820843709	64	0.9989466558278122
Heart	Y to D	0.5350961538461547	0.9111159885494359	64	0.9989466558278122
Heart	V to E	0.4498299319727721	0.9297669085442385	48	0.9989466558278122
Kidney	P to T	0.005181987035484781	0.9999009423005878	880	0.9999009423005878
Kidney	W to D	0.1327651974611399	0.9876344578976192	672	0.9999009423005878
Kidney	T to D	0.1921030507494379	0.9788539541474528	656	0.9999009423005878
Kidney	A to S	0.06752329192545403	0.9954268156485878	160	0.9999009423005878
Kidney	P to Q	0.18028715911140125	0.9807070785104983	112	0.9999009423005878
Kidney	T to N	0.24559707903779326	0.9699128882446812	96	0.9999009423005878
Kidney	V to P	0.7193509615384812	0.868643243877943	64	0.9999009423005878
Kidney	H to N	0.1284013605441885	0.9882237902433286	48	0.9999009423005878
Kidney	V to L	0.650568181818187	0.8847644829997658	32	0.9999009423005878
Kidney	S to G	6.66761363636364	0.083281514676077	32	0.6246113600705775
Kidney	A to T	0.6875	0.8761400628271384	32	0.9999009423005878
Kidney	H to D	0.6392045454545467	0.887401610111455	32	0.9999009423005878
Kidney	E to D	1.9829545454545467	0.5759520796321562	32	0.9999009423005878
Kidney	W to N	2.051470588235297	0.561792805582543	16	0.9999009423005878
Kidney	G to L	9.308823529411768	0.025454588054476934	16	0.381818820817154
Liver	T to D	2.3014177118427597	0.5122493654323845	208	0.9976900828459331
Liver	P to T	0.19744731104651692	0.978000333364859	128	0.9976900828459331
Liver	V to L	1.048918269230768	0.7894174718083652	64	0.9976900828459331
Liver	A to T	0.684523809523796	0.8768379269314664	48	0.9976900828459331
Liver	S to N	2.5620748299319587	0.464177143772298	48	0.9976900828459331
Liver	T to A	0.6360544217686765	0.8881311720652817	48	0.9976900828459331
Liver	W to D	1.6692176870748199	0.6437989511277828	48	0.9976900828459331
Liver	V to P	0.35034013605439895	0.950298716766592	48	0.9976900828459331
Liver	A to D	0.08758503401358553	0.9932844599285039	48	0.9976900828459331
Liver	A to V	0.20738636363635976	0.976388169299595	32	0.9976900828459331
Liver	A to L	3.6676136363636402	0.2996649506049223	32	0.9976900828459331
Liver	T to N	8.26136363636364	0.04090792627755301	32	0.3068094470816476
Liver	M to L	0.04261363636364024	0.9976900828459331	32	0.9976900828459331
Liver	E to N	8.669117647058826	0.034029516137250936	16	0.3068094470816476
Liver	V to Y	0.8161764705882391	0.8455940508392494	16	0.9976900828459331
Muscle	T to D	0.43268880437034385	0.9334099712450349	736	0.9999885155200092
Muscle	W to D	0.0012311244302054547	0.9999885155200092	576	0.9999885155200092
Muscle	P to T	1.1927570093458826	0.7547419991471453	320	0.9999885155200092
Muscle	V to P	0.09986944124057118	0.9918530866877304	288	0.9999885155200092
Muscle	A to S	0.3734993614303903	0.9456608224414655	144	0.9999885155200092
Muscle	H to D	0.07361838540725785	0.9948033099057543	112	0.9999885155200092
Muscle	E to T	0.5331829896906584	0.911543062065422	96	0.9999885155200092
Muscle	G to D	1.736481481481519	0.6288538158478083	80	0.9999885155200092
Muscle	H to N	0.028333333333307564	0.998742300756267	80	0.9999885155200092
Muscle	W to N	0.2873798076923322	0.9623842566383479	64	0.9999885155200092
Muscle	T to N	4.724362348178147	0.19312968980604567	64	0.9999885155200092
Muscle	V to E	0.1171875	0.989697946891895	64	0.9999885155200092
Muscle	W to A	0.062019230769237765	0.9959677976518139	64	0.9999885155200092
Muscle	D to S	0.8273809523809348	0.8429072798571857	48	0.9999885155200092
Muscle	A to V	10.514455782312893	0.014663155204701036	48	0.21994732807051554
Skin	P to T	0.19791857153495584	0.9779246100962978	768	0.9953519325098935
Skin	V to P	0.17014751552795815	0.9822582268607996	160	0.9953519325098935
Skin	T to D	0.06826853197674154	0.9953519325098935	128	0.9953519325098935
Skin	E to D	1.8790635723315745	0.59788274951904	112	0.9953519325098935
Skin	A to T	0.27394759450169204	0.9648513753885332	96	0.9953519325098935
Skin	A to S	0.2838273195876013	0.9630408635361307	96	0.9953519325098935
Skin	M to L	0.21685185185188516	0.9748240514361209	80	0.9953519325098935
Skin	T to N	0.28593750000001705	0.9626511902161965	64	0.9953519325098935
Skin	W to D	0.9147836538461718	0.8218587867587953	64	0.9953519325098935
Skin	G to D	2.0015625000000057	0.5720824650871332	64	0.9953519325098935
Skin	G to S	0.748918269230785	0.8616419189643838	64	0.9953519325098935
Skin	A to V	2.34122596153847	0.5046691446237952	64	0.9953519325098935
Skin	A to E	0.6369047619047308	0.8879342995077423	48	0.9953519325098935
Skin	S to G	0.3778409090909065	0.9447810278899431	32	0.9953519325098935
Skin	M to N	1.0426136363636402	0.7909422321823822	32	0.9953519325098935
