aa_sub	Comparison	Tissue_1	Tissue_1_targetSub_count	Tissue_1_allOtherSubs_count	Tissue_1_sub_fraction	Tissue_2	Tissue_2_targetSub_count	Tissue_2_allOtherSubs_count	Tissue_2_sub_fraction	Odds_ratio_[a/b]/[c/d]	pval	FDR	Significance
P to T	Heart vs Skin	Heart	288	4880	0.05572755417956656	Skin	768	1584	0.32653061224489793	0.12172131147540984	2.406708081713648e-199	7.581130457397992e-197	***
P to T	Heart vs Kidney	Heart	288	4880	0.05572755417956656	Kidney	880	2384	0.2696078431372549	0.15988077496274217	2.511454975084324e-166	3.9555415857578106e-164	***
W to D	Heart vs Skin	Heart	1232	3936	0.23839009287925697	Skin	64	2288	0.027210884353741496	11.190040650406504	2.0933625779067786e-142	2.1980307068021175e-140	***
P to T	Aorta vs Heart	Aorta	800	2464	0.24509803921568626	Heart	288	4880	0.05572755417956656	5.501443001443001	4.494590018751874e-138	3.539489639767101e-136	***
P to T	Muscle vs Skin	Muscle	320	2976	0.0970873786407767	Skin	768	1584	0.32653061224489793	0.2217741935483871	1.4663908778230092e-102	9.238262530284958e-101	***
W to D	Kidney vs Skin	Kidney	672	2592	0.20588235294117646	Skin	64	2288	0.027210884353741496	9.268518518518519	1.193903449816076e-100	6.267993111534398e-99	***
V to P	Aorta vs Heart	Aorta	464	2800	0.14215686274509803	Heart	128	5040	0.02476780185758514	6.525	1.0063989970242256e-92	4.5287954866090146e-91	***
W to N	Heart vs Kidney	Heart	496	4672	0.09597523219814241	Kidney	16	3248	0.004901960784313725	21.551369863013697	1.949681340614916e-86	7.676870278671231e-85	***
W to N	Heart vs Skin	Heart	496	4672	0.09597523219814241	Skin	0	2352	0.0	inf	7.81032672757068e-85	2.733614354649738e-83	***
V to P	Aorta vs Kidney	Aorta	464	2800	0.14215686274509803	Kidney	64	3200	0.0196078431372549	8.285714285714286	1.1305704665742998e-81	3.5612969697090444e-80	***
W to D	Muscle vs Skin	Muscle	576	2720	0.17475728155339806	Skin	64	2288	0.027210884353741496	7.570588235294117	9.396366566870388e-78	2.690777698694702e-76	***
T to D	Muscle vs Skin	Muscle	736	2560	0.22330097087378642	Skin	128	2224	0.05442176870748299	4.9953125	3.1346844081701416e-75	8.228546571446622e-74	***
P to T	Kidney vs Muscle	Kidney	880	2384	0.2696078431372549	Muscle	320	2976	0.0970873786407767	3.4328859060402683	3.9040166570008515e-75	9.459732668886679e-74	***
W to D	Aorta vs Heart	Aorta	288	2976	0.08823529411764706	Heart	1232	3936	0.23839009287925697	0.3091746962714705	6.375236735836105e-74	1.4344282655631235e-72	***
W to A	Heart vs Kidney	Heart	304	4864	0.058823529411764705	Kidney	0	3264	0.0	inf	1.0925116798173219e-66	2.294274527616376e-65	***
H to D	Aorta vs Heart	Aorta	0	3264	0.0	Heart	288	4880	0.05572755417956656	0.0	2.698413174358709e-63	5.3125009370187085e-62	***
W to D	Heart vs Liver	Heart	1232	3936	0.23839009287925697	Liver	48	1056	0.043478260869565216	6.8861788617886175	1.7430936388093826e-61	3.229849977793856e-60	***
T to D	Kidney vs Skin	Kidney	656	2608	0.20098039215686275	Skin	128	2224	0.05442176870748299	4.370398773006135	1.4768539920605858e-60	2.584494486106025e-59	***
W to N	Aorta vs Heart	Aorta	48	3216	0.014705882352941176	Heart	496	4672	0.09597523219814241	0.14058738565238324	2.037609433486867e-59	3.3781419555177e-58	***
P to T	Aorta vs Muscle	Aorta	800	2464	0.24509803921568626	Muscle	320	2976	0.0970873786407767	3.0194805194805197	1.5442472380358038e-58	2.432189399906391e-57	***
W to N	Heart vs Muscle	Heart	496	4672	0.09597523219814241	Muscle	64	3232	0.019417475728155338	5.361301369863014	1.4940420758816246e-50	2.241063113822437e-49	***
W to N	Brain vs Heart	Brain	0	1264	0.0	Heart	496	4672	0.09597523219814241	0.0	7.8878104645188255e-50	1.1293910437833772e-48	***
H to D	Heart vs Skin	Heart	288	4880	0.05572755417956656	Skin	0	2352	0.0	inf	1.7725075316118762e-48	2.4275646628597434e-47	***
W to N	Heart vs Liver	Heart	496	4672	0.09597523219814241	Liver	0	1104	0.0	inf	3.126582501613072e-44	3.994647608507346e-43	***
W to D	Kidney vs Liver	Kidney	672	2592	0.20588235294117646	Liver	48	1056	0.043478260869565216	5.703703703703703	3.1703552448471e-44	3.994647608507346e-43	***
P to T	Liver vs Skin	Liver	128	976	0.11594202898550725	Skin	768	1584	0.32653061224489793	0.27049180327868855	2.4257068230889898e-43	2.9388371125885836e-42	***
P to T	Brain vs Skin	Brain	160	1104	0.12658227848101267	Skin	768	1584	0.32653061224489793	0.29891304347826086	1.995612913340018e-42	2.328215065563354e-41	***
W to D	Aorta vs Kidney	Aorta	288	2976	0.08823529411764706	Kidney	672	2592	0.20588235294117646	0.37327188940092165	8.431290235049517e-42	9.485201514430705e-41	***
A to T	Muscle vs Skin	Muscle	0	3296	0.0	Skin	96	2256	0.04081632653061224	0.0	9.442503129661447e-38	1.0256512020149503e-36	***
V to P	Heart vs Muscle	Heart	128	5040	0.02476780185758514	Muscle	288	3008	0.08737864077669903	0.2652557319223986	1.8747346464447752e-37	1.9684713787670142e-36	***
T to D	Heart vs Skin	Heart	784	4384	0.15170278637770898	Skin	128	2224	0.05442176870748299	3.1072080291970803	3.386721618416208e-37	3.441346160648728e-36	***
W to D	Brain vs Heart	Brain	112	1152	0.08860759493670886	Heart	1232	3936	0.23839009287925697	0.3106060606060606	1.4982732651017008e-36	1.4748627453344866e-35	***
V to P	Kidney vs Muscle	Kidney	64	3200	0.0196078431372549	Muscle	288	3008	0.08737864077669903	0.2088888888888889	1.938084893521388e-36	1.8499901256340524e-35	***
H to D	Aorta vs Muscle	Aorta	0	3264	0.0	Muscle	112	3184	0.03398058252427184	0.0	1.6994255394990293e-34	1.5744677792417478e-33	***
A to T	Heart vs Skin	Heart	16	5152	0.0030959752321981426	Skin	96	2256	0.04081632653061224	0.07298136645962733	2.7709153819157176e-33	2.493823843724146e-32	***
W to D	Liver vs Muscle	Liver	48	1056	0.043478260869565216	Muscle	576	2720	0.17475728155339806	0.21464646464646464	1.036313660315075e-32	9.067744527756906e-32	***
T to D	Liver vs Skin	Liver	208	896	0.18840579710144928	Skin	128	2224	0.05442176870748299	4.033482142857143	1.5218372403503617e-32	1.2956181911090918e-31	***
W to A	Heart vs Skin	Heart	304	4864	0.058823529411764705	Skin	16	2336	0.006802721088435374	9.125	1.599154567846563e-32	1.325614970714914e-31	***
T to N	Brain vs Heart	Brain	128	1136	0.10126582278481013	Heart	112	5056	0.021671826625386997	5.086519114688128	1.8942576944271412e-32	1.5299773685757678e-31	***
H to D	Heart vs Kidney	Heart	288	4880	0.05572755417956656	Kidney	32	3232	0.00980392156862745	5.960655737704918	1.0260074650071114e-31	8.079808786931003e-31	***
T to N	Brain vs Muscle	Brain	128	1136	0.10126582278481013	Muscle	64	3232	0.019417475728155338	5.690140845070423	1.618993916865383e-30	1.243861180030721e-29	***
T to N	Aorta vs Brain	Aorta	64	3200	0.0196078431372549	Brain	128	1136	0.10126582278481013	0.1775	3.437627859788726e-30	2.5782208948415445e-29	***
A to T	Liver vs Muscle	Liver	48	1056	0.043478260869565216	Muscle	0	3296	0.0	inf	6.891075826383899e-30	5.048113686769601e-29	***
E to T	Aorta vs Muscle	Aorta	0	3264	0.0	Muscle	96	3200	0.02912621359223301	0.0	1.3885999412341743e-29	9.941113215653748e-29	***
H to D	Brain vs Heart	Brain	0	1264	0.0	Heart	288	4880	0.05572755417956656	0.0	1.1688542762397836e-28	8.181979933678486e-28	***
P to T	Kidney vs Liver	Kidney	880	2384	0.2696078431372549	Liver	128	976	0.11594202898550725	2.8145973154362416	3.202955522444593e-28	2.1933282381957536e-27	***
E to D	Muscle vs Skin	Muscle	16	3280	0.0048543689320388345	Skin	112	2240	0.047619047619047616	0.0975609756097561	1.320043405304275e-27	8.847099418528652e-27	***
H to D	Muscle vs Skin	Muscle	112	3184	0.03398058252427184	Skin	0	2352	0.0	inf	4.764400236903607e-27	3.1266376554679914e-26	***
W to A	Heart vs Liver	Heart	304	4864	0.058823529411764705	Liver	0	1104	0.0	inf	8.985243131827259e-27	5.776227727603238e-26	***
P to T	Brain vs Kidney	Brain	160	1104	0.12658227848101267	Kidney	880	2384	0.2696078431372549	0.3926218708827404	1.2441230833244637e-26	7.837975424944122e-26	***
T to D	Aorta vs Skin	Aorta	448	2816	0.13725490196078433	Skin	128	2224	0.05442176870748299	2.7642045454545454	1.8503276021049855e-25	1.142849401300138e-24	***
W to D	Aorta vs Muscle	Aorta	288	2976	0.08823529411764706	Muscle	576	2720	0.17475728155339806	0.45698924731182794	2.109315214331725e-25	1.2777582548355642e-24	***
H to D	Heart vs Liver	Heart	288	4880	0.05572755417956656	Liver	0	1104	0.0	inf	2.441669333231408e-25	1.4511808301281009e-24	***
E to D	Heart vs Skin	Heart	48	5120	0.009287925696594427	Skin	112	2240	0.047619047619047616	0.1875	3.439070697721024e-24	2.0061245736705972e-23	***
A to T	Heart vs Liver	Heart	16	5152	0.0030959752321981426	Liver	48	1056	0.043478260869565216	0.06832298136645963	6.921634524845446e-24	3.9642088642296644e-23	***
W to D	Brain vs Kidney	Brain	112	1152	0.08860759493670886	Kidney	672	2592	0.20588235294117646	0.375	6.792447686578364e-23	3.8207518237003295e-22	***
W to D	Aorta vs Skin	Aorta	288	2976	0.08823529411764706	Skin	64	2288	0.027210884353741496	3.4596774193548385	2.1091114555551237e-22	1.1655615938594104e-21	***
V to P	Aorta vs Liver	Aorta	464	2800	0.14215686274509803	Liver	48	1056	0.043478260869565216	3.645714285714286	1.0530012678993758e-21	5.718886196350058e-21	***
P to T	Aorta vs Liver	Aorta	800	2464	0.24509803921568626	Liver	128	976	0.11594202898550725	2.4756493506493507	2.5131387194972248e-21	1.3417605027824166e-20	***
E to T	Aorta vs Heart	Aorta	0	3264	0.0	Heart	96	5072	0.018575851393188854	0.0	5.465622662565356e-21	2.8694518978468124e-20	***
T to N	Brain vs Kidney	Brain	128	1136	0.10126582278481013	Kidney	96	3168	0.029411764705882353	3.7183098591549295	6.520492380782673e-21	3.367139508109085e-20	***
T to N	Brain vs Skin	Brain	128	1136	0.10126582278481013	Skin	64	2288	0.027210884353741496	4.028169014084507	6.651254003028223e-20	3.379266146699823e-19	***
W to A	Heart vs Muscle	Heart	304	4864	0.058823529411764705	Muscle	64	3232	0.019417475728155338	3.15625	7.417026223355565e-20	3.7085131116777823e-19	***
W to A	Aorta vs Kidney	Aorta	64	3200	0.0196078431372549	Kidney	0	3264	0.0	inf	7.937254272539049e-20	3.9066173372653134e-19	***
W to A	Kidney vs Muscle	Kidney	0	3264	0.0	Muscle	64	3232	0.019417475728155338	0.0	8.341241609733934e-20	4.0422940108710603e-19	***
V to P	Kidney vs Skin	Kidney	64	3200	0.0196078431372549	Skin	160	2192	0.06802721088435375	0.274	8.546256349631724e-20	4.0788950759605956e-19	***
T to D	Aorta vs Muscle	Aorta	448	2816	0.13725490196078433	Muscle	736	2560	0.22330097087378642	0.5533596837944664	1.0213785328320161e-19	4.802003549881867e-19	***
P to T	Aorta vs Brain	Aorta	800	2464	0.24509803921568626	Brain	160	1104	0.12658227848101267	2.24025974025974	1.357860534250314e-19	6.290089239541895e-19	***
W to A	Aorta vs Heart	Aorta	64	3200	0.0196078431372549	Heart	304	4864	0.058823529411764705	0.32	1.8375970204877953e-19	8.389029876139935e-19	***
V to P	Aorta vs Skin	Aorta	464	2800	0.14215686274509803	Skin	160	2192	0.06802721088435375	2.2702857142857145	5.649856539047865e-19	2.5424354425715394e-18	***
E to D	Kidney vs Skin	Kidney	32	3232	0.00980392156862745	Skin	112	2240	0.047619047619047616	0.19801980198019803	7.676282002305482e-19	3.405674409473559e-18	***
W to A	Brain vs Kidney	Brain	32	1232	0.02531645569620253	Kidney	0	3264	0.0	inf	1.3890940667610494e-18	6.0772865420795914e-18	***
V to P	Heart vs Skin	Heart	128	5040	0.02476780185758514	Skin	160	2192	0.06802721088435375	0.34793650793650793	3.853191705387165e-18	1.662678612598571e-17	***
A to S	Heart vs Liver	Heart	384	4784	0.07430340557275542	Liver	16	1088	0.014492753623188406	5.45819397993311	2.5030352372561014e-17	1.0654812158590161e-16	***
T to D	Heart vs Muscle	Heart	784	4384	0.15170278637770898	Muscle	736	2560	0.22330097087378642	0.6220247540463345	1.083882754499462e-16	4.55230756889774e-16	***
P to T	Brain vs Heart	Brain	160	1104	0.12658227848101267	Heart	288	4880	0.05572755417956656	2.4557165861513686	1.299343631486056e-16	5.385437419975101e-16	***
H to D	Brain vs Muscle	Brain	0	1264	0.0	Muscle	112	3184	0.03398058252427184	0.0	1.62984144967471e-16	6.667533203214723e-16	***
W to N	Muscle vs Skin	Muscle	64	3232	0.019417475728155338	Skin	0	2352	0.0	inf	1.0198157669448455e-15	4.118486751123415e-15	***
G to D	Brain vs Heart	Brain	48	1216	0.0379746835443038	Heart	32	5136	0.006191950464396285	6.3355263157894735	1.7191658948995662e-15	6.854901985991941e-15	***
W to D	Brain vs Skin	Brain	112	1152	0.08860759493670886	Skin	64	2288	0.027210884353741496	3.4756944444444446	2.263211194058113e-15	8.91139407660382e-15	***
A to T	Aorta vs Muscle	Aorta	48	3216	0.014705882352941176	Muscle	0	3296	0.0	inf	2.3586354054258986e-15	9.172471021100717e-15	***
E to T	Kidney vs Muscle	Kidney	16	3248	0.004901960784313725	Muscle	96	3200	0.02912621359223301	0.16420361247947454	2.887310370127517e-15	1.1091497153538631e-14	***
G to D	Brain vs Kidney	Brain	48	1216	0.0379746835443038	Kidney	16	3248	0.004901960784313725	8.013157894736842	4.53358660173206e-15	1.7205780476453e-14	***
H to D	Liver vs Muscle	Liver	0	1104	0.0	Muscle	112	3184	0.03398058252427184	0.0	8.48676535016095e-15	3.182537006310356e-14	***
V to P	Aorta vs Brain	Aorta	464	2800	0.14215686274509803	Brain	80	1184	0.06329113924050633	2.4525714285714284	1.2958424452034675e-14	4.802239649871674e-14	***
A to T	Kidney vs Skin	Kidney	32	3232	0.00980392156862745	Skin	96	2256	0.04081632653061224	0.23267326732673269	2.2748414882825724e-14	8.332268241965237e-14	***
H to N	Brain vs Heart	Brain	0	1264	0.0	Heart	144	5024	0.02786377708978328	0.0	2.4008471968189172e-14	8.692722609171941e-14	***
E to T	Brain vs Muscle	Brain	0	1264	0.0	Muscle	96	3200	0.02912621359223301	0.0	2.5816027654083877e-14	9.240964444359569e-14	***
W to D	Brain vs Muscle	Brain	112	1152	0.08860759493670886	Muscle	576	2720	0.17475728155339806	0.4591049382716049	3.478505854124215e-14	1.2311565663473347e-13	***
T to D	Brain vs Muscle	Brain	160	1104	0.12658227848101267	Muscle	736	2560	0.22330097087378642	0.5040957781978576	3.6683504186080734e-14	1.2839226465128257e-13	***
T to D	Brain vs Skin	Brain	160	1104	0.12658227848101267	Skin	128	2224	0.05442176870748299	2.5181159420289854	9.845652506182604e-14	3.408110482909363e-13	***
E to D	Aorta vs Skin	Aorta	48	3216	0.014705882352941176	Skin	112	2240	0.047619047619047616	0.29850746268656714	3.928846338557546e-13	1.3452028224408989e-12	***
T to N	Brain vs Liver	Brain	128	1136	0.10126582278481013	Liver	32	1072	0.028985507246376812	3.7746478873239435	5.366288864760442e-13	1.817613970322085e-12	***
G to D	Heart vs Skin	Heart	32	5136	0.006191950464396285	Skin	64	2288	0.027210884353741496	0.22274143302180685	9.861386741422688e-13	3.3046136420724966e-12	***
H to N	Heart vs Liver	Heart	144	5024	0.02786377708978328	Liver	0	1104	0.0	inf	1.0614083844168213e-12	3.5194067483294603e-12	***
E to T	Liver vs Muscle	Liver	0	1104	0.0	Muscle	96	3200	0.02912621359223301	0.0	1.2352741503410103e-12	4.053243305806439e-12	***
P to T	Heart vs Muscle	Heart	288	4880	0.05572755417956656	Muscle	320	2976	0.0970873786407767	0.5488524590163935	1.4664526012766876e-12	4.7621914371356346e-12	***
V to P	Brain vs Kidney	Brain	80	1184	0.06329113924050633	Kidney	64	3200	0.0196078431372549	3.3783783783783785	1.925608795953978e-12	6.189456844137787e-12	***
W to D	Heart vs Muscle	Heart	1232	3936	0.23839009287925697	Muscle	576	2720	0.17475728155339806	1.4780939476061428	2.1444448197005754e-12	6.823233517229104e-12	***
G to D	Heart vs Muscle	Heart	32	5136	0.006191950464396285	Muscle	80	3216	0.024271844660194174	0.2504672897196262	2.9492205048558605e-12	9.29004459029596e-12	***
G to D	Kidney vs Skin	Kidney	16	3248	0.004901960784313725	Skin	64	2288	0.027210884353741496	0.17610837438423646	3.066059169876828e-12	9.376782898166998e-12	***
A to V	Aorta vs Skin	Aorta	16	3248	0.004901960784313725	Skin	64	2288	0.027210884353741496	0.17610837438423646	3.066059169876828e-12	9.376782898166998e-12	***
A to V	Kidney vs Skin	Kidney	16	3248	0.004901960784313725	Skin	64	2288	0.027210884353741496	0.17610837438423646	3.066059169876828e-12	9.376782898166998e-12	***
V to P	Aorta vs Muscle	Aorta	464	2800	0.14215686274509803	Muscle	288	3008	0.08737864077669903	1.7307936507936508	3.272110852895563e-12	9.910720371750984e-12	***
A to S	Brain vs Heart	Brain	32	1232	0.02531645569620253	Heart	384	4784	0.07430340557275542	0.3235930735930736	4.6183769552860034e-12	1.3845479898331784e-11	***
W to N	Aorta vs Skin	Aorta	48	3216	0.014705882352941176	Skin	0	2352	0.0	inf	4.659113870549744e-12	1.3845479898331784e-11	***
H to N	Brain vs Muscle	Brain	0	1264	0.0	Muscle	80	3216	0.024271844660194174	0.0	6.688181060748226e-12	1.9689504991922346e-11	***
T to D	Aorta vs Kidney	Aorta	448	2816	0.13725490196078433	Kidney	656	2608	0.20098039215686275	0.6324833702882483	7.319314998115363e-12	2.1348002077836477e-11	***
H to D	Kidney vs Muscle	Kidney	32	3232	0.00980392156862745	Muscle	112	3184	0.03398058252427184	0.2814710042432815	8.7313256526351e-12	2.523273009706474e-11	***
P to T	Heart vs Liver	Heart	288	4880	0.05572755417956656	Liver	128	976	0.11594202898550725	0.45	9.333865437414032e-12	2.6728796479867456e-11	***
G to D	Kidney vs Muscle	Kidney	16	3248	0.004901960784313725	Muscle	80	3216	0.024271844660194174	0.1980295566502463	1.591145624976409e-11	4.5154132600681876e-11	***
P to T	Aorta vs Skin	Aorta	800	2464	0.24509803921568626	Skin	768	1584	0.32653061224489793	0.6696428571428571	2.5435832802368583e-11	7.153827975666163e-11	***
A to T	Kidney vs Liver	Kidney	32	3232	0.00980392156862745	Liver	48	1056	0.043478260869565216	0.21782178217821782	3.3329938004960375e-11	9.291088912887184e-11	***
H to N	Liver vs Muscle	Liver	0	1104	0.0	Muscle	80	3216	0.024271844660194174	0.0	9.714804849489661e-11	2.6843539715695117e-10	***
A to T	Kidney vs Muscle	Kidney	32	3232	0.00980392156862745	Muscle	0	3296	0.0	inf	1.844006575468423e-10	5.050974532804811e-10	***
V to P	Brain vs Heart	Brain	80	1184	0.06329113924050633	Heart	128	5040	0.02476780185758514	2.660472972972973	1.9805569664308697e-10	5.37823658987693e-10	***
H to N	Heart vs Skin	Heart	144	5024	0.02786377708978328	Skin	16	2336	0.006802721088435374	4.1847133757961785	2.121894289551912e-10	5.712792318024378e-10	***
E to T	Muscle vs Skin	Muscle	96	3200	0.02912621359223301	Skin	16	2336	0.006802721088435374	4.38	3.64567120614519e-10	9.73208838928589e-10	***
H to D	Aorta vs Kidney	Aorta	0	3264	0.0	Kidney	32	3232	0.00980392156862745	0.0	4.3143178791877567e-10	1.142025320961465e-09	***
E to T	Brain vs Heart	Brain	0	1264	0.0	Heart	96	5072	0.018575851393188854	0.0	9.415764130159763e-10	2.471638084166938e-09	***
W to N	Brain vs Muscle	Brain	0	1264	0.0	Muscle	64	3232	0.019417475728155338	0.0	1.0257414816335e-09	2.6703187331781196e-09	***
A to T	Brain vs Muscle	Brain	16	1248	0.012658227848101266	Muscle	0	3296	0.0	inf	1.133854723231719e-09	2.9275757198196026e-09	***
A to S	Aorta vs Liver	Aorta	176	3088	0.05392156862745098	Liver	16	1088	0.014492753623188406	3.8756476683937824	1.4509879307561215e-09	3.7159447007168965e-09	***
A to V	Aorta vs Liver	Aorta	16	3248	0.004901960784313725	Liver	32	1072	0.028985507246376812	0.16502463054187191	1.5433852324427417e-09	3.863591138862649e-09	***
A to V	Kidney vs Liver	Kidney	16	3248	0.004901960784313725	Liver	32	1072	0.028985507246376812	0.16502463054187191	1.5433852324427417e-09	3.863591138862649e-09	***
G to D	Aorta vs Brain	Aorta	32	3232	0.00980392156862745	Brain	48	1216	0.0379746835443038	0.2508250825082508	1.5454364555450597e-09	3.863591138862649e-09	***
A to T	Aorta vs Skin	Aorta	48	3216	0.014705882352941176	Skin	96	2256	0.04081632653061224	0.35074626865671643	1.702707338904124e-09	4.22325048625826e-09	***
W to A	Brain vs Liver	Brain	32	1232	0.02531645569620253	Liver	0	1104	0.0	inf	2.320589438876946e-09	5.710825572236235e-09	***
T to D	Brain vs Kidney	Brain	160	1104	0.12658227848101267	Kidney	656	2608	0.20098039215686275	0.576175326970661	2.4191436725129722e-09	5.90721129334563e-09	***
A to T	Aorta vs Heart	Aorta	48	3216	0.014705882352941176	Heart	16	5152	0.0030959752321981426	4.8059701492537314	5.98441215501167e-09	1.4500690990989815e-08	***
T to D	Heart vs Kidney	Heart	784	4384	0.15170278637770898	Kidney	656	2608	0.20098039215686275	0.7109667082072281	6.605522645038186e-09	1.588350865028266e-08	***
A to S	Heart vs Muscle	Heart	384	4784	0.07430340557275542	Muscle	144	3152	0.043689320388349516	1.7569676700111483	7.276184308133748e-09	1.736362164441008e-08	***
E to D	Brain vs Skin	Brain	16	1248	0.012658227848101266	Skin	112	2240	0.047619047619047616	0.2564102564102564	7.333491041635394e-09	1.7368794572294355e-08	***
W to A	Aorta vs Liver	Aorta	64	3200	0.0196078431372549	Liver	0	1104	0.0	inf	1.2774733090865843e-08	2.9614521892586108e-08	***
W to N	Liver vs Muscle	Liver	0	1104	0.0	Muscle	64	3232	0.019417475728155338	0.0	1.2785952309180035e-08	2.9614521892586108e-08	***
W to A	Liver vs Muscle	Liver	0	1104	0.0	Muscle	64	3232	0.019417475728155338	0.0	1.2785952309180035e-08	2.9614521892586108e-08	***
A to S	Heart vs Skin	Heart	384	4784	0.07430340557275542	Skin	96	2256	0.04081632653061224	1.8862876254180603	1.3699832205063257e-08	3.136218540387948e-08	***
E to T	Heart vs Liver	Heart	96	5072	0.018575851393188854	Liver	0	1104	0.0	inf	1.3739624081699582e-08	3.136218540387948e-08	***
E to T	Heart vs Kidney	Heart	96	5072	0.018575851393188854	Kidney	16	3248	0.004901960784313725	3.8422712933753944	2.1168824864520183e-08	4.797251677930833e-08	***
H to D	Kidney vs Skin	Kidney	32	3232	0.00980392156862745	Skin	0	2352	0.0	inf	3.743886845628547e-08	8.423745402664232e-08	***
A to S	Kidney vs Liver	Kidney	160	3104	0.049019607843137254	Liver	16	1088	0.014492753623188406	3.5051546391752577	4.2403573275448305e-08	9.473138710472493e-08	***
W to N	Kidney vs Muscle	Kidney	16	3248	0.004901960784313725	Muscle	64	3232	0.019417475728155338	0.24876847290640394	5.060099888542421e-08	1.1224869471062413e-07	***
A to T	Aorta vs Liver	Aorta	48	3216	0.014705882352941176	Liver	48	1056	0.043478260869565216	0.3283582089552239	1.4888557283426084e-07	3.27964723376169e-07	***
H to N	Muscle vs Skin	Muscle	80	3216	0.024271844660194174	Skin	16	2336	0.006802721088435374	3.6318407960199006	1.743138063779154e-07	3.8131145145168994e-07	***
W to N	Aorta vs Brain	Aorta	48	3216	0.014705882352941176	Brain	0	1264	0.0	inf	2.5028048638743383e-07	5.363153279730725e-07	***
H to N	Aorta vs Brain	Aorta	48	3216	0.014705882352941176	Brain	0	1264	0.0	inf	2.5028048638743383e-07	5.363153279730725e-07	***
H to N	Brain vs Kidney	Brain	0	1264	0.0	Kidney	48	3216	0.014705882352941176	0.0	2.5028048638743383e-07	5.363153279730725e-07	***
W to A	Brain vs Heart	Brain	32	1232	0.02531645569620253	Heart	304	4864	0.058823529411764705	0.4155844155844156	3.0822895964189553e-07	6.560278532918723e-07	***
E to D	Liver vs Skin	Liver	16	1088	0.014492753623188406	Skin	112	2240	0.047619047619047616	0.29411764705882354	3.2788316276785853e-07	6.931758139052043e-07	***
W to D	Aorta vs Liver	Aorta	288	2976	0.08823529411764706	Liver	48	1056	0.043478260869565216	2.129032258064516	4.260362504617823e-07	8.946761259697429e-07	***
V to P	Liver vs Muscle	Liver	48	1056	0.043478260869565216	Muscle	288	3008	0.08737864077669903	0.47474747474747475	7.681748210467066e-07	1.602483898210017e-06	***
W to A	Kidney vs Skin	Kidney	0	3264	0.0	Skin	16	2336	0.006802721088435374	0.0	8.694510197481921e-07	1.790046217128631e-06	***
E to T	Aorta vs Skin	Aorta	0	3264	0.0	Skin	16	2336	0.006802721088435374	0.0	8.694510197481921e-07	1.790046217128631e-06	***
A to T	Brain vs Skin	Brain	16	1248	0.012658227848101266	Skin	96	2256	0.04081632653061224	0.30128205128205127	9.081964937950848e-07	1.8576746463990372e-06	***
G to D	Aorta vs Skin	Aorta	32	3232	0.00980392156862745	Skin	64	2288	0.027210884353741496	0.35396039603960394	1.0043912936334895e-06	2.0026516372053772e-06	***
W to N	Aorta vs Liver	Aorta	48	3216	0.014705882352941176	Liver	0	1104	0.0	inf	1.0045046307252367e-06	2.0026516372053772e-06	***
H to N	Aorta vs Liver	Aorta	48	3216	0.014705882352941176	Liver	0	1104	0.0	inf	1.0045046307252367e-06	2.0026516372053772e-06	***
H to N	Kidney vs Liver	Kidney	48	3216	0.014705882352941176	Liver	0	1104	0.0	inf	1.0045046307252367e-06	2.0026516372053772e-06	***
A to S	Liver vs Muscle	Liver	16	1088	0.014492753623188406	Muscle	144	3152	0.043689320388349516	0.32189542483660133	1.5765918267118264e-06	3.1234366378253166e-06	***
A to S	Heart vs Kidney	Heart	384	4784	0.07430340557275542	Kidney	160	3104	0.049019607843137254	1.557190635451505	3.266269426184753e-06	6.430467932801233e-06	***
H to D	Heart vs Muscle	Heart	288	4880	0.05572755417956656	Muscle	112	3184	0.03398058252427184	1.677751756440281	3.4653663245751507e-06	6.780064548081817e-06	***
P to T	Kidney vs Skin	Kidney	880	2384	0.2696078431372549	Skin	768	1584	0.32653061224489793	0.7613255033557047	4.126501478045043e-06	8.023752873976474e-06	***
A to T	Brain vs Liver	Brain	16	1248	0.012658227848101266	Liver	48	1056	0.043478260869565216	0.28205128205128205	5.06543390022587e-06	9.789028702890485e-06	***
G to D	Aorta vs Muscle	Aorta	32	3232	0.00980392156862745	Muscle	80	3216	0.024271844660194174	0.39801980198019804	5.645505008434599e-06	1.0843500473517674e-05	***
W to A	Brain vs Skin	Brain	32	1232	0.02531645569620253	Skin	16	2336	0.006802721088435374	3.792207792207792	9.581306376250725e-06	1.829158490011502e-05	***
A to V	Heart vs Skin	Heart	64	5104	0.01238390092879257	Skin	64	2288	0.027210884353741496	0.4482758620689655	1.15137378237281e-05	2.1848357918520188e-05	***
W to D	Brain vs Liver	Brain	112	1152	0.08860759493670886	Liver	48	1056	0.043478260869565216	2.138888888888889	1.1737572897519361e-05	2.2139733309692208e-05	***
A to S	Aorta vs Brain	Aorta	176	3088	0.05392156862745098	Brain	32	1232	0.02531645569620253	2.194300518134715	1.70867180145753e-05	3.2037596277328686e-05	***
A to S	Liver vs Skin	Liver	16	1088	0.014492753623188406	Skin	96	2256	0.04081632653061224	0.34558823529411764	1.9212818503429962e-05	3.5810874725328037e-05	***
E to T	Aorta vs Kidney	Aorta	0	3264	0.0	Kidney	16	3248	0.004901960784313725	0.0	2.99604065599551e-05	5.5514870978740334e-05	***
H to D	Brain vs Kidney	Brain	0	1264	0.0	Kidney	32	3232	0.00980392156862745	0.0	3.6327894148218276e-05	6.691980500987578e-05	***
V to P	Kidney vs Liver	Kidney	64	3200	0.0196078431372549	Liver	48	1056	0.043478260869565216	0.44	3.780510892512209e-05	6.923610064775268e-05	***
T to D	Brain vs Liver	Brain	160	1104	0.12658227848101267	Liver	208	896	0.18840579710144928	0.6243032329988851	4.074341727171012e-05	7.418599098606177e-05	***
E to D	Aorta vs Muscle	Aorta	48	3216	0.014705882352941176	Muscle	16	3280	0.0048543689320388345	3.0597014925373136	4.360943313697933e-05	7.894811171349706e-05	***
W to A	Aorta vs Skin	Aorta	64	3200	0.0196078431372549	Skin	16	2336	0.006802721088435374	2.92	4.9161764600199485e-05	8.849117628035907e-05	***
E to T	Heart vs Skin	Heart	96	5072	0.018575851393188854	Skin	16	2336	0.006802721088435374	2.7634069400630916	4.973406406773398e-05	8.90126714848648e-05	***
W to A	Muscle vs Skin	Muscle	64	3232	0.019417475728155338	Skin	16	2336	0.006802721088435374	2.891089108910891	5.041329619387295e-05	8.971857797214677e-05	***
T to D	Aorta vs Liver	Aorta	448	2816	0.13725490196078433	Liver	208	896	0.18840579710144928	0.6853146853146853	6.224882987343369e-05	0.0001101594461243349	***
H to N	Aorta vs Heart	Aorta	48	3216	0.014705882352941176	Heart	144	5024	0.02786377708978328	0.5207296849087893	6.431267336761808e-05	0.00011254717839333165	***
H to N	Heart vs Kidney	Heart	144	5024	0.02786377708978328	Kidney	48	3216	0.014705882352941176	1.9203821656050954	6.431267336761808e-05	0.00011254717839333165	***
W to N	Aorta vs Kidney	Aorta	48	3216	0.014705882352941176	Kidney	16	3248	0.004901960784313725	3.029850746268657	7.146997986560366e-05	0.00012438145667218318	***
A to V	Aorta vs Muscle	Aorta	16	3248	0.004901960784313725	Muscle	48	3248	0.014563106796116505	0.3333333333333333	7.238266622898555e-05	0.00012459311400071283	***
A to V	Kidney vs Muscle	Kidney	16	3248	0.004901960784313725	Muscle	48	3248	0.014563106796116505	0.3333333333333333	7.238266622898555e-05	0.00012459311400071283	***
A to T	Brain vs Heart	Brain	16	1248	0.012658227848101266	Heart	16	5152	0.0030959752321981426	4.128205128205129	0.00011052071200102101	0.0001892066536974001	***
H to D	Kidney vs Liver	Kidney	32	3232	0.00980392156862745	Liver	0	1104	0.0	inf	0.0001277022255548826	0.00021743892459344873	***
A to T	Heart vs Kidney	Heart	16	5152	0.0030959752321981426	Kidney	32	3232	0.00980392156862745	0.3136645962732919	0.00013755353480091748	0.00023295356700155377	***
W to N	Kidney vs Skin	Kidney	16	3248	0.004901960784313725	Skin	0	2352	0.0	inf	0.00018720209831727191	0.00031534043299433505	***
A to V	Heart vs Liver	Heart	64	5104	0.01238390092879257	Liver	32	1072	0.028985507246376812	0.4200626959247649	0.0001973474329968611	0.0003306619223085705	***
A to S	Aorta vs Heart	Aorta	176	3088	0.05392156862745098	Heart	384	4784	0.07430340557275542	0.7100604490500864	0.00022811428874570765	0.0003801904812428461	***
A to S	Brain vs Kidney	Brain	32	1232	0.02531645569620253	Kidney	160	3104	0.049019607843137254	0.5038961038961038	0.0002748000003036401	0.0004555894741876139	***
A to T	Heart vs Muscle	Heart	16	5152	0.0030959752321981426	Muscle	0	3296	0.0	inf	0.000458385498919425	0.0007559760846053345	***
A to V	Aorta vs Heart	Aorta	16	3248	0.004901960784313725	Heart	64	5104	0.01238390092879257	0.39285714285714285	0.000465591004729235	0.0007599024170451245	***
A to V	Heart vs Kidney	Heart	64	5104	0.01238390092879257	Kidney	16	3248	0.004901960784313725	2.5454545454545454	0.000465591004729235	0.0007599024170451245	***
G to D	Brain vs Liver	Brain	48	1216	0.0379746835443038	Liver	16	1088	0.014492753623188406	2.6842105263157894	0.0005053610607933618	0.0008205477711509299	***
W to D	Heart vs Kidney	Heart	1232	3936	0.23839009287925697	Kidney	672	2592	0.20588235294117646	1.2073170731707317	0.0005079581440458138	0.0008205477711509299	***
A to V	Muscle vs Skin	Muscle	48	3248	0.014563106796116505	Skin	64	2288	0.027210884353741496	0.5283251231527094	0.0009395232312504125	0.0015099480502238772	**
H to N	Brain vs Skin	Brain	0	1264	0.0	Skin	16	2336	0.006802721088435374	0.0	0.0012035527611408824	0.0019147430290877676	**
E to T	Brain vs Skin	Brain	0	1264	0.0	Skin	16	2336	0.006802721088435374	0.0	0.0012035527611408824	0.0019147430290877676	**
V to P	Heart vs Liver	Heart	128	5040	0.02476780185758514	Liver	48	1056	0.043478260869565216	0.5587301587301587	0.0012172692721583048	0.0019268332699993267	**
W to D	Kidney vs Muscle	Kidney	672	2592	0.20588235294117646	Muscle	576	2720	0.17475728155339806	1.2242798353909465	0.0013337293370781446	0.0021006237058980777	**
E to T	Heart vs Muscle	Heart	96	5072	0.018575851393188854	Muscle	96	3200	0.02912621359223301	0.6309148264984227	0.002065066492877018	0.0032362982351057746	**
W to A	Liver vs Skin	Liver	0	1104	0.0	Skin	16	2336	0.006802721088435374	0.0	0.0025796871044814185	0.003983340381919837	**
H to N	Liver vs Skin	Liver	0	1104	0.0	Skin	16	2336	0.006802721088435374	0.0	0.0025796871044814185	0.003983340381919837	**
E to T	Liver vs Skin	Liver	0	1104	0.0	Skin	16	2336	0.006802721088435374	0.0	0.0025796871044814185	0.003983340381919837	**
E to D	Liver vs Muscle	Liver	16	1088	0.014492753623188406	Muscle	16	3280	0.0048543689320388345	3.014705882352941	0.003110083201042328	0.00476101450694852	**
T to D	Heart vs Liver	Heart	784	4384	0.15170278637770898	Liver	208	896	0.18840579710144928	0.7703537338573835	0.003113552344226651	0.00476101450694852	**
G to D	Kidney vs Liver	Kidney	16	3248	0.004901960784313725	Liver	16	1088	0.014492753623188406	0.33497536945812806	0.0032070692002067617	0.004880322695966811	**
A to S	Brain vs Muscle	Brain	32	1232	0.02531645569620253	Muscle	144	3152	0.043689320388349516	0.5685425685425686	0.003409362508718362	0.005163217260799443	**
A to V	Liver vs Muscle	Liver	32	1072	0.028985507246376812	Muscle	48	3248	0.014563106796116505	2.0199004975124377	0.003792361529796667	0.005715760200411245	**
A to V	Brain vs Skin	Brain	16	1248	0.012658227848101266	Skin	64	2288	0.027210884353741496	0.4583333333333333	0.004203368585822896	0.006305052878734344	**
P to T	Brain vs Muscle	Brain	160	1104	0.12658227848101267	Muscle	320	2976	0.0970873786407767	1.3478260869565217	0.004253797581066874	0.0063504561044363285	**
V to P	Liver vs Skin	Liver	48	1056	0.043478260869565216	Skin	160	2192	0.06802721088435375	0.6227272727272727	0.004456013613563024	0.006620963623926191	**
A to V	Brain vs Liver	Brain	16	1248	0.012658227848101266	Liver	32	1072	0.028985507246376812	0.42948717948717946	0.005322741591091596	0.007871660099501656	**
H to N	Aorta vs Muscle	Aorta	48	3216	0.014705882352941176	Muscle	80	3216	0.024271844660194174	0.6	0.005525668008876746	0.008095746152540348	**
H to N	Kidney vs Muscle	Kidney	48	3216	0.014705882352941176	Muscle	80	3216	0.024271844660194174	0.6	0.005525668008876746	0.008095746152540348	**
H to N	Aorta vs Skin	Aorta	48	3216	0.014705882352941176	Skin	16	2336	0.006802721088435374	2.1791044776119404	0.006981727229137051	0.0101347653326183	*
H to N	Kidney vs Skin	Kidney	48	3216	0.014705882352941176	Skin	16	2336	0.006802721088435374	2.1791044776119404	0.006981727229137051	0.0101347653326183	*
G to D	Heart vs Liver	Heart	32	5136	0.006191950464396285	Liver	16	1088	0.014492753623188406	0.4236760124610592	0.007144608251030762	0.01032363118841601	*
V to P	Brain vs Muscle	Brain	80	1184	0.06329113924050633	Muscle	288	3008	0.08737864077669903	0.7057057057057057	0.007459546547856393	0.01072948476061536	*
V to P	Muscle vs Skin	Muscle	288	3008	0.08737864077669903	Skin	160	2192	0.06802721088435375	1.3117021276595744	0.008098160441784423	0.011595093359827698	*
E to D	Brain vs Muscle	Brain	16	1248	0.012658227848101266	Muscle	16	3280	0.0048543689320388345	2.628205128205128	0.00858382245334234	0.01223486005793139	*
A to V	Aorta vs Brain	Aorta	16	3248	0.004901960784313725	Brain	16	1248	0.012658227848101266	0.3842364532019704	0.008872846841910241	0.012533393521083973	*
A to V	Brain vs Kidney	Brain	16	1248	0.012658227848101266	Kidney	16	3248	0.004901960784313725	2.6025641025641026	0.008872846841910241	0.012533393521083973	*
W to N	Brain vs Kidney	Brain	0	1264	0.0	Kidney	16	3248	0.004901960784313725	0.0	0.00923397163530931	0.012927560289433032	*
E to T	Brain vs Kidney	Brain	0	1264	0.0	Kidney	16	3248	0.004901960784313725	0.0	0.00923397163530931	0.012927560289433032	*
T to N	Kidney vs Muscle	Kidney	96	3168	0.029411764705882353	Muscle	64	3232	0.019417475728155338	1.5303030303030303	0.010228276568334792	0.014256226190378139	*
T to N	Aorta vs Kidney	Aorta	64	3200	0.0196078431372549	Kidney	96	3168	0.029411764705882353	0.66	0.01285409496397643	0.017837180236354958	*
W to D	Liver vs Skin	Liver	48	1056	0.043478260869565216	Skin	64	2288	0.027210884353741496	1.625	0.013418282357775781	0.01853841641534812	*
T to D	Liver vs Muscle	Liver	208	896	0.18840579710144928	Muscle	736	2560	0.22330097087378642	0.8074534161490683	0.014064807537564433	0.019346787660841906	*
G to D	Brain vs Muscle	Brain	48	1216	0.0379746835443038	Muscle	80	3216	0.024271844660194174	1.5868421052631578	0.015852495376811625	0.02171102627693766	*
W to N	Kidney vs Liver	Kidney	16	3248	0.004901960784313725	Liver	0	1104	0.0	inf	0.017320240729444512	0.023516706162823368	*
E to T	Kidney vs Liver	Kidney	16	3248	0.004901960784313725	Liver	0	1104	0.0	inf	0.017320240729444512	0.023516706162823368	*
A to S	Brain vs Skin	Brain	32	1232	0.02531645569620253	Skin	96	2256	0.04081632653061224	0.6103896103896104	0.01796949321808873	0.024293520874240127	*
E to D	Kidney vs Muscle	Kidney	32	3232	0.00980392156862745	Muscle	16	3280	0.0048543689320388345	2.0297029702970297	0.02028785420987761	0.027310572974835242	*
E to D	Heart vs Muscle	Heart	48	5120	0.009287925696594427	Muscle	16	3280	0.0048543689320388345	1.921875	0.020800268320053026	0.027802068033601416	*
G to D	Liver vs Skin	Liver	16	1088	0.014492753623188406	Skin	64	2288	0.027210884353741496	0.5257352941176471	0.02082948589184106	0.027802068033601416	*
T to D	Brain vs Heart	Brain	160	1104	0.12658227848101267	Heart	784	4384	0.15170278637770898	0.8104111209701271	0.02372559721010787	0.03153402160837122	*
P to T	Aorta vs Kidney	Aorta	800	2464	0.24509803921568626	Kidney	880	2384	0.2696078431372549	0.8795749704840614	0.025298196871869315	0.03348290762453292	*
E to D	Aorta vs Heart	Aorta	48	3216	0.014705882352941176	Heart	48	5120	0.009287925696594427	1.592039800995025	0.026536516712436127	0.034974906964089454	*
A to S	Aorta vs Skin	Aorta	176	3088	0.05392156862745098	Skin	96	2256	0.04081632653061224	1.339378238341969	0.02729548623969914	0.03582532568960512	*
T to D	Kidney vs Muscle	Kidney	656	2608	0.20098039215686275	Muscle	736	2560	0.22330097087378642	0.8748999733262203	0.02751439940446063	0.03596280420085103	*
G to D	Aorta vs Kidney	Aorta	32	3232	0.00980392156862745	Kidney	16	3248	0.004901960784313725	2.00990099009901	0.02871777728148368	0.037380577866394045	*
T to N	Heart vs Kidney	Heart	112	5056	0.021671826625386997	Kidney	96	3168	0.029411764705882353	0.7310126582278481	0.03036047906345516	0.03935617656373817	*
V to P	Brain vs Liver	Brain	80	1184	0.06329113924050633	Liver	48	1056	0.043478260869565216	1.4864864864864864	0.03609693040422718	0.04660054539889984	*
G to D	Liver vs Muscle	Liver	16	1088	0.014492753623188406	Muscle	80	3216	0.024271844660194174	0.5911764705882353	0.05681766864820013	0.07279418157438096	ns
T to N	Muscle vs Skin	Muscle	64	3232	0.019417475728155338	Skin	64	2288	0.027210884353741496	0.7079207920792079	0.056848789419992746	0.07279418157438096	ns
A to S	Aorta vs Muscle	Aorta	176	3088	0.05392156862745098	Muscle	144	3152	0.043689320388349516	1.2475532527345998	0.058485988876559446	0.07458739472111832	ns
T to N	Aorta vs Skin	Aorta	64	3200	0.0196078431372549	Skin	64	2288	0.027210884353741496	0.715	0.06956823619070374	0.08836288064545031	ns
G to D	Aorta vs Heart	Aorta	32	3232	0.00980392156862745	Heart	32	5136	0.006191950464396285	1.5891089108910892	0.07116184023768143	0.08971404988926675	ns
T to D	Aorta vs Heart	Aorta	448	2816	0.13725490196078433	Heart	784	4384	0.15170278637770898	0.8896103896103896	0.07120162689624344	0.08971404988926675	ns
T to N	Liver vs Muscle	Liver	32	1072	0.028985507246376812	Muscle	64	3232	0.019417475728155338	1.507462686567164	0.07328169668063345	0.09196706953944038	ns
T to N	Aorta vs Liver	Aorta	64	3200	0.0196078431372549	Liver	32	1072	0.028985507246376812	0.67	0.07452008997918144	0.0931501124739768	ns
P to T	Liver vs Muscle	Liver	128	976	0.11594202898550725	Muscle	320	2976	0.0970873786407767	1.219672131147541	0.07484649681864347	0.0931883260785482	ns
A to S	Brain vs Liver	Brain	32	1232	0.02531645569620253	Liver	16	1088	0.014492753623188406	1.7662337662337662	0.07857925544068581	0.09745065143234657	ns
G to D	Brain vs Skin	Brain	48	1216	0.0379746835443038	Skin	64	2288	0.027210884353741496	1.4111842105263157	0.08663864003907218	0.1070242024012068	ns
E to D	Aorta vs Kidney	Aorta	48	3216	0.014705882352941176	Kidney	32	3232	0.00980392156862745	1.507462686567164	0.09091193463095294	0.11142902493677112	ns
A to T	Aorta vs Kidney	Aorta	48	3216	0.014705882352941176	Kidney	32	3232	0.00980392156862745	1.507462686567164	0.09091193463095294	0.11142902493677112	ns
V to P	Heart vs Kidney	Heart	128	5040	0.02476780185758514	Kidney	64	3200	0.0196078431372549	1.2698412698412698	0.13385910350975583	0.16343262637819025	ns
E to D	Heart vs Liver	Heart	48	5120	0.009287925696594427	Liver	16	1088	0.014492753623188406	0.6375	0.13569164513564708	0.16503037921903024	ns
T to N	Heart vs Skin	Heart	112	5056	0.021671826625386997	Skin	64	2288	0.027210884353741496	0.7919303797468354	0.13964398710370482	0.16918406129871932	ns
T to N	Heart vs Liver	Heart	112	5056	0.021671826625386997	Liver	32	1072	0.028985507246376812	0.7420886075949367	0.14967774412373658	0.1806455532527855	ns
W to N	Aorta vs Muscle	Aorta	48	3216	0.014705882352941176	Muscle	64	3232	0.019417475728155338	0.753731343283582	0.1530744517352859	0.18403989426188952	ns
A to S	Kidney vs Skin	Kidney	160	3104	0.049019607843137254	Skin	96	2256	0.04081632653061224	1.211340206185567	0.15394659235160865	0.18438470186599515	ns
E to D	Kidney vs Liver	Kidney	32	3232	0.00980392156862745	Liver	16	1088	0.014492753623188406	0.6732673267326733	0.24089503590150996	0.2863469294678326	ns
G to D	Aorta vs Liver	Aorta	32	3232	0.00980392156862745	Liver	16	1088	0.014492753623188406	0.6732673267326733	0.24089503590150996	0.2863469294678326	ns
W to A	Brain vs Muscle	Brain	32	1232	0.02531645569620253	Muscle	64	3232	0.019417475728155338	1.3116883116883118	0.24861683232405724	0.2944146698574362	ns
W to A	Aorta vs Brain	Aorta	64	3200	0.0196078431372549	Brain	32	1232	0.02531645569620253	0.77	0.2500181079434155	0.2949651835287486	ns
E to D	Brain vs Heart	Brain	16	1248	0.012658227848101266	Heart	48	5120	0.009287925696594427	1.3675213675213675	0.2704512119182288	0.3178810886352316	ns
A to S	Kidney vs Muscle	Kidney	160	3104	0.049019607843137254	Muscle	144	3152	0.043689320388349516	1.1282932416953035	0.31828868312565345	0.3727172311694455	ns
H to N	Heart vs Muscle	Heart	144	5024	0.02786377708978328	Muscle	80	3216	0.024271844660194174	1.1522292993630574	0.33151179737724046	0.38676376360678055	ns
T to D	Aorta vs Brain	Aorta	448	2816	0.13725490196078433	Brain	160	1104	0.12658227848101267	1.0977272727272727	0.3562765053322231	0.4141221371942814	ns
E to T	Kidney vs Skin	Kidney	16	3248	0.004901960784313725	Skin	16	2336	0.006802721088435374	0.7192118226600985	0.3727132109204535	0.43163478470567224	ns
T to D	Kidney vs Liver	Kidney	656	2608	0.20098039215686275	Liver	208	896	0.18840579710144928	1.0835299669655498	0.38218525945097065	0.4409829916741969	ns
A to S	Aorta vs Kidney	Aorta	176	3088	0.05392156862745098	Kidney	160	3104	0.049019607843137254	1.105699481865285	0.400812956676033	0.46078861807646126	ns
E to D	Brain vs Kidney	Brain	16	1248	0.012658227848101266	Kidney	32	3232	0.00980392156862745	1.294871794871795	0.41939090005881835	0.47865265767582527	ns
A to T	Brain vs Kidney	Brain	16	1248	0.012658227848101266	Kidney	32	3232	0.00980392156862745	1.294871794871795	0.41939090005881835	0.47865265767582527	ns
A to V	Heart vs Muscle	Heart	64	5104	0.01238390092879257	Muscle	48	3248	0.014563106796116505	0.8484848484848485	0.43527877494606443	0.49499210869317795	ns
P to T	Brain vs Liver	Brain	160	1104	0.12658227848101267	Liver	128	976	0.11594202898550725	1.105072463768116	0.44979616033295516	0.5096611169240319	ns
G to D	Muscle vs Skin	Muscle	80	3216	0.024271844660194174	Skin	64	2288	0.027210884353741496	0.8893034825870647	0.4944695764869711	0.55827210248529	ns
T to N	Heart vs Muscle	Heart	112	5056	0.021671826625386997	Muscle	64	3232	0.019417475728155338	1.1186708860759493	0.5321498306415355	0.5972125384899574	ns
T to N	Aorta vs Heart	Aorta	64	3200	0.0196078431372549	Heart	112	5056	0.021671826625386997	0.9028571428571428	0.532751502589454	0.5972125384899574	ns
G to D	Heart vs Kidney	Heart	32	5136	0.006191950464396285	Kidney	16	3248	0.004901960784313725	1.264797507788162	0.5525935675821986	0.6172587722992643	ns
V to P	Brain vs Skin	Brain	80	1184	0.06329113924050633	Skin	160	2192	0.06802721088435375	0.9256756756756757	0.6240991145398962	0.6946686257246194	ns
A to S	Muscle vs Skin	Muscle	144	3152	0.043689320388349516	Skin	96	2256	0.04081632653061224	1.0736040609137056	0.6396528422154051	0.7094741031614528	ns
E to D	Aorta vs Brain	Aorta	48	3216	0.014705882352941176	Brain	16	1248	0.012658227848101266	1.164179104477612	0.6751055382283764	0.7415973350742999	ns
A to T	Aorta vs Brain	Aorta	48	3216	0.014705882352941176	Brain	16	1248	0.012658227848101266	1.164179104477612	0.6751055382283764	0.7415973350742999	ns
A to V	Brain vs Muscle	Brain	16	1248	0.012658227848101266	Muscle	48	3248	0.014563106796116505	0.8675213675213675	0.6756775719565844	0.7415973350742999	ns
T to N	Kidney vs Skin	Kidney	96	3168	0.029411764705882353	Skin	64	2288	0.027210884353741496	1.0833333333333333	0.6845486503923566	0.74872508636664	ns
A to T	Liver vs Skin	Liver	48	1056	0.043478260869565216	Skin	96	2256	0.04081632653061224	1.0681818181818181	0.7155785332495087	0.779955840739084	ns
E to D	Brain vs Liver	Brain	16	1248	0.012658227848101266	Liver	16	1088	0.014492753623188406	0.8717948717948718	0.7243473380925549	0.7867910741350166	ns
E to D	Heart vs Kidney	Heart	48	5120	0.009287925696594427	Kidney	32	3232	0.00980392156862745	0.946875	0.8183443801440788	0.8858367001559616	ns
T to N	Liver vs Skin	Liver	32	1072	0.028985507246376812	Skin	64	2288	0.027210884353741496	1.0671641791044777	0.8243711679857376	0.8862693444215267	ns
A to V	Liver vs Skin	Liver	32	1072	0.028985507246376812	Skin	64	2288	0.027210884353741496	1.0671641791044777	0.8243711679857376	0.8862693444215267	ns
A to V	Brain vs Heart	Brain	16	1248	0.012658227848101266	Heart	64	5104	0.01238390092879257	1.0224358974358974	0.8880835494007597	0.9515180886436712	ns
W to D	Aorta vs Brain	Aorta	288	2976	0.08823529411764706	Brain	112	1152	0.08860759493670886	0.9953917050691244	0.9535292785790356	1.0	ns
W to N	Brain vs Liver	Brain	0	1264	0.0	Liver	0	1104	0.0		1.0	1.0	ns
W to N	Brain vs Skin	Brain	0	1264	0.0	Skin	0	2352	0.0		1.0	1.0	ns
W to N	Liver vs Skin	Liver	0	1104	0.0	Skin	0	2352	0.0		1.0	1.0	ns
T to N	Aorta vs Muscle	Aorta	64	3200	0.0196078431372549	Muscle	64	3232	0.019417475728155338	1.01	1.0	1.0	ns
T to N	Kidney vs Liver	Kidney	96	3168	0.029411764705882353	Liver	32	1072	0.028985507246376812	1.0151515151515151	1.0	1.0	ns
W to A	Aorta vs Muscle	Aorta	64	3200	0.0196078431372549	Muscle	64	3232	0.019417475728155338	1.01	1.0	1.0	ns
W to A	Kidney vs Liver	Kidney	0	3264	0.0	Liver	0	1104	0.0		1.0	1.0	ns
H to D	Aorta vs Brain	Aorta	0	3264	0.0	Brain	0	1264	0.0		1.0	1.0	ns
H to D	Aorta vs Liver	Aorta	0	3264	0.0	Liver	0	1104	0.0		1.0	1.0	ns
H to D	Aorta vs Skin	Aorta	0	3264	0.0	Skin	0	2352	0.0		1.0	1.0	ns
H to D	Brain vs Liver	Brain	0	1264	0.0	Liver	0	1104	0.0		1.0	1.0	ns
H to D	Brain vs Skin	Brain	0	1264	0.0	Skin	0	2352	0.0		1.0	1.0	ns
H to D	Liver vs Skin	Liver	0	1104	0.0	Skin	0	2352	0.0		1.0	1.0	ns
H to N	Aorta vs Kidney	Aorta	48	3216	0.014705882352941176	Kidney	48	3216	0.014705882352941176	1.0	1.0	1.0	ns
H to N	Brain vs Liver	Brain	0	1264	0.0	Liver	0	1104	0.0		1.0	1.0	ns
E to D	Aorta vs Liver	Aorta	48	3216	0.014705882352941176	Liver	16	1088	0.014492753623188406	1.0149253731343284	1.0	1.0	ns
A to V	Aorta vs Kidney	Aorta	16	3248	0.004901960784313725	Kidney	16	3248	0.004901960784313725	1.0	1.0	1.0	ns
E to T	Aorta vs Brain	Aorta	0	3264	0.0	Brain	0	1264	0.0		1.0	1.0	ns
E to T	Aorta vs Liver	Aorta	0	3264	0.0	Liver	0	1104	0.0		1.0	1.0	ns
E to T	Brain vs Liver	Brain	0	1264	0.0	Liver	0	1104	0.0		1.0	1.0	ns
