Dataset	aa_sub	Age	log2FC_vs_t06mo	p	FDR	Significance
Aorta	P to T	t15mo	-0.010302224415092907	0.9807502142665714	1.0	ns
Aorta	P to T	t24mo	-0.025258666719573185	0.9149046417869761	1.0	ns
Aorta	P to T	t30mo	-0.003348048669618133	0.9807502142665714	1.0	ns
Aorta	V to P	t15mo	-0.1137662540228734	0.7498732531050128	1.0	ns
Aorta	V to P	t24mo	-0.04496683709603592	0.6916888741814378	1.0	ns
Aorta	V to P	t30mo	-0.11323420584864038	0.9565922772754393	1.0	ns
Aorta	D to S	t15mo	-0.022574029658985615	1.0	1.0	ns
Aorta	D to S	t24mo	-0.02085228773159752	1.0	1.0	ns
Aorta	D to S	t30mo	-0.13907467816448402	0.6666666666666666	1.0	ns
Aorta	W to A	t15mo	-0.0819545236040909	0.8857142857142857	1.0	ns
Aorta	W to A	t24mo	-0.013452472855814138	1.0	1.0	ns
Aorta	W to A	t30mo	0.08984175041077191	1.0	1.0	ns
Aorta	W to D	t15mo	-0.07884770139017219	0.9873785512460885	1.0	ns
Aorta	W to D	t24mo	-0.18451630812125575	0.886784835609217	1.0	ns
Aorta	W to D	t30mo	-0.15714520555681888	0.9873785512460885	1.0	ns
Aorta	W to S	t15mo	-0.20778428229954554	0.6666666666666666	1.0	ns
Aorta	W to S	t24mo	-0.043406821709991265	1.0	1.0	ns
Aorta	W to S	t30mo	0.07948398967941175	1.0	1.0	ns
Aorta	T to D	t15mo	0.06258375067550075	0.9281858091033259	1.0	ns
Aorta	T to D	t24mo	0.011191298389649381	1.0	1.0	ns
Aorta	T to D	t30mo	0.09417106712461971	0.8505249745939332	1.0	ns
Aorta	S to G	t15mo	-0.18046131673800356	1.0	1.0	ns
Aorta	S to G	t24mo	0.15100584184409666	1.0	1.0	ns
Aorta	S to G	t30mo	-0.8137974988406671	1.0	1.0	ns
Aorta	L to A	t15mo	0.055457788417812605	1.0	1.0	ns
Aorta	L to A	t24mo	-0.6820181836234342	1.0	1.0	ns
Aorta	L to A	t30mo	-0.031950146028557634	1.0	1.0	ns
Aorta	V to N	t15mo	0.11890879122098806	1.0	1.0	ns
Aorta	V to N	t24mo	-0.04014031118479861	1.0	1.0	ns
Aorta	V to N	t30mo	-0.1126989922415491	0.6666666666666666	1.0	ns
Aorta	G to A	t15mo	0.20409333964624224	1.0	1.0	ns
Aorta	G to A	t24mo	0.1146928565590891	1.0	1.0	ns
Aorta	G to A	t30mo	-0.07236187299256784	1.0	1.0	ns
Aorta	P to Q	t15mo	0.0071728813090738835	1.0	1.0	ns
Aorta	P to Q	t24mo	0.37977819823982134	0.7	1.0	ns
Aorta	P to Q	t30mo	0.4065611401727484	0.7	1.0	ns
Aorta	G to D	t15mo	-0.6141733612745233	0.6666666666666666	1.0	ns
Aorta	G to D	t24mo	-0.7405635927797228	0.6666666666666666	1.0	ns
Aorta	G to D	t30mo	-0.6156275179846872	0.6666666666666666	1.0	ns
Aorta	M to L	t15mo	-0.02644516292017951	0.6666666666666666	1.0	ns
Aorta	M to L	t24mo	-0.1593077845322533	0.6666666666666666	1.0	ns
Aorta	M to L	t30mo	-0.07006798755100246	1.0	1.0	ns
Aorta	T to N	t15mo	0.006395360516833137	1.0	1.0	ns
Aorta	T to N	t24mo	0.12412474070317253	0.8857142857142857	1.0	ns
Aorta	T to N	t30mo	0.1504573700443054	0.8857142857142857	1.0	ns
Aorta	Q to G	t15mo	-0.13689539505226606	1.0	1.0	ns
Aorta	Q to G	t24mo	0.18166316131720617	1.0	1.0	ns
Aorta	Q to G	t30mo	0.9042458372961799	1.0	1.0	ns
Aorta	A to T	t15mo	-0.43888376754591985	0.4	1.0	ns
Aorta	A to T	t24mo	-0.4937095047466732	1.0	1.0	ns
Aorta	A to T	t30mo	-0.5450343092674483	0.7	1.0	ns
Aorta	F to D	t15mo	0.15006559777760187	1.0	1.0	ns
Aorta	F to D	t24mo	-0.005427671054579996	1.0	1.0	ns
Aorta	F to D	t30mo	0.189543573640702	1.0	1.0	ns
Aorta	E to D	t15mo	-0.2358278792928767	1.0	1.0	ns
Aorta	E to D	t24mo	-0.6257622418744992	0.4	1.0	ns
Aorta	E to D	t30mo	-1.1479725791635296	0.4	1.0	ns
Aorta	V to Q	t15mo	0.05640827147166964	1.0	1.0	ns
Aorta	V to Q	t24mo	0.10455990956912643	0.6666666666666666	1.0	ns
Aorta	V to Q	t30mo	0.15741801358567062	0.6666666666666666	1.0	ns
Aorta	V to L	t15mo	0.02865554959793914	1.0	1.0	ns
Aorta	V to L	t24mo	-0.005126680424872928	1.0	1.0	ns
Aorta	V to L	t30mo	0.24847856227521511	0.6666666666666666	1.0	ns
Aorta	H to N	t15mo	-0.008683810372221318	1.0	1.0	ns
Aorta	H to N	t24mo	-0.10453383911560467	0.7	1.0	ns
Aorta	H to N	t30mo	-0.030255755038874625	1.0	1.0	ns
Aorta	A to E	t15mo	-1.021384061013672	1.0	1.0	ns
Aorta	A to E	t24mo	-1.1843795868866691	1.0	1.0	ns
Aorta	A to E	t30mo	-1.1426613142337663	1.0	1.0	ns
Aorta	V to A	t15mo	-2.3643935516831456	1.0	1.0	ns
Aorta	V to A	t24mo	-1.1871793357255316	1.0	1.0	ns
Aorta	V to A	t30mo	-1.3505756101554522	1.0	1.0	ns
Aorta	T to A	t15mo	0.18813525864864575	1.0	1.0	ns
Aorta	T to A	t24mo	-0.24546792923887478	1.0	1.0	ns
Aorta	T to A	t30mo	-0.13721603068110022	1.0	1.0	ns
Aorta	A to L	t15mo	0.2757056600400476	0.6666666666666666	1.0	ns
Aorta	A to L	t24mo	-0.22313320857455052	0.6666666666666666	1.0	ns
Aorta	A to L	t30mo	-0.14274825294232732	0.6666666666666666	1.0	ns
Aorta	S to L	t15mo	0.5248278316729419	1.0	1.0	ns
Aorta	S to L	t24mo	0.48379636801236653	1.0	1.0	ns
Aorta	S to L	t30mo	1.4014581272339357	1.0	1.0	ns
Aorta	A to S	t15mo	-0.215296777315382	0.792812616632073	1.0	ns
Aorta	A to S	t24mo	-0.1661246826737182	0.792812616632073	1.0	ns
Aorta	A to S	t30mo	-0.14008653487031764	0.7426659029196823	1.0	ns
Aorta	A to V	t15mo	-0.057523903582925154	1.0	1.0	ns
Aorta	A to V	t24mo	-0.8187704382092309	1.0	1.0	ns
Aorta	A to V	t30mo	-0.012925594426743972	1.0	1.0	ns
Aorta	T to G	t15mo	-0.06308913525027593	1.0	1.0	ns
Aorta	T to G	t24mo	-0.1815313995017005	1.0	1.0	ns
Aorta	T to G	t30mo	-0.2556768655353034	1.0	1.0	ns
Aorta	Y to D	t15mo	0.0785665246614602	1.0	1.0	ns
Aorta	Y to D	t24mo	-0.017533370900945863	1.0	1.0	ns
Aorta	Y to D	t30mo	0.026729942342575405	1.0	1.0	ns
Aorta	Y to F	t15mo	-0.0668062543662363	1.0	1.0	ns
Aorta	Y to F	t24mo	-0.4459379315861703	1.0	1.0	ns
Aorta	Y to F	t30mo	-0.0271759825670422	1.0	1.0	ns
Aorta	F to L	t15mo	-0.02128582660660375	1.0	1.0	ns
Aorta	F to L	t24mo	0.017685594880896986	1.0	1.0	ns
Aorta	F to L	t30mo	-0.1030623731292973	1.0	1.0	ns
Aorta	G to Q	t15mo	0.10917167834646085	1.0	1.0	ns
Aorta	G to Q	t24mo	0.09061433904285207	1.0	1.0	ns
Aorta	G to Q	t30mo	0.11692946038202168	1.0	1.0	ns
Aorta	Y to T	t15mo	1.3711721781240356	1.0	1.0	ns
Aorta	Y to T	t24mo	1.2484264406016103	1.0	1.0	ns
Aorta	Y to T	t30mo	-0.6599112022165213	1.0	1.0	ns
Aorta	W to N	t15mo	-0.3350395936207325	1.0	1.0	ns
Aorta	W to N	t24mo	0.4017553986635342	0.7	1.0	ns
Aorta	W to N	t30mo	-0.2317529452074807	1.0	1.0	ns
Aorta	A to N	t15mo	0.19933570618189234	1.0	1.0	ns
Aorta	A to N	t24mo	0.073583114626603	1.0	1.0	ns
Aorta	A to N	t30mo	0.03349335931083959	1.0	1.0	ns
Aorta	S to N	t15mo	0.4996872250942408	1.0	1.0	ns
Aorta	S to N	t24mo	0.1667411408131385	1.0	1.0	ns
Aorta	S to N	t30mo	0.005764054537705039	1.0	1.0	ns
Aorta	Q to A	t15mo	0.14563001400601513	1.0	1.0	ns
Aorta	Q to A	t24mo	-0.0682041574203008	1.0	1.0	ns
Aorta	Q to A	t30mo	-0.22403442275634594	1.0	1.0	ns
Aorta	T to S	t15mo	-0.04314339133938604	1.0	1.0	ns
Aorta	T to S	t24mo	-0.17846908536754766	1.0	1.0	ns
Aorta	T to S	t30mo	0.0926388935124132	1.0	1.0	ns
Aorta	S to Q	t15mo	-0.009548696469986448	1.0	1.0	ns
Aorta	S to Q	t24mo	0.08952661685579873	1.0	1.0	ns
Aorta	S to Q	t30mo	0.2669365765611388	1.0	1.0	ns
Aorta	L to V	t15mo	-0.1383375982217975	1.0	1.0	ns
Aorta	L to V	t24mo	0.09349026493716632	1.0	1.0	ns
Aorta	L to V	t30mo	-0.11056394760693	1.0	1.0	ns
Aorta	V to T	t15mo	0.14175245193152253	1.0	1.0	ns
Aorta	V to T	t24mo	0.15985423969604443	1.0	1.0	ns
Aorta	V to T	t30mo	-0.12138267347000042	1.0	1.0	ns
Brain	T to A	t15mo	0.0672082923016238	0.6666666666666666	1.0	ns
Brain	T to A	t24mo	0.13378742331202437	0.6666666666666666	1.0	ns
Brain	T to A	t30mo	0.12202798122984382	0.6666666666666666	1.0	ns
Brain	G to A	t15mo	0.09171634412792644	1.0	1.0	ns
Brain	G to A	t24mo	0.048243729824944785	1.0	1.0	ns
Brain	G to A	t30mo	0.07155879187017761	1.0	1.0	ns
Brain	W to D	t15mo	-0.09556568214653124	0.7103729603729605	1.0	ns
Brain	W to D	t24mo	-0.005695313450858412	0.7103729603729605	1.0	ns
Brain	W to D	t30mo	-0.1514484726917357	0.8047785547785549	1.0	ns
Brain	M to N	t15mo	-0.03126207541410599	1.0	1.0	ns
Brain	M to N	t24mo	-0.6264294038175263	1.0	1.0	ns
Brain	M to N	t30mo	-0.5095579624737457	1.0	1.0	ns
Brain	Q to A	t15mo	0.03354731501069999	1.0	1.0	ns
Brain	Q to A	t24mo	-0.31397183973829945	1.0	1.0	ns
Brain	Q to A	t30mo	-0.1932236554589241	1.0	1.0	ns
Brain	V to L	t15mo	0.0406998864741353	0.6666666666666666	1.0	ns
Brain	V to L	t24mo	-0.1838643877271985	1.0	1.0	ns
Brain	V to L	t30mo	-0.13014711444903423	0.6666666666666666	1.0	ns
Brain	P to T	t15mo	-0.004599990638289832	0.9097218891455553	1.0	ns
Brain	P to T	t24mo	-0.09242510908407588	0.9097218891455553	1.0	ns
Brain	P to T	t30mo	-0.04649942956362394	0.9097218891455553	1.0	ns
Brain	G to S	t15mo	-0.13945965170511998	1.0	1.0	ns
Brain	G to S	t24mo	-0.05313594391051844	1.0	1.0	ns
Brain	G to S	t30mo	-0.07711940011911243	0.6666666666666666	1.0	ns
Brain	T to D	t15mo	0.24109406120060917	1.0	1.0	ns
Brain	T to D	t24mo	0.001989686286530454	1.0	1.0	ns
Brain	T to D	t30mo	-0.06965177732851614	1.0	1.0	ns
Brain	W to A	t15mo	-0.10100847159868748	0.6666666666666666	1.0	ns
Brain	W to A	t24mo	-0.023358193633988215	0.6666666666666666	1.0	ns
Brain	W to A	t30mo	-0.03726914114478902	0.6666666666666666	1.0	ns
Brain	G to D	t15mo	0.13853069685930275	1.0	1.0	ns
Brain	G to D	t24mo	0.3326679670765511	1.0	1.0	ns
Brain	G to D	t30mo	0.19481116217073452	1.0	1.0	ns
Brain	T to N	t15mo	-0.09893727298576137	0.959129759129759	1.0	ns
Brain	T to N	t24mo	-0.1144437843207462	1.0	1.0	ns
Brain	T to N	t30mo	-0.05917763349837404	0.959129759129759	1.0	ns
Brain	V to P	t15mo	-0.1614871077027455	1.0	1.0	ns
Brain	V to P	t24mo	-0.14830510426222906	0.8412698412698413	1.0	ns
Brain	V to P	t30mo	0.13379643412825096	1.0	1.0	ns
Brain	A to D	t15mo	0.12417354245630118	1.0	1.0	ns
Brain	A to D	t24mo	0.197908291512147	1.0	1.0	ns
Brain	A to D	t30mo	0.15532832943677516	1.0	1.0	ns
Brain	Y to E	t15mo	0.1681958229828054	1.0	1.0	ns
Brain	Y to E	t24mo	0.005094840882945785	1.0	1.0	ns
Brain	Y to E	t30mo	0.10152341238491058	1.0	1.0	ns
Brain	A to P	t15mo	0.024635241666443097	1.0	1.0	ns
Brain	A to P	t24mo	-0.12245886537413755	1.0	1.0	ns
Brain	A to P	t30mo	0.00028040235796546176	1.0	1.0	ns
Brain	D to S	t15mo	-0.32934662979210516	1.0	1.0	ns
Brain	D to S	t24mo	-0.15107081169990397	1.0	1.0	ns
Brain	D to S	t30mo	-0.1735257865474371	1.0	1.0	ns
Brain	V to T	t15mo	-0.09172174730106802	0.8857142857142857	1.0	ns
Brain	V to T	t24mo	-0.006673842346165653	1.0	1.0	ns
Brain	V to T	t30mo	-0.04448955970412756	1.0	1.0	ns
Brain	L to S	t15mo	0.0501297188427911	0.6666666666666666	1.0	ns
Brain	L to S	t24mo	-0.02634436860594093	0.6666666666666666	1.0	ns
Brain	L to S	t30mo	-0.12224438928923871	0.6666666666666666	1.0	ns
Brain	L to T	t15mo	0.07853517071729724	1.0	1.0	ns
Brain	L to T	t24mo	-0.05706539631015241	1.0	1.0	ns
Brain	L to T	t30mo	0.025404950325628246	1.0	1.0	ns
Brain	A to T	t15mo	0.5891962233461508	1.0	1.0	ns
Brain	A to T	t24mo	0.007074360130719477	1.0	1.0	ns
Brain	A to T	t30mo	-0.5295861463138274	1.0	1.0	ns
Brain	N to V	t15mo	-0.531664169981147	1.0	1.0	ns
Brain	N to V	t24mo	-0.5787483181342374	1.0	1.0	ns
Brain	N to V	t30mo	-0.7083075372547268	1.0	1.0	ns
Brain	G to N	t15mo	0.058718618908829935	1.0	1.0	ns
Brain	G to N	t24mo	-0.4650367570995402	1.0	1.0	ns
Brain	G to N	t30mo	0.05665952248122611	1.0	1.0	ns
Brain	S to N	t15mo	-0.1400406707105923	1.0	1.0	ns
Brain	S to N	t24mo	-0.08158617587657284	1.0	1.0	ns
Brain	S to N	t30mo	-0.20065417602001376	1.0	1.0	ns
Brain	E to D	t15mo	0.07958988127662055	1.0	1.0	ns
Brain	E to D	t24mo	0.016377514753672974	1.0	1.0	ns
Brain	E to D	t30mo	0.07986281035699498	1.0	1.0	ns
Brain	A to S	t15mo	-0.06711820489240694	0.6666666666666666	1.0	ns
Brain	A to S	t24mo	-0.05277591843708853	0.6666666666666666	1.0	ns
Brain	A to S	t30mo	0.10642239563954516	0.6666666666666666	1.0	ns
Brain	T to S	t15mo	-0.21138173047321562	1.0	1.0	ns
Brain	T to S	t24mo	0.005015370822045449	1.0	1.0	ns
Brain	T to S	t30mo	-0.14741357753390918	1.0	1.0	ns
Brain	M to L	t15mo	-0.1545063385862614	1.0	1.0	ns
Brain	M to L	t24mo	-0.1411830265154269	1.0	1.0	ns
Brain	M to L	t30mo	-0.1407706966474271	1.0	1.0	ns
Brain	E to G	t15mo	0.006316249680692101	1.0	1.0	ns
Brain	E to G	t24mo	0.05330421110761523	1.0	1.0	ns
Brain	E to G	t30mo	0.037735489311145315	1.0	1.0	ns
Brain	L to V	t15mo	0.028856283230637297	1.0	1.0	ns
Brain	L to V	t24mo	0.031422162620881884	1.0	1.0	ns
Brain	L to V	t30mo	-0.043406082031211664	1.0	1.0	ns
Brain	S to G	t15mo	0.09270415435460214	1.0	1.0	ns
Brain	S to G	t24mo	0.16227720166191925	1.0	1.0	ns
Brain	S to G	t30mo	0.08146776366354691	1.0	1.0	ns
Brain	A to V	t15mo	0.4460902444352094	1.0	1.0	ns
Brain	A to V	t24mo	0.0387772951502366	1.0	1.0	ns
Brain	A to V	t30mo	0.8728571925048656	1.0	1.0	ns
Heart	P to L	t15mo	0.037233838993412864	1.0	1.0	ns
Heart	P to L	t24mo	0.12789086426546226	1.0	1.0	ns
Heart	P to L	t30mo	0.03686316459114302	1.0	1.0	ns
Heart	P to Q	t15mo	0.15626420663636592	0.6666666666666666	1.0	ns
Heart	P to Q	t24mo	0.09909621109681102	1.0	1.0	ns
Heart	P to Q	t30mo	-0.012395856948617638	1.0	1.0	ns
Heart	W to A	t15mo	0.13521389983950877	1.0	1.0	ns
Heart	W to A	t24mo	0.2291667005730109	0.9767092706009323	1.0	ns
Heart	W to A	t30mo	0.0813083200862213	0.9070351944172667	1.0	ns
Heart	W to D	t15mo	0.019268198795774506	0.9222770463338529	1.0	ns
Heart	W to D	t24mo	0.02824013879772855	0.9740558128871516	1.0	ns
Heart	W to D	t30mo	-0.10119972807844872	0.971174317195091	1.0	ns
Heart	W to N	t15mo	-0.1261134286735442	0.9887672945820644	1.0	ns
Heart	W to N	t24mo	-0.00378011783043297	0.9663107869620914	1.0	ns
Heart	W to N	t30mo	-0.11148550506891086	0.9103250189032224	1.0	ns
Heart	T to D	t15mo	-0.7104356415809188	0.7817008590474439	1.0	ns
Heart	T to D	t24mo	0.023630004844532957	0.7762506648115625	1.0	ns
Heart	T to D	t30mo	-0.49356963877927046	0.9433562868691425	1.0	ns
Heart	Q to G	t15mo	0.2122095382637981	0.6666666666666666	1.0	ns
Heart	Q to G	t24mo	0.3495215508344061	0.6666666666666666	1.0	ns
Heart	Q to G	t30mo	0.21158369403278532	0.6666666666666666	1.0	ns
Heart	Y to D	t15mo	-0.018627986021885243	0.6857142857142857	1.0	ns
Heart	Y to D	t24mo	-0.10162053430443195	1.0	1.0	ns
Heart	Y to D	t30mo	-0.0006689712453977206	1.0	1.0	ns
Heart	H to D	t15mo	0.1685290838775662	0.9873785512460885	1.0	ns
Heart	H to D	t24mo	0.12568060515929677	0.911826411753384	1.0	ns
Heart	H to D	t30mo	0.10228964981155582	0.9621482836066155	1.0	ns
Heart	V to E	t15mo	-0.1978611435911057	1.0	1.0	ns
Heart	V to E	t24mo	-0.08638152474454622	1.0	1.0	ns
Heart	V to E	t30mo	-0.13350986497518202	1.0	1.0	ns
Heart	P to T	t15mo	-0.09955134551524737	0.9873785512460885	1.0	ns
Heart	P to T	t24mo	-0.04175835769758712	0.9369558676699575	1.0	ns
Heart	P to T	t30mo	-0.04172695762611363	0.911826411753384	1.0	ns
Heart	T to N	t15mo	-0.3622751067272011	1.0	1.0	ns
Heart	T to N	t24mo	-0.11999469053850513	0.9015151515151516	1.0	ns
Heart	T to N	t30mo	-0.35018649218176634	0.9015151515151516	1.0	ns
Heart	V to L	t15mo	-0.03314213259329496	1.0	1.0	ns
Heart	V to L	t24mo	-0.22194985137992992	1.0	1.0	ns
Heart	V to L	t30mo	-0.27270402881634986	1.0	1.0	ns
Heart	V to T	t15mo	0.01520943897483966	0.7	1.0	ns
Heart	V to T	t24mo	0.542086052617112	0.4	1.0	ns
Heart	V to T	t30mo	0.12970258927795122	1.0	1.0	ns
Heart	H to N	t15mo	-0.06462114497620369	1.0	1.0	ns
Heart	H to N	t24mo	0.22656170444907092	0.9296365245070707	1.0	ns
Heart	H to N	t30mo	0.09796850681797249	0.859819205054158	1.0	ns
Heart	F to L	t15mo	0.13408554418158947	1.0	1.0	ns
Heart	F to L	t24mo	0.061080154015412315	1.0	1.0	ns
Heart	F to L	t30mo	0.10132023473710491	1.0	1.0	ns
Heart	A to L	t15mo	0.1345954617882766	0.8857142857142857	1.0	ns
Heart	A to L	t24mo	1.0911559050077437	0.8857142857142857	1.0	ns
Heart	A to L	t30mo	0.1340289299443239	0.8857142857142857	1.0	ns
Heart	G to D	t15mo	-0.37106964606817766	0.6666666666666666	1.0	ns
Heart	G to D	t24mo	-0.3904904014135898	0.3333333333333333	1.0	ns
Heart	G to D	t30mo	-0.6056378798321532	0.3333333333333333	1.0	ns
Heart	N to L	t15mo	-0.05737501632451756	1.0	1.0	ns
Heart	N to L	t24mo	0.1615330447111547	0.6666666666666666	1.0	ns
Heart	N to L	t30mo	0.034875297706592534	1.0	1.0	ns
Heart	R to D	t15mo	-0.7030851771043064	1.0	1.0	ns
Heart	R to D	t24mo	-0.7189396199101098	1.0	1.0	ns
Heart	R to D	t30mo	-0.7913169292655791	1.0	1.0	ns
Heart	V to A	t15mo	0.3297070787842897	1.0	1.0	ns
Heart	V to A	t24mo	-0.4855218314455267	1.0	1.0	ns
Heart	V to A	t30mo	0.8223386203122974	1.0	1.0	ns
Heart	P to A	t15mo	0.20982814525363225	0.6666666666666666	1.0	ns
Heart	P to A	t24mo	0.26877520220348233	0.6666666666666666	1.0	ns
Heart	P to A	t30mo	-0.001125186816746723	1.0	1.0	ns
Heart	V to Q	t15mo	-0.05797848205961949	1.0	1.0	ns
Heart	V to Q	t24mo	0.15387115425755135	0.6666666666666666	1.0	ns
Heart	V to Q	t30mo	-0.022756538549119618	1.0	1.0	ns
Heart	T to A	t15mo	0.005021270457902458	1.0	1.0	ns
Heart	T to A	t24mo	-0.16118871928708023	1.0	1.0	ns
Heart	T to A	t30mo	-0.020469345959226868	1.0	1.0	ns
Heart	A to S	t15mo	-0.058401640776214514	0.9753257805563759	1.0	ns
Heart	A to S	t24mo	0.0008630918421445134	0.9588879528454441	1.0	ns
Heart	A to S	t30mo	-0.004662500107005167	0.9917740945477351	1.0	ns
Heart	A to G	t15mo	0.21814219423727946	0.6666666666666666	1.0	ns
Heart	A to G	t24mo	0.14221134396623103	1.0	1.0	ns
Heart	A to G	t30mo	0.32131058587908307	1.0	1.0	ns
Heart	P to D	t15mo	0.18898548562326176	1.0	1.0	ns
Heart	P to D	t24mo	0.0102756683942486	1.0	1.0	ns
Heart	P to D	t30mo	0.01997788234075777	1.0	1.0	ns
Heart	S to G	t15mo	0.21910884191958105	1.0	1.0	ns
Heart	S to G	t24mo	-1.0462077971321964	1.0	1.0	ns
Heart	S to G	t30mo	-2.611016372875506	1.0	1.0	ns
Heart	T to G	t15mo	-0.022397394196161453	1.0	1.0	ns
Heart	T to G	t24mo	0.04811037211352324	1.0	1.0	ns
Heart	T to G	t30mo	0.09745221376140284	1.0	1.0	ns
Heart	A to E	t15mo	-0.14234764556218477	0.7	1.0	ns
Heart	A to E	t24mo	-0.1805332237561209	1.0	1.0	ns
Heart	A to E	t30mo	-0.24429627517986974	0.7	1.0	ns
Heart	A to V	t15mo	0.3830689800502226	0.6857142857142857	1.0	ns
Heart	A to V	t24mo	-0.7337588967807008	0.34285714285714286	1.0	ns
Heart	A to V	t30mo	0.054634865469234954	0.8857142857142857	1.0	ns
Heart	V to P	t15mo	0.07893254027502389	0.8784770784770783	1.0	ns
Heart	V to P	t24mo	0.18580695493211222	0.7984459984459983	1.0	ns
Heart	V to P	t30mo	0.23510194783185018	0.7984459984459983	1.0	ns
Heart	E to D	t15mo	0.02124047121574245	1.0	1.0	ns
Heart	E to D	t24mo	0.29481754234577706	0.7	1.0	ns
Heart	E to D	t30mo	-0.07766483389624655	1.0	1.0	ns
Heart	Q to N	t15mo	0.23953744472573932	1.0	1.0	ns
Heart	Q to N	t24mo	-0.28853063089805925	1.0	1.0	ns
Heart	Q to N	t30mo	0.21130716213575648	1.0	1.0	ns
Heart	E to T	t15mo	-0.08282592230497061	0.8181818181818182	1.0	ns
Heart	E to T	t24mo	0.009791728620644001	0.9372294372294373	1.0	ns
Heart	E to T	t30mo	-0.08868379681881124	0.6991341991341992	1.0	ns
Heart	P to S	t15mo	0.12984426283006537	1.0	1.0	ns
Heart	P to S	t24mo	0.040567087001946514	1.0	1.0	ns
Heart	P to S	t30mo	-0.16080179301707614	1.0	1.0	ns
Heart	S to N	t15mo	0.06439081900144697	1.0	1.0	ns
Heart	S to N	t24mo	-0.13507876360655394	1.0	1.0	ns
Heart	S to N	t30mo	-0.2715935806925047	0.7	1.0	ns
Heart	T to S	t15mo	0.10528811484827932	0.6666666666666666	1.0	ns
Heart	T to S	t24mo	0.105447513194644	0.6666666666666666	1.0	ns
Heart	T to S	t30mo	-0.0685393943902745	1.0	1.0	ns
Heart	E to G	t15mo	0.2575469109093233	1.0	1.0	ns
Heart	E to G	t24mo	0.21498568462568002	1.0	1.0	ns
Heart	E to G	t30mo	0.21970131618612046	1.0	1.0	ns
Heart	A to T	t15mo	-0.36461752046466994	1.0	1.0	ns
Heart	A to T	t24mo	-0.10759696479889629	1.0	1.0	ns
Heart	A to T	t30mo	0.11048953771386552	1.0	1.0	ns
Heart	D to M	t15mo	-0.013672822085194486	1.0	1.0	ns
Heart	D to M	t24mo	-0.026029301160482975	1.0	1.0	ns
Heart	D to M	t30mo	-0.009462084763757568	1.0	1.0	ns
Kidney	W to D	t15mo	-0.1467755524966046	1.0	1.0	ns
Kidney	W to D	t24mo	-0.013863653399414502	0.9109615571308722	1.0	ns
Kidney	W to D	t30mo	-0.17289151755250232	0.9678880150745318	1.0	ns
Kidney	P to Q	t15mo	0.09467067260951961	1.0	1.0	ns
Kidney	P to Q	t24mo	0.05437478673165626	1.0	1.0	ns
Kidney	P to Q	t30mo	0.04944400921509481	0.8047785547785549	1.0	ns
Kidney	P to T	t15mo	-0.18942450084867088	0.9856911582865784	1.0	ns
Kidney	P to T	t24mo	-0.156479623002503	0.9666206553055265	1.0	ns
Kidney	P to T	t30mo	-0.049540384382975054	0.976154202951907	1.0	ns
Kidney	E to A	t15mo	0.18648059376778173	1.0	1.0	ns
Kidney	E to A	t24mo	0.9222806176282021	1.0	1.0	ns
Kidney	E to A	t30mo	0.0490414840145532	1.0	1.0	ns
Kidney	Q to G	t15mo	-0.028147513935105704	1.0	1.0	ns
Kidney	Q to G	t24mo	-0.026992367981422273	1.0	1.0	ns
Kidney	Q to G	t30mo	0.08146491587557639	1.0	1.0	ns
Kidney	Y to V	t15mo	0.1739364741234897	1.0	1.0	ns
Kidney	Y to V	t24mo	0.10039020648859229	1.0	1.0	ns
Kidney	Y to V	t30mo	0.6417591149053521	1.0	1.0	ns
Kidney	T to D	t15mo	-0.059178491324799326	0.8747261178234637	1.0	ns
Kidney	T to D	t24mo	0.06912141545440911	0.7951165027473729	1.0	ns
Kidney	T to D	t30mo	0.06397222310679238	0.9482392140881178	1.0	ns
Kidney	V to L	t15mo	-0.1154772523467138	1.0	1.0	ns
Kidney	V to L	t24mo	-0.1953914451877787	0.6666666666666666	1.0	ns
Kidney	V to L	t30mo	-0.2277588939475611	0.6666666666666666	1.0	ns
Kidney	T to N	t15mo	0.030633944104968586	0.9372294372294373	1.0	ns
Kidney	T to N	t24mo	0.2243086394090217	1.0	1.0	ns
Kidney	T to N	t30mo	0.4073548406430001	0.8181818181818182	1.0	ns
Kidney	A to D	t15mo	-0.15788299102168069	1.0	1.0	ns
Kidney	A to D	t24mo	-0.12756884025239637	1.0	1.0	ns
Kidney	A to D	t30mo	-0.1476293510729768	1.0	1.0	ns
Kidney	V to Q	t15mo	0.15684577477957748	1.0	1.0	ns
Kidney	V to Q	t24mo	0.19557421678664424	1.0	1.0	ns
Kidney	V to Q	t30mo	0.22397777331250018	1.0	1.0	ns
Kidney	H to N	t15mo	0.04968008783904092	1.0	1.0	ns
Kidney	H to N	t24mo	0.0773813598624165	1.0	1.0	ns
Kidney	H to N	t30mo	0.21858520728202918	1.0	1.0	ns
Kidney	E to D	t15mo	-0.18382552712005665	1.0	1.0	ns
Kidney	E to D	t24mo	-0.7498442717945099	1.0	1.0	ns
Kidney	E to D	t30mo	-1.2880885162075106	0.6666666666666666	1.0	ns
Kidney	H to D	t15mo	0.030469547749568393	1.0	1.0	ns
Kidney	H to D	t24mo	0.129700809725915	0.6666666666666666	1.0	ns
Kidney	H to D	t30mo	-0.003525967067754814	1.0	1.0	ns
Kidney	A to S	t15mo	0.03944562036098796	0.9698499769931556	1.0	ns
Kidney	A to S	t24mo	0.0639675986376698	0.9097218891455553	1.0	ns
Kidney	A to S	t30mo	-0.050110758964060566	0.8501067391385259	1.0	ns
Kidney	G to L	t15mo	0.6356044295833576	1.0	1.0	ns
Kidney	G to L	t24mo	0.572685620387348	1.0	1.0	ns
Kidney	G to L	t30mo	0.903904106880529	1.0	1.0	ns
Kidney	N to G	t15mo	-0.13457133724619535	1.0	1.0	ns
Kidney	N to G	t24mo	-0.2299816897854035	1.0	1.0	ns
Kidney	N to G	t30mo	0.1123338104070712	1.0	1.0	ns
Kidney	S to G	t15mo	0.31280231036202605	1.0	1.0	ns
Kidney	S to G	t24mo	-0.4250902804314906	0.6666666666666666	1.0	ns
Kidney	S to G	t30mo	-0.632180787323987	0.6666666666666666	1.0	ns
Kidney	T to G	t15mo	-0.3265650566767815	1.0	1.0	ns
Kidney	T to G	t24mo	-0.3619896077812676	1.0	1.0	ns
Kidney	T to G	t30mo	-0.4150254265517791	1.0	1.0	ns
Kidney	A to G	t15mo	-0.29152824607902417	1.0	1.0	ns
Kidney	A to G	t24mo	0.26631803290114275	1.0	1.0	ns
Kidney	A to G	t30mo	-0.016337058117959016	1.0	1.0	ns
Kidney	G to A	t15mo	-0.1089412593547762	1.0	1.0	ns
Kidney	G to A	t24mo	0.4939695499254888	1.0	1.0	ns
Kidney	G to A	t30mo	0.08838921612984928	1.0	1.0	ns
Kidney	G to T	t15mo	0.17907720646135183	1.0	1.0	ns
Kidney	G to T	t24mo	0.15857747961671848	1.0	1.0	ns
Kidney	G to T	t30mo	0.003524848624552436	1.0	1.0	ns
Kidney	V to P	t15mo	-0.14951881680750018	0.6857142857142857	1.0	ns
Kidney	V to P	t24mo	0.003413873951545708	1.0	1.0	ns
Kidney	V to P	t30mo	0.21477432246965047	0.8857142857142857	1.0	ns
Kidney	L to Q	t15mo	-0.10667658124304598	1.0	1.0	ns
Kidney	L to Q	t24mo	0.1406453358746948	1.0	1.0	ns
Kidney	L to Q	t30mo	0.06069535411279322	1.0	1.0	ns
Kidney	A to T	t15mo	-0.07343239694942864	1.0	1.0	ns
Kidney	A to T	t24mo	-0.21172850902947501	1.0	1.0	ns
Kidney	A to T	t30mo	0.12216878600174311	1.0	1.0	ns
Kidney	A to L	t15mo	-0.15880555730195312	1.0	1.0	ns
Kidney	A to L	t24mo	-0.03810349145389476	1.0	1.0	ns
Kidney	A to L	t30mo	0.16659827478661854	1.0	1.0	ns
Kidney	N to T	t15mo	-0.3642719677815597	1.0	1.0	ns
Kidney	N to T	t24mo	-0.2631788703745972	1.0	1.0	ns
Kidney	N to T	t30mo	-0.24854909587594956	1.0	1.0	ns
Kidney	Y to T	t15mo	0.1931368911072588	1.0	1.0	ns
Kidney	Y to T	t24mo	0.6313216818400261	1.0	1.0	ns
Kidney	Y to T	t30mo	0.46904736340666303	1.0	1.0	ns
Kidney	W to N	t15mo	-0.24827607654704337	1.0	1.0	ns
Kidney	W to N	t24mo	-0.12369971252943107	1.0	1.0	ns
Kidney	W to N	t30mo	-0.15411684315621063	1.0	1.0	ns
Kidney	Q to A	t15mo	0.5177373406154937	1.0	1.0	ns
Kidney	Q to A	t24mo	0.4642759350101509	1.0	1.0	ns
Kidney	Q to A	t30mo	0.33475533971280924	1.0	1.0	ns
Kidney	N to M	t15mo	0.2937914818086656	1.0	1.0	ns
Kidney	N to M	t24mo	0.29603941658456734	1.0	1.0	ns
Kidney	N to M	t30mo	0.14800165985980238	1.0	1.0	ns
Kidney	G to S	t15mo	0.024484691738066673	1.0	1.0	ns
Kidney	G to S	t24mo	-0.011177105494424754	1.0	1.0	ns
Kidney	G to S	t30mo	-0.15617007476499162	1.0	1.0	ns
Kidney	T to S	t15mo	-0.11510361758909235	1.0	1.0	ns
Kidney	T to S	t24mo	-0.14086259498783782	1.0	1.0	ns
Kidney	T to S	t30mo	-0.22036624347687034	1.0	1.0	ns
Kidney	G to D	t15mo	-0.04574420470675534	1.0	1.0	ns
Kidney	G to D	t24mo	-0.09712008731613646	1.0	1.0	ns
Kidney	G to D	t30mo	-0.10956348542265865	1.0	1.0	ns
Kidney	L to S	t15mo	-0.0936632833977765	1.0	1.0	ns
Kidney	L to S	t24mo	-0.12195845437872897	1.0	1.0	ns
Kidney	L to S	t30mo	-0.24872279307077058	1.0	1.0	ns
Kidney	E to T	t15mo	0.04815717513861948	1.0	1.0	ns
Kidney	E to T	t24mo	0.18737051697307777	1.0	1.0	ns
Kidney	E to T	t30mo	-0.008608904321295041	1.0	1.0	ns
Kidney	A to V	t15mo	-0.795230677520563	1.0	1.0	ns
Kidney	A to V	t24mo	0.052294592613102944	1.0	1.0	ns
Kidney	A to V	t30mo	0.43506408362625254	1.0	1.0	ns
Kidney	H to Q	t15mo	-0.07367170596842544	1.0	1.0	ns
Kidney	H to Q	t24mo	-0.010449749614936865	1.0	1.0	ns
Kidney	H to Q	t30mo	-0.0738444113634987	1.0	1.0	ns
Kidney	W to Y	t15mo	0.08051578841660378	1.0	1.0	ns
Kidney	W to Y	t24mo	0.16461189512621122	1.0	1.0	ns
Kidney	W to Y	t30mo	0.16179053415905606	1.0	1.0	ns
Liver	Q to G	t15mo	0.5182971439624483	1.0	1.0	ns
Liver	Q to G	t24mo	0.6486534385174291	1.0	1.0	ns
Liver	Q to G	t30mo	0.34257708312110013	1.0	1.0	ns
Liver	E to N	t15mo	1.039592612264767	1.0	1.0	ns
Liver	E to N	t24mo	1.7236269821504895	1.0	1.0	ns
Liver	E to N	t30mo	0.8449563383013642	1.0	1.0	ns
Liver	W to D	t15mo	0.13915948212999713	0.7	1.0	ns
Liver	W to D	t24mo	0.045159436785241834	1.0	1.0	ns
Liver	W to D	t30mo	0.1372403242955286	0.4	1.0	ns
Liver	T to D	t15mo	0.4485609010722043	0.7196142711598057	1.0	ns
Liver	T to D	t24mo	0.5840345974498246	0.4727889073230682	1.0	ns
Liver	T to D	t30mo	0.2011527300760693	0.7583164735262904	1.0	ns
Liver	V to L	t15mo	0.0005852528203099802	0.8857142857142857	1.0	ns
Liver	V to L	t24mo	-0.3280601064762481	0.8857142857142857	1.0	ns
Liver	V to L	t30mo	-0.12630273412244641	0.6857142857142857	1.0	ns
Liver	P to T	t15mo	0.026005867994876836	1.0	1.0	ns
Liver	P to T	t24mo	-0.12120302176383307	0.959129759129759	1.0	ns
Liver	P to T	t30mo	0.05594851795532685	0.8784770784770783	1.0	ns
Liver	A to D	t15mo	0.08431228901416558	1.0	1.0	ns
Liver	A to D	t24mo	0.22962075047902542	1.0	1.0	ns
Liver	A to D	t30mo	0.10966323072539626	0.7	1.0	ns
Liver	A to L	t15mo	-0.15244695905096134	0.6666666666666666	1.0	ns
Liver	A to L	t24mo	-0.3900542531482737	0.6666666666666666	1.0	ns
Liver	A to L	t30mo	-0.3261274913262777	0.6666666666666666	1.0	ns
Liver	N to M	t15mo	0.040611137331204465	1.0	1.0	ns
Liver	N to M	t24mo	0.15984369135868887	1.0	1.0	ns
Liver	N to M	t30mo	0.2137526622696859	1.0	1.0	ns
Liver	T to A	t15mo	0.4993315742489999	1.0	1.0	ns
Liver	T to A	t24mo	0.6244002339276435	1.0	1.0	ns
Liver	T to A	t30mo	0.4848675934245947	1.0	1.0	ns
Liver	N to G	t15mo	0.44609469820513964	1.0	1.0	ns
Liver	N to G	t24mo	1.5523930338275762	1.0	1.0	ns
Liver	N to G	t30mo	2.227441750116303	1.0	1.0	ns
Liver	V to P	t15mo	-0.027418533464027787	0.7	1.0	ns
Liver	V to P	t24mo	-0.03506158216461428	1.0	1.0	ns
Liver	V to P	t30mo	0.08948423887763728	1.0	1.0	ns
Liver	A to V	t15mo	-0.26251308994726613	0.6666666666666666	1.0	ns
Liver	A to V	t24mo	-0.44223459676343285	0.6666666666666666	1.0	ns
Liver	A to V	t30mo	-0.12837066907295738	1.0	1.0	ns
Liver	E to D	t15mo	0.15051787521793833	1.0	1.0	ns
Liver	E to D	t24mo	0.07030289026254849	1.0	1.0	ns
Liver	E to D	t30mo	0.16361481532758726	1.0	1.0	ns
Liver	L to T	t15mo	-0.1513087356259266	1.0	1.0	ns
Liver	L to T	t24mo	-0.1768854847476182	1.0	1.0	ns
Liver	L to T	t30mo	-0.3238949164584078	1.0	1.0	ns
Liver	A to T	t15mo	0.3679807875322108	1.0	1.0	ns
Liver	A to T	t24mo	-0.22402523680162462	1.0	1.0	ns
Liver	A to T	t30mo	0.14071521811650975	1.0	1.0	ns
Liver	T to N	t15mo	0.09042414580700751	1.0	1.0	ns
Liver	T to N	t24mo	0.13856445932899827	0.6666666666666666	1.0	ns
Liver	T to N	t30mo	0.5875200423933727	0.3333333333333333	1.0	ns
Liver	A to P	t15mo	0.5521552903748491	1.0	1.0	ns
Liver	A to P	t24mo	0.021178254990172632	1.0	1.0	ns
Liver	A to P	t30mo	0.11395013363943599	1.0	1.0	ns
Liver	M to L	t15mo	0.22589300887417482	1.0	1.0	ns
Liver	M to L	t24mo	0.2772782834766964	1.0	1.0	ns
Liver	M to L	t30mo	0.22132690537222519	1.0	1.0	ns
Liver	G to D	t15mo	-0.06896479153396572	1.0	1.0	ns
Liver	G to D	t24mo	-0.15583309390993028	1.0	1.0	ns
Liver	G to D	t30mo	-0.2482982355855792	1.0	1.0	ns
Liver	S to N	t15mo	-0.13077599178643678	1.0	1.0	ns
Liver	S to N	t24mo	-0.05962051501251234	1.0	1.0	ns
Liver	S to N	t30mo	-0.1196380652165669	0.7	1.0	ns
Liver	S to Q	t15mo	-0.6319776584207244	1.0	1.0	ns
Liver	S to Q	t24mo	-0.5567555838820576	1.0	1.0	ns
Liver	S to Q	t30mo	-0.33287096466623317	1.0	1.0	ns
Liver	E to L	t15mo	-0.13605417252656696	1.0	1.0	ns
Liver	E to L	t24mo	-0.2212727696159517	1.0	1.0	ns
Liver	E to L	t30mo	-0.12475248383595666	1.0	1.0	ns
Liver	A to S	t15mo	0.05502613183527666	1.0	1.0	ns
Liver	A to S	t24mo	0.09201975952956662	1.0	1.0	ns
Liver	A to S	t30mo	0.05024155580375497	1.0	1.0	ns
Liver	T to S	t15mo	0.057898315544280335	1.0	1.0	ns
Liver	T to S	t24mo	-0.09446167388929158	1.0	1.0	ns
Liver	T to S	t30mo	-0.17627677105730388	1.0	1.0	ns
Liver	G to E	t15mo	-0.2717725522980471	1.0	1.0	ns
Liver	G to E	t24mo	-0.3589298211400841	1.0	1.0	ns
Liver	G to E	t30mo	-0.6832293198716883	1.0	1.0	ns
Liver	G to A	t15mo	-0.1690798008106788	1.0	1.0	ns
Liver	G to A	t24mo	-0.6466474434614371	1.0	1.0	ns
Liver	G to A	t30mo	-0.3263520840163802	1.0	1.0	ns
Liver	V to Y	t15mo	0.10415019913090548	1.0	1.0	ns
Liver	V to Y	t24mo	-0.02674562018704812	1.0	1.0	ns
Liver	V to Y	t30mo	0.0749966262440675	1.0	1.0	ns
Liver	E to G	t15mo	0.03225963026069097	1.0	1.0	ns
Liver	E to G	t24mo	0.17366092314387074	1.0	1.0	ns
Liver	E to G	t30mo	0.15693752010046813	1.0	1.0	ns
Liver	S to G	t15mo	-0.13135680010482903	1.0	1.0	ns
Liver	S to G	t24mo	-0.22959271345414853	1.0	1.0	ns
Liver	S to G	t30mo	-0.08405175596137408	1.0	1.0	ns
Liver	T to V	t15mo	-0.40537289591438697	1.0	1.0	ns
Liver	T to V	t24mo	-0.5211670294118516	1.0	1.0	ns
Liver	T to V	t30mo	0.2675331413008287	1.0	1.0	ns
Muscle	G to A	t15mo	0.05586492709220811	1.0	1.0	ns
Muscle	G to A	t24mo	-0.11231920983068082	1.0	1.0	ns
Muscle	G to A	t30mo	-0.006445025413119929	1.0	1.0	ns
Muscle	T to D	t15mo	-0.22170277675284744	0.9346517035083093	1.0	ns
Muscle	T to D	t24mo	-0.14341561524006943	0.9222407311439204	1.0	ns
Muscle	T to D	t30mo	-0.02601382461078708	0.9222407311439204	1.0	ns
Muscle	L to S	t15mo	-0.04667296646451833	1.0	1.0	ns
Muscle	L to S	t24mo	0.01895957923617387	1.0	1.0	ns
Muscle	L to S	t30mo	0.16543370077489308	1.0	1.0	ns
Muscle	P to T	t15mo	-0.143779541379314	0.7557428276359095	1.0	ns
Muscle	P to T	t24mo	-0.2199215807067159	0.7149798814655983	1.0	ns
Muscle	P to T	t30mo	-0.42699702917114746	0.5978625674290079	1.0	ns
Muscle	W to A	t15mo	0.006728783669627711	1.0	1.0	ns
Muscle	W to A	t24mo	-0.11976608328653997	1.0	1.0	ns
Muscle	W to A	t30mo	-0.049303871804159155	1.0	1.0	ns
Muscle	W to D	t15mo	0.0771221019805312	0.9595802721022441	1.0	ns
Muscle	W to D	t24mo	-0.015129554881288624	0.986521630562927	1.0	ns
Muscle	W to D	t30mo	-0.02666174770453825	0.9775379502604585	1.0	ns
Muscle	V to P	t15mo	-0.010670994765377074	0.9621482836066155	1.0	ns
Muscle	V to P	t24mo	0.04905266090854499	1.0	1.0	ns
Muscle	V to P	t30mo	-0.04298873833958776	0.861855796318015	1.0	ns
Muscle	L to Q	t15mo	0.16767600368166471	1.0	1.0	ns
Muscle	L to Q	t24mo	0.1125068509266864	1.0	1.0	ns
Muscle	L to Q	t30mo	0.07711559986873152	1.0	1.0	ns
Muscle	E to T	t15mo	-0.12757763661081653	0.8181818181818182	1.0	ns
Muscle	E to T	t24mo	0.5503968634765397	0.8181818181818182	1.0	ns
Muscle	E to T	t30mo	0.4796826140649961	1.0	1.0	ns
Muscle	E to D	t15mo	-0.7874569190238898	1.0	1.0	ns
Muscle	E to D	t24mo	-1.1515525076396245	1.0	1.0	ns
Muscle	E to D	t30mo	-1.1878090054969577	1.0	1.0	ns
Muscle	H to D	t15mo	-0.034431918433896674	0.9015151515151516	1.0	ns
Muscle	H to D	t24mo	-0.001976079938262845	0.8047785547785549	1.0	ns
Muscle	H to D	t30mo	-0.057386253596150724	1.0	1.0	ns
Muscle	L to P	t15mo	0.4078300035909257	1.0	1.0	ns
Muscle	L to P	t24mo	-0.8239836575041767	1.0	1.0	ns
Muscle	L to P	t30mo	-0.9016488057322709	1.0	1.0	ns
Muscle	H to N	t15mo	-0.08696763965670729	0.8412698412698413	1.0	ns
Muscle	H to N	t24mo	-0.09006679386076044	0.8412698412698413	1.0	ns
Muscle	H to N	t30mo	-0.02258099786205161	1.0	1.0	ns
Muscle	Y to V	t15mo	0.0814445541585124	1.0	1.0	ns
Muscle	Y to V	t24mo	0.05757250099564065	1.0	1.0	ns
Muscle	Y to V	t30mo	-0.05121636349421469	0.6666666666666666	1.0	ns
Muscle	G to D	t15mo	-0.4541944412609942	0.5476190476190477	1.0	ns
Muscle	G to D	t24mo	-0.5778957823376272	0.6904761904761905	1.0	ns
Muscle	G to D	t30mo	-0.5572277110338015	0.5476190476190477	1.0	ns
Muscle	V to E	t15mo	-0.013403318555308137	0.8857142857142857	1.0	ns
Muscle	V to E	t24mo	-0.12207800129735671	0.8857142857142857	1.0	ns
Muscle	V to E	t30mo	0.020044438543533483	1.0	1.0	ns
Muscle	A to S	t15mo	0.10508275854241461	0.9296365245070707	1.0	ns
Muscle	A to S	t24mo	0.14026446661501085	0.7239320396139757	1.0	ns
Muscle	A to S	t30mo	0.20255410605402746	0.7910815129207817	1.0	ns
Muscle	A to V	t15mo	0.4750553595946735	0.4	1.0	ns
Muscle	A to V	t24mo	-0.4852911639527609	0.4	1.0	ns
Muscle	A to V	t30mo	-0.17760004172738617	0.7	1.0	ns
Muscle	V to A	t15mo	-0.7587580839690595	1.0	1.0	ns
Muscle	V to A	t24mo	-0.7837661774112205	1.0	1.0	ns
Muscle	V to A	t30mo	-0.45936523458988304	1.0	1.0	ns
Muscle	G to V	t15mo	-0.15829523095728473	1.0	1.0	ns
Muscle	G to V	t24mo	0.2774256001019389	1.0	1.0	ns
Muscle	G to V	t30mo	-0.08428909538104828	1.0	1.0	ns
Muscle	Q to A	t15mo	-0.036163195774990824	1.0	1.0	ns
Muscle	Q to A	t24mo	-0.013868377893521149	1.0	1.0	ns
Muscle	Q to A	t30mo	-0.07453585706345407	1.0	1.0	ns
Muscle	W to N	t15mo	-0.21732068252936393	1.0	1.0	ns
Muscle	W to N	t24mo	-0.3768826339947952	0.8857142857142857	1.0	ns
Muscle	W to N	t30mo	-0.24035939397694203	0.8857142857142857	1.0	ns
Muscle	T to N	t15mo	-0.08071130624482277	1.0	1.0	ns
Muscle	T to N	t24mo	0.8520473250720759	0.5613632102341237	1.0	ns
Muscle	T to N	t30mo	0.8956411309976895	0.5613632102341237	1.0	ns
Muscle	T to G	t15mo	-0.01278383659550251	1.0	1.0	ns
Muscle	T to G	t24mo	-0.15232067332820956	1.0	1.0	ns
Muscle	T to G	t30mo	-0.0073863281960862524	1.0	1.0	ns
Muscle	A to E	t15mo	-0.45127153483765314	0.3333333333333333	1.0	ns
Muscle	A to E	t24mo	-0.5320796904928029	0.3333333333333333	1.0	ns
Muscle	A to E	t30mo	-0.6198771383001299	0.3333333333333333	1.0	ns
Muscle	D to S	t15mo	0.15624585646813272	1.0	1.0	ns
Muscle	D to S	t24mo	0.07458061480688606	0.7	1.0	ns
Muscle	D to S	t30mo	0.07961130407731808	1.0	1.0	ns
Muscle	L to T	t15mo	-0.15345916302033122	1.0	1.0	ns
Muscle	L to T	t24mo	-1.0925247392102353	0.6666666666666666	1.0	ns
Muscle	L to T	t30mo	-1.2662757048129494	0.6666666666666666	1.0	ns
Muscle	M to P	t15mo	-0.14826688720120493	1.0	1.0	ns
Muscle	M to P	t24mo	-0.1568432488703203	1.0	1.0	ns
Muscle	M to P	t30mo	-0.6410688334268536	1.0	1.0	ns
Muscle	A to L	t15mo	0.18509355613049822	1.0	1.0	ns
Muscle	A to L	t24mo	0.46407047147840974	1.0	1.0	ns
Muscle	A to L	t30mo	0.43669007153138895	1.0	1.0	ns
Muscle	Q to L	t15mo	0.02840152866678471	1.0	1.0	ns
Muscle	Q to L	t24mo	-1.2962724419742018	1.0	1.0	ns
Muscle	Q to L	t30mo	-1.2606391056021955	1.0	1.0	ns
Muscle	D to A	t15mo	5.226222440455794e-05	1.0	1.0	ns
Muscle	D to A	t24mo	0.265011529418781	1.0	1.0	ns
Muscle	D to A	t30mo	0.4850996835161953	1.0	1.0	ns
Muscle	M to L	t15mo	-0.21154883286105564	1.0	1.0	ns
Muscle	M to L	t24mo	-0.32833604742916667	1.0	1.0	ns
Muscle	M to L	t30mo	-0.3655129552967856	1.0	1.0	ns
Muscle	V to L	t15mo	0.0002380485716503668	1.0	1.0	ns
Muscle	V to L	t24mo	0.07192236725363024	1.0	1.0	ns
Muscle	V to L	t30mo	0.23591165343914533	1.0	1.0	ns
Muscle	V to M	t15mo	0.5713345694431994	1.0	1.0	ns
Muscle	V to M	t24mo	-0.5188483610607588	1.0	1.0	ns
Muscle	V to M	t30mo	0.22311255602829905	1.0	1.0	ns
Muscle	V to T	t15mo	0.15824343748608133	0.6666666666666666	1.0	ns
Muscle	V to T	t24mo	-0.04619073600209749	1.0	1.0	ns
Muscle	V to T	t30mo	0.05160915219513296	1.0	1.0	ns
Muscle	S to G	t15mo	-0.18238241310627104	1.0	1.0	ns
Muscle	S to G	t24mo	-0.022924617553077394	1.0	1.0	ns
Muscle	S to G	t30mo	-0.14936477851058608	1.0	1.0	ns
Muscle	Q to N	t15mo	-0.05351162171321562	1.0	1.0	ns
Muscle	Q to N	t24mo	-1.5553185402884397	1.0	1.0	ns
Muscle	Q to N	t30mo	-1.1290564062262305	1.0	1.0	ns
Muscle	S to N	t15mo	-0.3038574071180771	0.6666666666666666	1.0	ns
Muscle	S to N	t24mo	-0.11614941756684323	1.0	1.0	ns
Muscle	S to N	t30mo	-0.09411738881246393	1.0	1.0	ns
Muscle	P to G	t15mo	-0.008840319630465119	1.0	1.0	ns
Muscle	P to G	t24mo	-0.1712690722110911	1.0	1.0	ns
Muscle	P to G	t30mo	-0.187417778972034	1.0	1.0	ns
Muscle	P to A	t15mo	-0.0165304518921508	1.0	1.0	ns
Muscle	P to A	t24mo	-0.26369519732461694	1.0	1.0	ns
Muscle	P to A	t30mo	-0.2611371399295999	1.0	1.0	ns
Muscle	P to H	t15mo	-0.06628910748279118	1.0	1.0	ns
Muscle	P to H	t24mo	-0.27712611036363033	1.0	1.0	ns
Muscle	P to H	t30mo	-0.18353543114626616	1.0	1.0	ns
Skin	G to A	t15mo	0.28903966167170075	1.0	1.0	ns
Skin	G to A	t24mo	-0.35046655170245705	1.0	1.0	ns
Skin	G to A	t30mo	-0.45602091313064397	1.0	1.0	ns
Skin	A to V	t15mo	0.2572528593990946	0.6857142857142857	1.0	ns
Skin	A to V	t24mo	-0.45652224263305374	0.6857142857142857	1.0	ns
Skin	A to V	t30mo	-0.26937914672718116	0.6857142857142857	1.0	ns
Skin	P to T	t15mo	-0.05109850049860418	0.8748161022405019	1.0	ns
Skin	P to T	t24mo	-0.12669224187597355	0.8748161022405019	1.0	ns
Skin	P to T	t30mo	-0.1049313517631535	0.8060882007236745	1.0	ns
Skin	A to T	t15mo	-0.04006972821491619	0.9372294372294373	1.0	ns
Skin	A to T	t24mo	0.059267903446343646	1.0	1.0	ns
Skin	A to T	t30mo	-0.02657342707949244	0.8181818181818182	1.0	ns
Skin	G to S	t15mo	0.09947848724723603	1.0	1.0	ns
Skin	G to S	t24mo	0.032042290894772396	1.0	1.0	ns
Skin	G to S	t30mo	-0.05959557750507493	0.6857142857142857	1.0	ns
Skin	Q to G	t15mo	0.2944261159282108	1.0	1.0	ns
Skin	Q to G	t24mo	0.37643440772330267	1.0	1.0	ns
Skin	Q to G	t30mo	0.6205917056990728	1.0	1.0	ns
Skin	V to P	t15mo	-0.06837074042906444	0.8501067391385259	1.0	ns
Skin	V to P	t24mo	0.41852427672403164	1.0	1.0	ns
Skin	V to P	t30mo	0.12318042987721314	1.0	1.0	ns
Skin	L to A	t15mo	-0.003450451452104378	1.0	1.0	ns
Skin	L to A	t24mo	-0.9070138365645801	1.0	1.0	ns
Skin	L to A	t30mo	-0.7232181428652633	1.0	1.0	ns
Skin	W to D	t15mo	0.05001697318177082	0.8857142857142857	1.0	ns
Skin	W to D	t24mo	0.2239549106486894	0.8857142857142857	1.0	ns
Skin	W to D	t30mo	0.3410611396716289	0.8857142857142857	1.0	ns
Skin	T to D	t15mo	-0.0328873448745718	0.959129759129759	1.0	ns
Skin	T to D	t24mo	-0.09669358924179113	0.959129759129759	1.0	ns
Skin	T to D	t30mo	-0.023129872504730795	0.959129759129759	1.0	ns
Skin	T to N	t15mo	-0.04497542479454616	0.6857142857142857	1.0	ns
Skin	T to N	t24mo	-0.09971091918360189	1.0	1.0	ns
Skin	T to N	t30mo	-0.09430257308598274	0.8857142857142857	1.0	ns
Skin	S to N	t15mo	-0.05350508571211413	1.0	1.0	ns
Skin	S to N	t24mo	-0.6812742776010474	0.6666666666666666	1.0	ns
Skin	S to N	t30mo	-0.9790268322554605	0.6666666666666666	1.0	ns
Skin	W to A	t15mo	-0.03242501011435866	1.0	1.0	ns
Skin	W to A	t24mo	0.08331016005555293	1.0	1.0	ns
Skin	W to A	t30mo	0.007517572786351919	1.0	1.0	ns
Skin	A to E	t15mo	0.1499544531412635	1.0	1.0	ns
Skin	A to E	t24mo	0.3929675459936249	1.0	1.0	ns
Skin	A to E	t30mo	0.24814012374462874	1.0	1.0	ns
Skin	G to D	t15mo	-0.4143140607251934	0.4857142857142857	1.0	ns
Skin	G to D	t24mo	-0.3252245021068607	0.4857142857142857	1.0	ns
Skin	G to D	t30mo	-0.6128555430786177	0.2	1.0	ns
Skin	M to L	t15mo	0.1280809163042307	1.0	1.0	ns
Skin	M to L	t24mo	0.13614057647433536	1.0	1.0	ns
Skin	M to L	t30mo	0.2332262641100404	1.0	1.0	ns
Skin	E to D	t15mo	-0.830096911776056	0.8047785547785549	1.0	ns
Skin	E to D	t24mo	-0.7985088956988236	0.8047785547785549	1.0	ns
Skin	E to D	t30mo	-1.368019066753017	0.534965034965035	1.0	ns
Skin	T to L	t15mo	-1.147522587535742	1.0	1.0	ns
Skin	T to L	t24mo	-1.3614509443864198	1.0	1.0	ns
Skin	T to L	t30mo	-1.6434677774421382	1.0	1.0	ns
Skin	V to L	t15mo	0.3741831798959501	1.0	1.0	ns
Skin	V to L	t24mo	-0.4096887150136078	1.0	1.0	ns
Skin	V to L	t30mo	-0.42944999489504654	1.0	1.0	ns
Skin	N to A	t15mo	-0.24059795857066374	1.0	1.0	ns
Skin	N to A	t24mo	0.04435227918712559	1.0	1.0	ns
Skin	N to A	t30mo	-0.8474168215814086	1.0	1.0	ns
Skin	L to Y	t15mo	-0.4505741868332582	1.0	1.0	ns
Skin	L to Y	t24mo	-0.7893230363683886	1.0	1.0	ns
Skin	L to Y	t30mo	-1.5201235688565276	1.0	1.0	ns
Skin	T to A	t15mo	-0.05240234979381683	0.6666666666666666	1.0	ns
Skin	T to A	t24mo	-0.2698081274851696	0.6666666666666666	1.0	ns
Skin	T to A	t30mo	-0.6407814857373657	0.6666666666666666	1.0	ns
Skin	A to L	t15mo	0.2364672174108833	0.6666666666666666	1.0	ns
Skin	A to L	t24mo	0.07930617203706596	0.6666666666666666	1.0	ns
Skin	A to L	t30mo	0.4445933693111324	0.6666666666666666	1.0	ns
Skin	S to G	t15mo	0.7366284208157142	0.6666666666666666	1.0	ns
Skin	S to G	t24mo	-0.017772743880790077	1.0	1.0	ns
Skin	S to G	t30mo	-0.011027540008080277	1.0	1.0	ns
Skin	A to G	t15mo	0.1973225286388362	1.0	1.0	ns
Skin	A to G	t24mo	-0.1365339888289256	1.0	1.0	ns
Skin	A to G	t30mo	0.19905410254141961	1.0	1.0	ns
Skin	S to Y	t15mo	0.09541117941655484	1.0	1.0	ns
Skin	S to Y	t24mo	0.25984158028699683	1.0	1.0	ns
Skin	S to Y	t30mo	-0.11974481235394147	1.0	1.0	ns
Skin	L to S	t15mo	-0.03542744084179182	1.0	1.0	ns
Skin	L to S	t24mo	-0.6108747067951135	1.0	1.0	ns
Skin	L to S	t30mo	-1.387311012554903	1.0	1.0	ns
Skin	A to S	t15mo	0.054483904387817444	0.9372294372294373	1.0	ns
Skin	A to S	t24mo	0.24513994462259722	0.8181818181818182	1.0	ns
Skin	A to S	t30mo	0.21305356249821053	0.9372294372294373	1.0	ns
Skin	T to S	t15mo	-0.09725041390006825	1.0	1.0	ns
Skin	T to S	t24mo	-0.04385233715145004	1.0	1.0	ns
Skin	T to S	t30mo	0.07561903329911511	1.0	1.0	ns
Skin	F to L	t15mo	-0.25346007657895164	1.0	1.0	ns
Skin	F to L	t24mo	-0.24317938948038123	1.0	1.0	ns
Skin	F to L	t30mo	-0.463162996172402	1.0	1.0	ns
Skin	H to E	t15mo	-0.9802936982910037	1.0	1.0	ns
Skin	H to E	t24mo	-1.1746228252605613	1.0	1.0	ns
Skin	H to E	t30mo	-1.1751529367502795	1.0	1.0	ns
Skin	Q to N	t15mo	-0.24975409507155394	1.0	1.0	ns
Skin	Q to N	t24mo	-0.14312808126287413	1.0	1.0	ns
Skin	Q to N	t30mo	-0.7021330192967559	1.0	1.0	ns
Skin	M to N	t15mo	-0.02476918101709552	1.0	1.0	ns
Skin	M to N	t24mo	-0.07349783172133177	0.6666666666666666	1.0	ns
Skin	M to N	t30mo	0.04310033362569348	1.0	1.0	ns
Skin	D to S	t15mo	0.1845569436915128	1.0	1.0	ns
Skin	D to S	t24mo	0.0576584590566256	1.0	1.0	ns
Skin	D to S	t30mo	-0.14154826305785706	1.0	1.0	ns
Skin	S to L	t15mo	-0.06813171964465524	1.0	1.0	ns
Skin	S to L	t24mo	-0.11455729304172005	1.0	1.0	ns
Skin	S to L	t30mo	-0.23830553375440916	1.0	1.0	ns
Skin	Q to T	t15mo	0.1902916962915027	1.0	1.0	ns
Skin	Q to T	t24mo	0.20857901935936352	1.0	1.0	ns
Skin	Q to T	t30mo	0.34047190234090025	1.0	1.0	ns
Skin	P to A	t15mo	0.06236052935714269	1.0	1.0	ns
Skin	P to A	t24mo	0.2583873229602101	1.0	1.0	ns
Skin	P to A	t30mo	0.2172143104512738	1.0	1.0	ns
Skin	E to G	t15mo	0.05646558048304393	1.0	1.0	ns
Skin	E to G	t24mo	0.10107237972967104	1.0	1.0	ns
Skin	E to G	t30mo	0.07791395247835216	1.0	1.0	ns
Skin	E to T	t15mo	-0.16881383801262992	1.0	1.0	ns
Skin	E to T	t24mo	-0.1111950635664187	1.0	1.0	ns
Skin	E to T	t30mo	-0.030882431648857296	1.0	1.0	ns
Skin	H to N	t15mo	-0.0544944374271662	1.0	1.0	ns
Skin	H to N	t24mo	0.02447219780392458	1.0	1.0	ns
Skin	H to N	t30mo	-0.008056010559030678	1.0	1.0	ns
