Dataset	aa_sub	rho	p	FDR	Significance
Aorta	P to T	-0.0017815946093272174	0.9800249364999148	1.0	ns
Aorta	V to P	0.012895320811759668	0.8907237515425774	1.0	ns
Aorta	D to S	-0.2439750182371333	0.560375584963329	1.0	ns
Aorta	W to A	0.024253562503633298	0.9289571900858598	1.0	ns
Aorta	W to D	0.003586441622124543	0.9761472452738313	1.0	ns
Aorta	W to S	0.048795003647426664	0.9086544876553411	1.0	ns
Aorta	T to D	-0.015561714099249117	0.8706349721706932	1.0	ns
Aorta	S to G	-0.043183351708753044	0.8939922611240125	1.0	ns
Aorta	L to A	-0.6000000000000001	0.3999999999999999	1.0	ns
Aorta	V to N	-0.29277002188455997	0.48161781431215467	1.0	ns
Aorta	G to A	-0.39999999999999997	0.6	1.0	ns
Aorta	P to Q	0.2806917861068948	0.3768448236890315	1.0	ns
Aorta	G to D	-0.29277002188455997	0.48161781431215467	1.0	ns
Aorta	M to L	-0.14638501094227999	0.7294239249593866	1.0	ns
Aorta	T to N	0.08488746876271655	0.7546067363131004	1.0	ns
Aorta	Q to G	0.7999999999999999	0.20000000000000007	0.7628571428571432	ns
Aorta	A to T	-0.15114173098063566	0.6391482744329767	1.0	ns
Aorta	F to D	0.39999999999999997	0.6	1.0	ns
Aorta	E to D	-0.4318335170875305	0.1609667877117079	0.7628571428571432	ns
Aorta	V to Q	0.3415650255319867	0.4076337385331202	1.0	ns
Aorta	V to L	0.29277002188455997	0.48161781431215467	1.0	ns
Aorta	H to N	-0.10795837927188262	0.7384067613269683	1.0	ns
Aorta	A to E	-0.7999999999999999	0.20000000000000007	0.7628571428571432	ns
Aorta	V to A	-0.39999999999999997	0.6	1.0	ns
Aorta	T to A	-0.6000000000000001	0.3999999999999999	1.0	ns
Aorta	A to L	-0.29277002188455997	0.48161781431215467	1.0	ns
Aorta	S to L	0.7999999999999999	0.20000000000000007	0.7628571428571432	ns
Aorta	A to S	-0.05282705437953742	0.7334309973068567	1.0	ns
Aorta	A to V	-0.39999999999999997	0.6	1.0	ns
Aorta	T to G	-1.0	0.0	0.0	***
Aorta	Y to D	0.0	1.0	1.0	ns
Aorta	Y to F	-0.39999999999999997	0.6	1.0	ns
Aorta	F to L	-0.39999999999999997	0.6	1.0	ns
Aorta	G to Q	0.7999999999999999	0.20000000000000007	0.7628571428571432	ns
Aorta	Y to T	-0.39999999999999997	0.6	1.0	ns
Aorta	W to N	0.043183351708753044	0.8939922611240125	1.0	ns
Aorta	A to N	-0.048795003647426664	0.9086544876553411	1.0	ns
Aorta	S to N	-0.14638501094227999	0.7294239249593866	1.0	ns
Aorta	Q to A	-0.7999999999999999	0.20000000000000007	0.7628571428571432	ns
Aorta	T to S	-0.10795837927188262	0.7384067613269683	1.0	ns
Aorta	S to Q	0.7999999999999999	0.20000000000000007	0.7628571428571432	ns
Aorta	L to V	0.0	1.0	1.0	ns
Aorta	V to T	-0.19999999999999998	0.8	1.0	ns
Brain	T to A	0.29277002188455997	0.48161781431215467	1.0	ns
Brain	G to A	-0.09759000729485333	0.818177202735276	1.0	ns
Brain	W to D	-0.07909093319403808	0.6891146773835218	1.0	ns
Brain	M to N	-0.7999999999999999	0.20000000000000007	0.7628571428571432	ns
Brain	Q to A	-0.6000000000000001	0.3999999999999999	1.0	ns
Brain	V to L	-0.19518001458970666	0.6432255386372303	1.0	ns
Brain	P to T	-0.04067903932186813	0.8031893166716491	1.0	ns
Brain	G to S	-0.14638501094227999	0.7294239249593866	1.0	ns
Brain	T to D	-0.007752025329784146	0.9621353801544611	1.0	ns
Brain	W to A	-0.14638501094227999	0.7294239249593866	1.0	ns
Brain	G to D	0.043183351708753044	0.8939922611240125	1.0	ns
Brain	T to N	-0.006054493496206035	0.9737647162352645	1.0	ns
Brain	V to P	-0.0077556673432948135	0.9741120862735356	1.0	ns
Brain	A to D	0.7999999999999999	0.20000000000000007	0.7628571428571432	ns
Brain	Y to E	0.39999999999999997	0.6	1.0	ns
Brain	A to P	0.0	1.0	1.0	ns
Brain	D to S	-0.39999999999999997	0.6	1.0	ns
Brain	V to T	0.048507125007266595	0.8584142391733477	1.0	ns
Brain	L to S	-0.3903600291794133	0.3390301832455655	1.0	ns
Brain	L to T	0.0	1.0	1.0	ns
Brain	A to T	-0.39999999999999997	0.6	1.0	ns
Brain	N to V	-1.0	0.0	0.0	***
Brain	G to N	0.0	1.0	1.0	ns
Brain	S to N	-0.7999999999999999	0.20000000000000007	0.7628571428571432	ns
Brain	E to D	0.7999999999999999	0.20000000000000007	0.7628571428571432	ns
Brain	A to S	0.19518001458970666	0.6432255386372303	1.0	ns
Brain	T to S	0.0	1.0	1.0	ns
Brain	M to L	-0.19999999999999998	0.8	1.0	ns
Brain	E to G	0.7999999999999999	0.20000000000000007	0.7628571428571432	ns
Brain	L to V	-0.19999999999999998	0.8	1.0	ns
Brain	S to G	0.39999999999999997	0.6	1.0	ns
Brain	A to V	0.7999999999999999	0.20000000000000007	0.7628571428571432	ns
Heart	P to L	0.39999999999999997	0.6	1.0	ns
Heart	P to Q	-0.048795003647426664	0.9086544876553411	1.0	ns
Heart	W to A	0.013411768195726988	0.9084542631330716	1.0	ns
Heart	W to D	-0.0014371071464619662	0.9799603715252841	1.0	ns
Heart	W to N	-0.008060581258766762	0.929200150619536	1.0	ns
Heart	T to D	0.008226772188281833	0.9088889685642048	1.0	ns
Heart	Q to G	0.29277002188455997	0.48161781431215467	1.0	ns
Heart	Y to D	0.0	1.0	1.0	ns
Heart	H to D	0.005379662433186815	0.9642273858241908	1.0	ns
Heart	V to E	-0.08636670341750609	0.7895566704874586	1.0	ns
Heart	P to T	0.012552545677435903	0.9166520605359109	1.0	ns
Heart	T to N	0.04350001325672094	0.8260348910609251	1.0	ns
Heart	V to L	-1.0	0.0	0.0	***
Heart	V to T	0.23750843439814176	0.45729586926772514	1.0	ns
Heart	H to N	0.019133226755578006	0.9118083441643452	1.0	ns
Heart	F to L	0.39999999999999997	0.6	1.0	ns
Heart	A to L	0.09701425001453319	0.7207748119107176	1.0	ns
Heart	G to D	-0.6831300510639734	0.06183472987214336	0.5503290958620759	ns
Heart	N to L	0.19518001458970666	0.6432255386372303	1.0	ns
Heart	R to D	-1.0	0.0	0.0	***
Heart	V to A	0.39999999999999997	0.6	1.0	ns
Heart	P to A	0.0	1.0	1.0	ns
Heart	V to Q	0.09759000729485333	0.818177202735276	1.0	ns
Heart	T to A	-0.6000000000000001	0.3999999999999999	1.0	ns
Heart	A to S	0.0013448588493413856	0.989624390153955	1.0	ns
Heart	A to G	0.048795003647426664	0.9086544876553411	1.0	ns
Heart	P to D	0.39999999999999997	0.6	1.0	ns
Heart	S to G	-0.7999999999999999	0.20000000000000007	0.7628571428571432	ns
Heart	T to G	0.7999999999999999	0.20000000000000007	0.7628571428571432	ns
Heart	A to E	-0.23750843439814176	0.45729586926772514	1.0	ns
Heart	A to V	-0.10914103126634986	0.68742159692492	1.0	ns
Heart	V to P	0.06054493496206034	0.7420274963768911	1.0	ns
Heart	E to D	0.021591675854376522	0.9468972505712083	1.0	ns
Heart	Q to N	0.0	1.0	1.0	ns
Heart	E to T	-0.05383819020581656	0.8027010035169548	1.0	ns
Heart	P to S	-0.39999999999999997	0.6	1.0	ns
Heart	S to N	-0.21591675854376524	0.5003162216868782	1.0	ns
Heart	T to S	0.0	1.0	1.0	ns
Heart	E to G	0.39999999999999997	0.6	1.0	ns
Heart	A to T	0.39999999999999997	0.6	1.0	ns
Heart	D to M	-0.39999999999999997	0.6	1.0	ns
Kidney	W to D	0.006477042676127216	0.933592209474467	1.0	ns
Kidney	P to Q	0.03954546659701904	0.841642948548343	1.0	ns
Kidney	P to T	0.005953573094209815	0.9300328693557895	1.0	ns
Kidney	E to A	0.39999999999999997	0.6	1.0	ns
Kidney	Q to G	0.39999999999999997	0.6	1.0	ns
Kidney	Y to V	0.7999999999999999	0.20000000000000007	0.7628571428571432	ns
Kidney	T to D	0.007488060606331443	0.9241862944198809	1.0	ns
Kidney	V to L	-0.2439750182371333	0.560375584963329	1.0	ns
Kidney	T to N	0.06460582824697986	0.7642382483763439	1.0	ns
Kidney	A to D	-0.39999999999999997	0.6	1.0	ns
Kidney	V to Q	1.0	0.0	0.0	***
Kidney	H to N	0.15114173098063566	0.6391482744329767	1.0	ns
Kidney	E to D	-0.3415650255319867	0.4076337385331202	1.0	ns
Kidney	H to D	0.14638501094227999	0.7294239249593866	1.0	ns
Kidney	A to S	-0.02711935954791209	0.8680707965439063	1.0	ns
Kidney	G to L	0.7999999999999999	0.20000000000000007	0.7628571428571432	ns
Kidney	N to G	0.19999999999999998	0.8	1.0	ns
Kidney	S to G	-0.5367450401216933	0.17018920126883436	0.7628571428571432	ns
Kidney	T to G	-1.0	0.0	0.0	***
Kidney	A to G	0.0	1.0	1.0	ns
Kidney	G to A	0.6000000000000001	0.3999999999999999	1.0	ns
Kidney	G to T	0.19999999999999998	0.8	1.0	ns
Kidney	V to P	-0.024253562503633298	0.9289571900858598	1.0	ns
Kidney	L to Q	0.6000000000000001	0.3999999999999999	1.0	ns
Kidney	A to T	0.09759000729485333	0.818177202735276	1.0	ns
Kidney	A to L	0.39999999999999997	0.6	1.0	ns
Kidney	N to T	-0.19999999999999998	0.8	1.0	ns
Kidney	Y to T	0.7999999999999999	0.20000000000000007	0.7628571428571432	ns
Kidney	W to N	-0.39999999999999997	0.6	1.0	ns
Kidney	Q to A	0.19999999999999998	0.8	1.0	ns
Kidney	N to M	0.39999999999999997	0.6	1.0	ns
Kidney	G to S	-0.7999999999999999	0.20000000000000007	0.7628571428571432	ns
Kidney	T to S	-1.0	0.0	0.0	***
Kidney	G to D	-1.0	0.0	0.0	***
Kidney	L to S	-1.0	0.0	0.0	***
Kidney	E to T	-0.19999999999999998	0.8	1.0	ns
Kidney	A to V	0.7999999999999999	0.20000000000000007	0.7628571428571432	ns
Kidney	H to Q	-0.7999999999999999	0.20000000000000007	0.7628571428571432	ns
Kidney	W to Y	0.7999999999999999	0.20000000000000007	0.7628571428571432	ns
Liver	Q to G	0.39999999999999997	0.6	1.0	ns
Liver	E to N	0.39999999999999997	0.6	1.0	ns
Liver	W to D	0.21591675854376524	0.5003162216868782	1.0	ns
Liver	T to D	0.05844931504632744	0.6806397102845965	1.0	ns
Liver	V to L	-0.13339459376998314	0.6223613103128188	1.0	ns
Liver	P to T	0.02119072723672112	0.9083529157912827	1.0	ns
Liver	A to D	0.12955005512625917	0.6882128190799855	1.0	ns
Liver	A to L	-0.43915503282683993	0.2763268401337456	0.9970171123744604	ns
Liver	N to M	1.0	0.0	0.0	***
Liver	T to A	0.021591675854376522	0.9468972505712083	1.0	ns
Liver	N to G	1.0	0.0	0.0	***
Liver	V to P	0.043183351708753044	0.8939922611240125	1.0	ns
Liver	A to V	-0.09759000729485333	0.818177202735276	1.0	ns
Liver	E to D	0.7999999999999999	0.20000000000000007	0.7628571428571432	ns
Liver	L to T	-1.0	0.0	0.0	***
Liver	A to T	-0.08636670341750609	0.7895566704874586	1.0	ns
Liver	T to N	0.6831300510639734	0.06183472987214336	0.5503290958620759	ns
Liver	A to P	0.39999999999999997	0.6	1.0	ns
Liver	M to L	0.0	1.0	1.0	ns
Liver	G to D	-1.0	0.0	0.0	***
Liver	S to N	-0.15114173098063566	0.6391482744329767	1.0	ns
Liver	S to Q	-0.19999999999999998	0.8	1.0	ns
Liver	E to L	-0.39999999999999997	0.6	1.0	ns
Liver	A to S	0.39999999999999997	0.6	1.0	ns
Liver	T to S	-0.7999999999999999	0.20000000000000007	0.7628571428571432	ns
Liver	G to E	-1.0	0.0	0.0	***
Liver	G to A	-0.7999999999999999	0.20000000000000007	0.7628571428571432	ns
Liver	V to Y	0.0	1.0	1.0	ns
Liver	E to G	0.7999999999999999	0.20000000000000007	0.7628571428571432	ns
Liver	S to G	-0.39999999999999997	0.6	1.0	ns
Liver	T to V	0.19999999999999998	0.8	1.0	ns
Muscle	G to A	-0.6000000000000001	0.3999999999999999	1.0	ns
Muscle	T to D	0.013361623809613195	0.857137838065371	1.0	ns
Muscle	L to S	0.7999999999999999	0.20000000000000007	0.7628571428571432	ns
Muscle	P to T	-0.0629408968255304	0.5791335797748298	1.0	ns
Muscle	W to A	0.0	1.0	1.0	ns
Muscle	W to D	0.00029884851369551825	0.9971635846157973	1.0	ns
Muscle	V to P	0.015541247029206354	0.896905297946047	1.0	ns
Muscle	L to Q	0.19999999999999998	0.8	1.0	ns
Muscle	E to T	0.010767638041163312	0.9601736452803525	1.0	ns
Muscle	E to D	-1.0	0.0	0.0	***
Muscle	H to D	-0.02372727995821142	0.9046056788085468	1.0	ns
Muscle	L to P	-0.7999999999999999	0.20000000000000007	0.7628571428571432	ns
Muscle	H to N	-0.0077556673432948135	0.9741120862735356	1.0	ns
Muscle	Y to V	-0.29277002188455997	0.48161781431215467	1.0	ns
Muscle	G to D	-0.21715868561225476	0.3577438652181161	1.0	ns
Muscle	V to E	-0.024253562503633298	0.9289571900858598	1.0	ns
Muscle	A to S	0.05500802692228677	0.7499983408296186	1.0	ns
Muscle	A to V	-0.2806917861068948	0.3768448236890315	1.0	ns
Muscle	V to A	-0.39999999999999997	0.6	1.0	ns
Muscle	G to V	0.0	1.0	1.0	ns
Muscle	Q to A	-0.7999999999999999	0.20000000000000007	0.7628571428571432	ns
Muscle	W to N	-0.0727606875108999	0.7888622154669134	1.0	ns
Muscle	T to N	0.24433888871261047	0.36176488865649925	1.0	ns
Muscle	T to G	-0.39999999999999997	0.6	1.0	ns
Muscle	A to E	-0.7319250547114	0.03899827398782232	0.3718763983838771	ns
Muscle	D to S	0.12955005512625917	0.6882128190799855	1.0	ns
Muscle	L to T	-0.3903600291794133	0.3390301832455655	1.0	ns
Muscle	M to P	-1.0	0.0	0.0	***
Muscle	A to L	0.7999999999999999	0.20000000000000007	0.7628571428571432	ns
Muscle	Q to L	-0.6000000000000001	0.3999999999999999	1.0	ns
Muscle	D to A	1.0	0.0	0.0	***
Muscle	M to L	-1.0	0.0	0.0	***
Muscle	V to L	1.0	0.0	0.0	***
Muscle	V to M	0.0	1.0	1.0	ns
Muscle	V to T	0.0	1.0	1.0	ns
Muscle	S to G	-0.39999999999999997	0.6	1.0	ns
Muscle	Q to N	-0.7999999999999999	0.20000000000000007	0.7628571428571432	ns
Muscle	S to N	-0.048795003647426664	0.9086544876553411	1.0	ns
Muscle	P to G	-1.0	0.0	0.0	***
Muscle	P to A	-0.7999999999999999	0.20000000000000007	0.7628571428571432	ns
Muscle	P to H	-0.7999999999999999	0.20000000000000007	0.7628571428571432	ns
Skin	G to A	-0.7999999999999999	0.20000000000000007	0.7628571428571432	ns
Skin	A to V	-0.15764815627361645	0.5598217157905654	1.0	ns
Skin	P to T	-0.019331559286766473	0.7901301179470264	1.0	ns
Skin	A to T	-0.03230291412348993	0.8808893279660679	1.0	ns
Skin	G to S	-0.1455213750217998	0.5907532981038295	1.0	ns
Skin	Q to G	1.0	0.0	0.0	***
Skin	V to P	0.015496776884521193	0.9243879679995202	1.0	ns
Skin	L to A	-0.7999999999999999	0.20000000000000007	0.7628571428571432	ns
Skin	W to D	0.09701425001453319	0.7207748119107176	1.0	ns
Skin	T to D	0.03329971422913319	0.8564248461291395	1.0	ns
Skin	T to N	-0.06063390625908324	0.8234842500845889	1.0	ns
Skin	S to N	-0.43915503282683993	0.2763268401337456	0.9970171123744604	ns
Skin	W to A	0.6000000000000001	0.3999999999999999	1.0	ns
Skin	A to E	-0.043183351708753044	0.8939922611240125	1.0	ns
Skin	G to D	-0.32742309379904955	0.21574193436157935	0.8113112179512914	ns
Skin	M to L	0.031022669373179254	0.8966969975396046	1.0	ns
Skin	E to D	-0.14631822640897044	0.4575080511169328	1.0	ns
Skin	T to L	-1.0	0.0	0.0	***
Skin	V to L	-0.7999999999999999	0.20000000000000007	0.7628571428571432	ns
Skin	N to A	-0.39999999999999997	0.6	1.0	ns
Skin	L to Y	-1.0	0.0	0.0	***
Skin	T to A	-0.4879500364742666	0.2199438192418187	0.8156249963550777	ns
Skin	A to L	0.3903600291794133	0.3390301832455655	1.0	ns
Skin	S to G	0.048795003647426664	0.9086544876553411	1.0	ns
Skin	A to G	0.39999999999999997	0.6	1.0	ns
Skin	S to Y	-0.19999999999999998	0.8	1.0	ns
Skin	L to S	-1.0	0.0	0.0	***
Skin	A to S	0.059222009226398205	0.7834080950136205	1.0	ns
Skin	T to S	0.048795003647426664	0.9086544876553411	1.0	ns
Skin	F to L	-0.7999999999999999	0.20000000000000007	0.7628571428571432	ns
Skin	H to E	-1.0	0.0	0.0	***
Skin	Q to N	-0.7999999999999999	0.20000000000000007	0.7628571428571432	ns
Skin	M to N	-0.048795003647426664	0.9086544876553411	1.0	ns
Skin	D to S	-0.39999999999999997	0.6	1.0	ns
Skin	S to L	-1.0	0.0	0.0	***
Skin	Q to T	1.0	0.0	0.0	***
Skin	P to A	0.7999999999999999	0.20000000000000007	0.7628571428571432	ns
Skin	E to G	0.09759000729485333	0.818177202735276	1.0	ns
Skin	E to T	-0.19999999999999998	0.8	1.0	ns
Skin	H to N	0.0	1.0	1.0	ns
