aa_sub	Tissue_1	Tissue_2	Tissue_1_n	Tissue_2_n	Tissue_1_mean_RAAS	Tissue_2_mean_RAAS	Tissue_1_median_RAAS	Tissue_2_median_RAAS	Mean_RAAS_difference	Median_RAAS_difference	MannWhitneyU_statistic	pval	FDR	Significance	Comparison
P to T	Muscle	Skin	320	768	0.30967994057095016	-0.5984384764161743	0.2195690271506754	-0.6401930651142367	0.9081184169871245	0.8597620922649121	234547.0	1.3207607209505863e-123	4.160396270994347e-121	***	Muscle vs Skin
W to D	Heart	Kidney	1232	672	-0.6155274303819811	-1.3815204241997858	-0.6253722930975758	-1.402210999989914	0.7659929938178047	0.7768387068923381	656841.0	1.270934551552769e-99	2.001721918695611e-97	***	Heart vs Kidney
P to T	Aorta	Skin	800	768	inf	-0.5984384764161743	0.006539041270751996	-0.6401930651142367	inf	0.6467321063849887	489161.0	1.244179676616647e-91	1.3063886604474791e-89	***	Aorta vs Skin
P to T	Heart	Skin	288	768	0.10882998064509522	-0.5984384764161743	0.21681443889873908	-0.6401930651142367	0.7072684570612695	0.8570075040129758	194748.0	4.842653917811095e-81	3.8135899602762375e-79	***	Heart vs Skin
W to D	Aorta	Heart	288	1232	-1.5620456147918127	-0.6155274303819811	-1.722636724034003	-0.6253722930975758	-0.9465181844098316	-1.0972644309364272	50357.0	4.831075173282352e-80	3.0435773591678823e-78	***	Aorta vs Heart
P to T	Aorta	Brain	800	160	inf	-1.402737570689833	0.006539041270751996	-1.521099053021751	inf	1.527638094292503	121850.0	5.636526229126584e-73	2.9591762702914563e-71	***	Aorta vs Brain
P to T	Aorta	Liver	800	128	inf	-1.744805107052639	0.006539041270751996	-1.552935694434832	inf	1.559474735705584	101468.0	2.72135883922428e-71	1.224611477650926e-69	***	Aorta vs Liver
P to T	Kidney	Muscle	880	320	-0.34573947988846104	0.30967994057095016	-0.32737037053335627	0.2195690271506754	-0.6554194204594113	-0.5469393976840317	46138.0	4.059503883260902e-71	1.59842965403398e-69	***	Kidney vs Muscle
P to T	Brain	Muscle	160	320	-1.402737570689833	0.30967994057095016	-1.521099053021751	0.2195690271506754	-1.7124175112607833	-1.7406680801724264	124.0	9.56629915357471e-71	3.348204703751149e-69	***	Brain vs Muscle
W to D	Brain	Heart	112	1232	-2.2346107276965808	-0.6155274303819811	-2.328690457145978	-0.6253722930975758	-1.6190832973145997	-1.703318164048402	611.0	1.0188190973764939e-67	3.209280156735956e-66	***	Brain vs Heart
P to T	Kidney	Liver	880	128	-0.34573947988846104	-1.744805107052639	-0.32737037053335627	-1.552935694434832	1.399065627164178	1.2255653239014759	108903.0	1.8873823717487095e-65	5.40477679182585e-64	***	Kidney vs Liver
P to T	Liver	Skin	128	768	-1.744805107052639	-0.5984384764161743	-1.552935694434832	-0.6401930651142367	-1.1463666306364646	-0.9127426293205954	3701.0	4.2764077532062045e-63	1.1225570352166286e-61	***	Liver vs Skin
P to T	Liver	Muscle	128	320	-1.744805107052639	0.30967994057095016	-1.552935694434832	0.2195690271506754	-2.054485047623589	-1.7725047215855074	0.0	1.8068716894128307e-61	4.3781890935772434e-60	***	Liver vs Muscle
W to D	Brain	Muscle	112	576	-2.2346107276965808	-0.8778730710505713	-2.328690457145978	-1.030732723063158	-1.3567376566460094	-1.29795773408282	714.0	2.305183648147947e-60	5.18666320833288e-59	***	Brain vs Muscle
P to T	Brain	Heart	160	288	-1.402737570689833	0.10882998064509522	-1.521099053021751	0.21681443889873908	-1.5115675513349283	-1.73791349192049	1817.0	9.276738816745144e-59	1.9481151515164802e-57	***	Brain vs Heart
P to T	Brain	Kidney	160	880	-1.402737570689833	-0.34573947988846104	-1.521099053021751	-0.32737037053335627	-1.056998090801372	-1.1937286824883948	14317.0	6.00860747002962e-58	1.1829445956620814e-56	***	Brain vs Kidney
P to T	Heart	Liver	288	128	0.10882998064509522	-1.744805107052639	0.21681443889873908	-1.552935694434832	1.853635087697734	1.769750133333571	36139.0	3.637632213286917e-55	6.740318512855169e-54	***	Heart vs Liver
P to T	Brain	Skin	160	768	-1.402737570689833	-0.5984384764161743	-1.521099053021751	-0.6401930651142367	-0.8042990942736588	-0.8809059879075143	16550.0	5.496256127185776e-48	9.618448222575107e-47	***	Brain vs Skin
W to D	Aorta	Muscle	288	576	-1.5620456147918127	-0.8778730710505713	-1.722636724034003	-1.030732723063158	-0.6841725437412414	-0.691904000970845	34845.0	5.558771899326334e-44	9.215858675198922e-43	***	Aorta vs Muscle
P to T	Heart	Kidney	288	880	0.10882998064509522	-0.34573947988846104	0.21681443889873908	-0.32737037053335627	0.4545694605335563	0.5441848094320954	194551.0	1.9858332859472274e-42	3.1276874253668836e-41	***	Heart vs Kidney
W to D	Heart	Skin	1232	64	-0.6155274303819811	-2.7572687204861963	-0.6253722930975758	-2.6915164115031645	2.141741290104215	2.066144118405589	78848.0	1.4698722349743384e-41	2.2048083524615077e-40	***	Heart vs Skin
W to D	Muscle	Skin	576	64	-0.8778730710505713	-2.7572687204861963	-1.030732723063158	-2.6915164115031645	1.879395649435625	1.6607836884400065	36864.0	2.082402807781565e-39	2.981622202050877e-38	***	Muscle vs Skin
W to D	Brain	Kidney	112	672	-2.2346107276965808	-1.3815204241997858	-2.328690457145978	-1.402210999989914	-0.8530903034967949	-0.926479457156064	9624.0	1.5922338052352836e-36	2.1806680376048448e-35	***	Brain vs Kidney
W to D	Aorta	Skin	288	64	-1.5620456147918127	-2.7572687204861963	-1.722636724034003	-2.6915164115031645	1.1952231056943836	0.9688796874691614	18396.0	1.1405937174575934e-35	1.4970292541630911e-34	***	Aorta vs Skin
W to D	Kidney	Skin	672	64	-1.3815204241997858	-2.7572687204861963	-1.402210999989914	-2.6915164115031645	1.3757482962864105	1.2893054115132505	41577.0	4.842361839816046e-35	6.101375918168218e-34	***	Kidney vs Skin
W to D	Kidney	Muscle	672	576	-1.3815204241997858	-0.8778730710505713	-1.402210999989914	-1.030732723063158	-0.5036473531492145	-0.37147827692675595	116956.0	1.6173190058717265e-33	1.9594441801907457e-32	***	Kidney vs Muscle
T to D	Brain	Kidney	160	656	-inf	-inf	-3.391178782979328	-1.986017829238064		-1.4051609537412642	20841.0	2.5595561366356186e-32	2.9861488260748883e-31	***	Brain vs Kidney
W to D	Heart	Liver	1232	48	-0.6155274303819811	-3.0325094213483474	-0.6253722930975758	-3.0044714418370857	2.4169819909663666	2.3790991487395097	59136.0	5.702406451723394e-32	6.415207258188818e-31	***	Heart vs Liver
W to D	Kidney	Liver	672	48	-1.3815204241997858	-3.0325094213483474	-1.402210999989914	-3.0044714418370857	1.6509889971485616	1.6022604418471718	32245.0	5.402634082142657e-31	5.868378399568748e-30	***	Kidney vs Liver
W to D	Liver	Muscle	48	576	-3.0325094213483474	-0.8778730710505713	-3.0044714418370857	-1.030732723063158	-2.154636350297776	-1.9737387187739277	0.0	1.0511807670154613e-30	1.1037398053662343e-29	***	Liver vs Muscle
P to T	Aorta	Kidney	800	880	inf	-0.34573947988846104	0.006539041270751996	-0.32737037053335627	inf	0.33390941180410827	465779.0	2.162565873951897e-30	2.1974459686930566e-29	***	Aorta vs Kidney
T to N	Brain	Muscle	128	64	-0.9334587160468322	-inf	-1.1369638706115515	-3.0801417943977634	inf	1.943177923786212	8192.0	1.5535955325282212e-29	1.5293206023324677e-28	***	Brain vs Muscle
T to D	Brain	Muscle	160	736	-inf	-inf	-3.391178782979328	-1.9866208092244184		-1.4045579737549096	25412.0	1.6421629437188653e-29	1.5675191735498259e-28	***	Brain vs Muscle
W to D	Aorta	Brain	288	112	-1.5620456147918127	-2.2346107276965808	-1.722636724034003	-2.328690457145978	0.6725651129047681	0.6060537331119749	27831.0	1.8091164735043422e-29	1.6760932033937286e-28	***	Aorta vs Brain
V to P	Aorta	Skin	464	160	-inf	-3.0174929812135667	-2.432440847238184	-3.010332173473242	-inf	0.5778913262350578	59059.0	6.632792540033131e-29	5.969513286029818e-28	***	Aorta vs Skin
W to D	Aorta	Liver	288	48	-1.5620456147918127	-3.0325094213483474	-1.722636724034003	-3.0044714418370857	1.4704638065565347	1.2818347178030827	13824.0	1.3635537946831088e-28	1.1931095703477202e-27	***	Aorta vs Liver
V to P	Aorta	Brain	464	80	-inf	-3.2235723565923506	-2.432440847238184	-3.088886269346305	-inf	0.6564454221081206	32472.0	8.719450181943136e-27	7.423315695438076e-26	***	Aorta vs Brain
T to D	Brain	Heart	160	784	-inf	-inf	-3.391178782979328	-2.101029926200308		-1.29014885677902	29664.0	7.188172091291161e-26	5.958616338833462e-25	***	Brain vs Heart
W to D	Brain	Liver	112	48	-2.2346107276965808	-3.0325094213483474	-2.328690457145978	-3.0044714418370857	0.7978986936517667	0.6757809846911078	5376.0	1.4223702700820944e-23	1.1488375258355378e-22	***	Brain vs Liver
P to T	Aorta	Muscle	800	320	inf	0.30967994057095016	0.006539041270751996	0.2195690271506754	inf	-0.2130299858799234	79780.0	6.185856138959969e-23	4.871361709430977e-22	***	Aorta vs Muscle
T to N	Aorta	Muscle	64	64	-0.6388804490896638	-inf	-0.6760035906907884	-3.0801417943977634	inf	2.404138203706975	4096.0	1.6087446304271186e-22	1.2359867282549813e-21	***	Aorta vs Muscle
P to T	Kidney	Skin	880	768	-0.34573947988846104	-0.5984384764161743	-0.32737037053335627	-0.6401930651142367	0.25269899652771327	0.3128226945808804	430620.0	6.639106163152696e-22	4.979329622364522e-21	***	Kidney vs Skin
W to A	Brain	Heart	32	304	-2.581554641191883	-1.2362746244717218	-2.5728637125708227	-1.369833728023988	-1.345280016720161	-1.2030299845468346	0.0	1.3408869515854918e-20	9.822776505800697e-20	***	Brain vs Heart
T to D	Aorta	Kidney	448	656	-2.312966460358713	-inf	-2.403180820213024	-1.986017829238064	inf	-0.4171629909749601	98650.0	1.641491176912696e-20	1.175158456198862e-19	***	Aorta vs Kidney
A to S	Heart	Muscle	384	144	-1.7974725193734835	-2.341322699278287	-1.899103714087661	-2.3992489446125953	0.5438501799048037	0.5001452305249343	41658.0	2.8849755540388765e-19	2.019482887827214e-18	***	Heart vs Muscle
T to D	Aorta	Brain	448	160	-2.312966460358713	-inf	-2.403180820213024	-3.391178782979328	inf	0.987997962766304	52552.0	1.91891822305351e-18	1.314041826656208e-17	***	Aorta vs Brain
W to D	Heart	Muscle	1232	576	-0.6155274303819811	-0.8778730710505713	-0.6253722930975758	-1.030732723063158	0.26234564066859023	0.4053604299655822	445217.0	2.3252382233345585e-18	1.558404341171034e-17	***	Heart vs Muscle
T to N	Brain	Liver	128	32	-0.9334587160468322	-2.6904126111548705	-1.1369638706115515	-2.6992796181999554	1.7569538951080383	1.562315747588404	4096.0	2.4545257208729297e-18	1.61078250432286e-17	***	Brain vs Liver
T to D	Brain	Liver	160	208	-inf	-2.270345111006809	-3.391178782979328	-2.116820017899765	-inf	-1.2743587650795631	7823.0	2.8939711932154528e-18	1.8604100527813625e-17	***	Brain vs Liver
W to N	Heart	Muscle	496	64	-0.7865026401252486	-1.853252931837061	-0.8829650871445479	-1.9698794076040431	1.0667502917118123	1.086914320459495	26388.0	6.032126356288888e-18	3.8002396044619997e-17	***	Heart vs Muscle
V to P	Aorta	Liver	464	48	-inf	-3.203404497722642	-2.432440847238184	-3.1346773950871056	-inf	0.7022365478489214	19212.0	1.2729956193130926e-16	7.862620001639689e-16	***	Aorta vs Liver
V to P	Brain	Muscle	80	288	-3.2235723565923506	-inf	-3.088886269346305	-2.7208174132312806	inf	-0.36806885611502427	4666.0	3.877475229234343e-16	2.3488551869400347e-15	***	Brain vs Muscle
W to A	Aorta	Heart	64	304	-2.051278314483403	-1.2362746244717218	-2.339776212129112	-1.369833728023988	-0.815003690011681	-0.9699424841051241	3453.0	4.977919419217202e-16	2.9585747491573934e-15	***	Aorta vs Heart
T to N	Aorta	Liver	64	32	-0.6388804490896638	-2.6904126111548705	-0.6760035906907884	-2.6992796181999554	2.0515321620652065	2.023276027509167	2048.0	1.7946460060683587e-15	1.0278427125664236e-14	***	Aorta vs Liver
W to A	Brain	Muscle	32	64	-2.581554641191883	-1.4955043542942692	-2.5728637125708227	-1.523642807889777	-1.0860502868976136	-1.0492209046810457	0.0	1.7946460060683587e-15	1.0278427125664236e-14	***	Brain vs Muscle
T to N	Heart	Muscle	112	64	-1.6144584270685958	-inf	-1.198406733572394	-3.0801417943977634	inf	1.8817350608253693	6088.0	1.347390806864094e-14	7.579073288610528e-14	***	Heart vs Muscle
T to N	Muscle	Skin	64	64	-inf	-1.6312585305801046	-3.0801417943977634	-1.668023383360149	-inf	-1.4121184110376144	435.0	1.4770516450730507e-14	8.16265382803528e-14	***	Muscle vs Skin
T to D	Aorta	Muscle	448	736	-2.312966460358713	-inf	-2.403180820213024	-1.9866208092244184	inf	-0.4165600109886056	121441.0	2.7470223752195748e-14	1.4919173244727e-13	***	Aorta vs Muscle
A to V	Heart	Muscle	64	48	-2.623541477139266	-3.4114033909142645	-3.0495469006402818	-3.4009030862075305	0.7878619137749983	0.3513561855672487	2776.0	3.1541513298102977e-13	1.6839960489665148e-12	***	Heart vs Muscle
T to D	Kidney	Skin	656	128	-inf	-2.586941306815117	-1.986017829238064	-2.651831876495732	-inf	0.6658140472576681	58962.0	4.3595310459429e-13	2.288753799120023e-12	***	Kidney vs Skin
W to D	Brain	Skin	112	64	-2.2346107276965808	-2.7572687204861963	-2.328690457145978	-2.6915164115031645	0.5226579927896156	0.36282595435718656	5923.0	6.39057029055247e-13	3.300048592662341e-12	***	Brain vs Skin
W to A	Aorta	Brain	64	32	-2.051278314483403	-2.581554641191883	-2.339776212129112	-2.5728637125708227	0.53027632670848	0.23308750044171056	1942.0	9.969682690750492e-13	5.065242012236137e-12	***	Aorta vs Brain
T to D	Muscle	Skin	736	128	-inf	-2.586941306815117	-1.9866208092244184	-2.651831876495732	-inf	0.6652110672713136	65567.0	1.3921912923172152e-12	6.9609564615860755e-12	***	Muscle vs Skin
P to T	Aorta	Heart	800	288	inf	0.10882998064509522	0.006539041270751996	0.21681443889873908	inf	-0.21027539762798708	83654.0	5.244770899984576e-12	2.5814106773361584e-11	***	Aorta vs Heart
W to N	Heart	Kidney	496	16	-0.7865026401252486	-2.50406004618038	-0.8829650871445479	-2.509933880113272	1.7175574060551313	1.6269687929687238	7936.0	9.653064642020934e-12	4.678023634210145e-11	***	Heart vs Kidney
T to N	Kidney	Muscle	96	64	-1.7499455334485123	-inf	-1.956212415169413	-3.0801417943977634	inf	1.1239293792283505	5012.0	1.4038408309015267e-11	6.700149420211831e-11	***	Kidney vs Muscle
W to A	Heart	Skin	304	16	-1.2362746244717218	-3.45454232012277	-1.369833728023988	-3.452306971230587	2.2182676956510483	2.082473243206599	4864.0	1.5744698549993972e-11	7.40235827350463e-11	***	Heart vs Skin
G to D	Heart	Skin	32	64	-2.5557584182036055	-1.7165897738106284	-2.6045018838942493	-2.0106814563471826	-0.8391686443929771	-0.5938204275470667	171.0	3.455207956449012e-11	1.6005742739432923e-10	***	Heart vs Skin
G to D	Heart	Muscle	32	80	-2.5557584182036055	-1.047818970063871	-2.6045018838942493	-2.073661861816529	-1.5079394481397346	-0.5308400220777205	254.0	3.9775159850834754e-11	1.8158225149294127e-10	***	Heart vs Muscle
H to N	Heart	Skin	144	16	-2.8080268397040635	-3.769337175375754	-3.0322063241972304	-3.76843322370768	0.9613103356716906	0.7362268995104495	2304.0	5.7775274279839724e-11	2.599887342592788e-10	***	Heart vs Skin
E to D	Brain	Skin	16	112	2.0186687601354087	-1.8232697197305983	2.0161384016315402	-2.1000284279009405	3.8419384798660072	4.116166829532481	1792.0	1.1040526470708692e-10	4.898261744046814e-10	***	Brain vs Skin
A to V	Liver	Muscle	32	48	-1.6123947327752777	-3.4114033909142645	-1.4777884680490745	-3.4009030862075305	1.7990086581389868	1.923114618158456	1424.0	1.213629776755256e-10	5.309630273304244e-10	***	Liver vs Muscle
E to D	Liver	Skin	16	112	0.05873007580980825	-1.8232697197305983	0.06030790879759981	-2.1000284279009405	1.8819997955404064	2.16033633669854	1775.0	2.4597717790813123e-10	1.0614083704254977e-09	***	Liver vs Skin
V to P	Muscle	Skin	288	160	-inf	-3.0174929812135667	-2.7208174132312806	-3.010332173473242	-inf	0.28951476024196143	31242.0	4.2099927035635085e-10	1.792091488679061e-09	***	Muscle vs Skin
W to A	Aorta	Skin	64	16	-2.051278314483403	-3.45454232012277	-2.339776212129112	-3.452306971230587	1.4032640056393673	1.112530759101475	1024.0	7.632448229687361e-10	3.0823348619891268e-09	***	Aorta vs Skin
W to A	Muscle	Skin	64	16	-1.4955043542942692	-3.45454232012277	-1.523642807889777	-3.452306971230587	1.9590379658285009	1.9286641633408101	1024.0	7.632448229687361e-10	3.0823348619891268e-09	***	Muscle vs Skin
A to V	Aorta	Heart	16	64	0.6632357639615118	-2.623541477139266	0.6743193305069911	-3.0495469006402818	3.2867772411007783	3.723866231147273	1024.0	7.632448229687361e-10	3.0823348619891268e-09	***	Aorta vs Heart
A to V	Aorta	Skin	16	64	0.6632357639615118	-2.8245688919772234	0.6743193305069911	-3.0639360492298415	3.487804655938735	3.7382553797368328	1024.0	7.632448229687361e-10	3.0823348619891268e-09	***	Aorta vs Skin
T to D	Kidney	Liver	656	208	-inf	-2.270345111006809	-1.986017829238064	-2.116820017899765	-inf	0.130802188661701	87510.0	7.779645271354251e-10	3.10201045629948e-09	***	Kidney vs Liver
V to P	Liver	Muscle	48	288	-3.203404497722642	-inf	-3.1346773950871056	-2.7208174132312806	inf	-0.41385998185582507	3116.0	1.1182272131070653e-09	4.40301965160907e-09	***	Liver vs Muscle
A to S	Kidney	Muscle	160	144	-1.5731204171546571	-2.341322699278287	-1.8671327522832502	-2.3992489446125953	0.7682022821236301	0.5321161923293452	16093.0	2.297938434811117e-09	8.936427246487678e-09	***	Kidney vs Muscle
G to D	Liver	Muscle	16	80	-2.7515297314768907	-1.047818970063871	-2.746981662382514	-2.073661861816529	-1.7037107614130198	-0.6733198005659853	33.0	2.4836205299791867e-09	9.540737401749315e-09	***	Liver vs Muscle
H to N	Aorta	Skin	48	16	-2.9638877636298404	-3.769337175375754	-3.0335787418292766	-3.76843322370768	0.8054494117459137	0.7348544818784033	768.0	2.7491663725641587e-09	9.781038801969303e-09	***	Aorta vs Skin
H to N	Kidney	Skin	48	16	-2.899317673903609	-3.769337175375754	-2.7862440130315393	-3.76843322370768	0.8700195014721452	0.9821892106761405	768.0	2.7491663725641587e-09	9.781038801969303e-09	***	Kidney vs Skin
E to D	Aorta	Brain	48	16	-1.7089434293921542	2.0186687601354087	-1.6954881763012524	2.0161384016315402	-3.727612189527563	-3.7116265779327926	0.0	2.7491663725641587e-09	9.781038801969303e-09	***	Aorta vs Brain
E to D	Aorta	Liver	48	16	-1.7089434293921542	0.05873007580980825	-1.6954881763012524	0.06030790879759981	-1.7676735052019623	-1.755796085098852	0.0	2.7491663725641587e-09	9.781038801969303e-09	***	Aorta vs Liver
E to D	Brain	Heart	16	48	2.0186687601354087	-0.9698686641686601	2.0161384016315402	-1.5141629050698675	2.9885374243040688	3.530301306701408	768.0	2.7491663725641587e-09	9.781038801969303e-09	***	Brain vs Heart
A to V	Aorta	Muscle	16	48	0.6632357639615118	-3.4114033909142645	0.6743193305069911	-3.4009030862075305	4.0746391548757765	4.075222416714522	768.0	2.7491663725641587e-09	9.781038801969303e-09	***	Aorta vs Muscle
T to N	Aorta	Skin	64	64	-0.6388804490896638	-1.6312585305801046	-0.6760035906907884	-1.668023383360149	0.9923780814904408	0.9920197926693606	3296.0	2.7635315980167236e-09	9.781038801969303e-09	***	Aorta vs Skin
W to A	Aorta	Muscle	64	64	-2.051278314483403	-1.4955043542942692	-2.339776212129112	-1.523642807889777	-0.5557739601891336	-0.8161334042393351	808.0	3.485273579074988e-09	1.2198457526762459e-08	***	Aorta vs Muscle
H to N	Muscle	Skin	80	16	-2.486163279074017	-3.769337175375754	-2.2744504593962644	-3.76843322370768	1.283173896301737	1.4939827643114154	1240.0	3.776135798307943e-09	1.3071239301835188e-08	***	Muscle vs Skin
G to D	Liver	Skin	16	64	-2.7515297314768907	-1.7165897738106284	-2.746981662382514	-2.0106814563471826	-1.0349399576662623	-0.7363002060353314	31.0	7.491549265043078e-09	2.5650413244440974e-08	***	Liver vs Skin
E to D	Heart	Skin	48	112	-0.9698686641686601	-1.8232697197305983	-1.5141629050698675	-2.1000284279009405	0.8534010555619381	0.585865522831073	4225.0	1.0582770971207923e-08	3.5828200737160246e-08	***	Heart vs Skin
A to V	Heart	Kidney	64	16	-2.623541477139266	-3.8664783749550917	-3.0495469006402818	-3.8769198335389405	1.2429368978158255	0.8273729328986588	988.0	1.069159006124782e-08	3.5828200737160246e-08	***	Heart vs Kidney
H to D	Heart	Kidney	288	32	-2.426321497812841	-1.8332300855543675	-2.483583783071391	-1.855115502100755	-0.5930914122584734	-0.6284682809706361	1807.0	1.6975098208645324e-08	5.6285851954981864e-08	***	Heart vs Kidney
A to S	Brain	Liver	32	16	-2.449825491483824	-1.3766096982255664	-2.4599140655443743	-1.381297706019851	-1.0732157932582576	-1.0786163595245233	0.0	2.2983393604128585e-08	7.239768985300505e-08	***	Brain vs Liver
W to A	Brain	Skin	32	16	-2.581554641191883	-3.45454232012277	-2.5728637125708227	-3.452306971230587	0.8729876789308872	0.8794432586597645	512.0	2.2983393604128585e-08	7.239768985300505e-08	***	Brain vs Skin
E to D	Brain	Kidney	16	32	2.0186687601354087	-0.7321700399591666	2.0161384016315402	-0.6630539921802125	2.7508388000945754	2.6791923938117526	512.0	2.2983393604128585e-08	7.239768985300505e-08	***	Brain vs Kidney
A to V	Aorta	Liver	16	32	0.6632357639615118	-1.6123947327752777	0.6743193305069911	-1.4777884680490745	2.2756304967367895	2.1521077985560657	512.0	2.2983393604128585e-08	7.239768985300505e-08	***	Aorta vs Liver
A to T	Brain	Kidney	16	32	-1.5660044274607157	-0.7712877321902147	-1.7038667946642017	-0.751593702445349	-0.7947166952705009	-0.9522730922188527	0.0	2.2983393604128585e-08	7.239768985300505e-08	***	Brain vs Kidney
A to T	Aorta	Kidney	48	32	-2.1199258345511303	-0.7712877321902147	-1.359588084237156	-0.751593702445349	-1.3486381023609155	-0.607994381791807	201.0	2.6433283526099846e-08	8.244043872001436e-08	***	Aorta vs Kidney
T to D	Heart	Skin	784	128	-inf	-2.586941306815117	-2.101029926200308	-2.651831876495732	-inf	0.550801950295424	65509.0	2.8749525678177436e-08	8.878529988848913e-08	***	Heart vs Skin
A to S	Aorta	Muscle	176	144	-1.5236498053406506	-2.341322699278287	-1.6536117325095445	-2.3992489446125953	0.8176728939376365	0.7456372121030508	17190.0	4.098785909935698e-08	1.2535121957570338e-07	***	Aorta vs Muscle
A to T	Heart	Kidney	16	32	-1.2338056243041136	-0.7712877321902147	-1.1677965888231665	-0.751593702445349	-0.4625178921138988	-0.41620288637781755	7.0	5.485627712765423e-08	1.6615122399241425e-07	***	Heart vs Kidney
T to N	Brain	Skin	128	64	-0.9334587160468322	-1.6312585305801046	-1.1369638706115515	-1.668023383360149	0.6977998145332724	0.5310595127485975	6051.0	7.260980997307209e-08	2.1782942991921628e-07	***	Brain vs Skin
V to P	Aorta	Muscle	464	288	-inf	-inf	-2.432440847238184	-2.7208174132312806		0.28837656599309636	82277.0	9.344397931263944e-08	2.7768729701397566e-07	***	Aorta vs Muscle
A to V	Kidney	Liver	16	32	-3.8664783749550917	-1.6123947327752777	-3.8769198335389405	-1.4777884680490745	-2.254083642179814	-2.399131365489866	12.0	1.0070167229885497e-07	2.964581941508347e-07	***	Kidney vs Liver
T to D	Aorta	Heart	448	784	-2.312966460358713	-inf	-2.403180820213024	-2.101029926200308	inf	-0.302150894012716	143978.0	1.391193155323691e-07	4.057646703027432e-07	***	Aorta vs Heart
G to D	Heart	Kidney	32	16	-2.5557584182036055	-1.9773891495032898	-2.6045018838942493	-1.9883118686344678	-0.5783692687003157	-0.6161900152597815	15.0	1.4417938015267842e-07	4.166651811751716e-07	***	Heart vs Kidney
T to N	Aorta	Heart	64	112	-0.6388804490896638	-1.6144584270685958	-0.6760035906907884	-1.198406733572394	0.975577977978932	0.5224031428816056	5283.0	1.7547045001603826e-07	5.024835614095642e-07	***	Aorta vs Heart
W to N	Aorta	Heart	48	496	-1.7197804329611426	-0.7865026401252486	-2.3125054964651506	-0.8829650871445479	-0.933277792835894	-1.4295404093206026	6551.0	2.641271841825498e-07	7.495501172748035e-07	***	Aorta vs Heart
A to S	Liver	Muscle	16	144	-1.3766096982255664	-2.341322699278287	-1.381297706019851	-2.3992489446125953	0.9647130010527207	1.0179512385927443	2048.0	3.518236806902228e-07	9.895041019412516e-07	***	Liver vs Muscle
E to D	Kidney	Skin	32	112	-0.7321700399591666	-1.8232697197305983	-0.6630539921802125	-2.1000284279009405	1.0910996797714316	1.436974435720728	2851.0	3.648570276958038e-07	1.0170793249927274e-06	***	Kidney vs Skin
A to T	Kidney	Skin	32	96	-0.7712877321902147	-1.403945267052422	-0.751593702445349	-1.1896647486517316	0.6326575348622072	0.4380710462063826	2459.0	3.8475476870035573e-07	1.0631381766720355e-06	***	Kidney vs Skin
T to N	Aorta	Kidney	64	96	-0.6388804490896638	-1.7499455334485123	-0.6760035906907884	-1.956212415169413	1.1110650843588485	1.2802088244786245	4517.0	4.87476912129488e-07	1.3352628462677281e-06	***	Aorta vs Kidney
V to P	Aorta	Heart	464	128	-inf	-2.885090307903545	-2.432440847238184	-2.9638044447067085	-inf	0.5313635974685242	38127.0	8.609782135507439e-07	2.3380011833490026e-06	***	Aorta vs Heart
A to V	Kidney	Skin	16	64	-3.8664783749550917	-2.8245688919772234	-3.8769198335389405	-3.0639360492298415	-1.0419094829778683	-0.812983784309099	110.0	1.3701767844541046e-06	3.6889374966072045e-06	***	Kidney vs Skin
T to D	Liver	Muscle	208	736	-2.270345111006809	-inf	-2.116820017899765	-1.9866208092244184	inf	-0.1301992086753465	59822.0	1.4652228728830335e-06	3.893173637848972e-06	***	Liver vs Muscle
H to D	Kidney	Muscle	32	112	-1.8332300855543675	-2.430318203837136	-1.855115502100755	-2.6192266602441645	0.5970881182827683	0.7641111581434095	2794.0	1.4903045721136231e-06	3.893173637848972e-06	***	Kidney vs Muscle
E to D	Brain	Liver	16	16	2.0186687601354087	0.05873007580980825	2.0161384016315402	0.06030790879759981	1.9599386843256006	1.9558304928339405	256.0	1.5449101737495922e-06	3.893173637848972e-06	***	Brain vs Liver
E to D	Brain	Muscle	16	16	2.0186687601354087	-1.284322484005642	2.0161384016315402	-1.30711732865362	3.302991244141051	3.32325573028516	256.0	1.5449101737495922e-06	3.893173637848972e-06	***	Brain vs Muscle
E to D	Liver	Muscle	16	16	0.05873007580980825	-1.284322484005642	0.06030790879759981	-1.30711732865362	1.3430525598154501	1.3674252374512197	256.0	1.5449101737495922e-06	3.893173637848972e-06	***	Liver vs Muscle
G to D	Kidney	Liver	16	16	-1.9773891495032898	-2.7515297314768907	-1.9883118686344678	-2.746981662382514	0.7741405819736009	0.7586697937480462	256.0	1.5449101737495922e-06	3.893173637848972e-06	***	Kidney vs Liver
A to V	Aorta	Brain	16	16	0.6632357639615118	-3.2325966382123505	0.6743193305069911	-3.27065275146723	3.8958324021738626	3.944972081974221	256.0	1.5449101737495922e-06	3.893173637848972e-06	***	Aorta vs Brain
A to V	Aorta	Kidney	16	16	0.6632357639615118	-3.8664783749550917	0.6743193305069911	-3.8769198335389405	4.529714138916604	4.551239164045931	256.0	1.5449101737495922e-06	3.893173637848972e-06	***	Aorta vs Kidney
W to D	Aorta	Kidney	288	672	-1.5620456147918127	-1.3815204241997858	-1.722636724034003	-1.402210999989914	-0.18052519059202687	-0.3204257240440891	77913.0	1.6744665543035118e-06	4.186166385758779e-06	***	Aorta vs Kidney
T to D	Brain	Skin	160	128	-inf	-2.586941306815117	-3.391178782979328	-2.651831876495732	-inf	-0.739346906483596	6941.0	2.6404578114577577e-06	6.549167012670816e-06	***	Brain vs Skin
T to N	Aorta	Brain	64	128	-0.6388804490896638	-0.9334587160468322	-0.6760035906907884	-1.1369638706115515	0.2945782669571684	0.46096027992076305	5726.0	7.148280243989709e-06	1.7591470912943424e-05	***	Aorta vs Brain
A to V	Kidney	Muscle	16	48	-3.8664783749550917	-3.4114033909142645	-3.8769198335389405	-3.4009030862075305	-0.45507498404082725	-0.4760167473314101	95.0	7.712883346494723e-06	1.8833784915859208e-05	***	Kidney vs Muscle
H to N	Aorta	Muscle	48	80	-2.9638877636298404	-2.486163279074017	-3.0335787418292766	-2.2744504593962644	-0.4777244845558233	-0.7591282824330121	1013.0	8.132137069217658e-06	1.970479366771971e-05	***	Aorta vs Muscle
T to N	Liver	Skin	32	64	-2.6904126111548705	-1.6312585305801046	-2.6992796181999554	-1.668023383360149	-1.059154080574766	-1.0312562348398064	454.0	9.589640255534688e-06	2.3059058629720813e-05	***	Liver vs Skin
E to D	Aorta	Muscle	48	16	-1.7089434293921542	-1.284322484005642	-1.6954881763012524	-1.30711732865362	-0.4246209453865122	-0.3883708476476324	100.0	1.1052777933199856e-05	2.6375947340590567e-05	***	Aorta vs Muscle
A to V	Brain	Kidney	16	16	-3.2325966382123505	-3.8664783749550917	-3.27065275146723	-3.8769198335389405	0.6338817367427412	0.6062670820717107	242.0	1.8884088849388114e-05	4.472547359065606e-05	***	Brain vs Kidney
A to S	Brain	Skin	32	96	-2.449825491483824	-1.6195500363701605	-2.4599140655443743	-1.9788936208432144	-0.8302754551136635	-0.4810204447011599	768.0	2.406303463592695e-05	5.656608888296261e-05	***	Brain vs Skin
E to T	Kidney	Skin	16	16	-3.2914618370321236	-3.427489060629349	-3.2969606400659908	-3.451097770458866	0.13602722359722552	0.15413713039287513	240.0	2.6419988442200464e-05	6.164663969846775e-05	***	Kidney vs Skin
E to T	Heart	Skin	96	16	-3.086213605874141	-3.427489060629349	-3.123968025683438	-3.451097770458866	0.34127545475520815	0.3271297447754278	1270.0	3.0471932054714564e-05	7.057837203849329e-05	***	Heart vs Skin
V to P	Brain	Kidney	80	64	-3.2235723565923506	-2.764975802380484	-3.088886269346305	-2.7854440550440653	-0.4585965542118666	-0.3034422143022395	1523.0	3.084080091966425e-05	7.091133058170978e-05	***	Brain vs Kidney
H to N	Heart	Muscle	144	80	-2.8080268397040635	-2.486163279074017	-3.0322063241972304	-2.2744504593962644	-0.3218635606300464	-0.7577558648009659	3844.0	3.764138348203885e-05	8.592054925247998e-05	***	Heart vs Muscle
T to N	Brain	Kidney	128	96	-0.9334587160468322	-1.7499455334485123	-1.1369638706115515	-1.956212415169413	0.8164868174016802	0.8192485445578614	8122.0	3.79215120307669e-05	8.593723949418398e-05	***	Brain vs Kidney
A to S	Aorta	Brain	176	32	-1.5236498053406506	-2.449825491483824	-1.6536117325095445	-2.4599140655443743	0.9261756861431734	0.8063023330348298	4101.0	4.108568496169828e-05	9.244279116382114e-05	***	Aorta vs Brain
A to S	Brain	Kidney	32	160	-2.449825491483824	-1.5731204171546571	-2.4599140655443743	-1.8671327522832502	-0.8767050743291669	-0.5927813132611242	1394.0	4.875293231061719e-05	0.00010891612537478309	***	Brain vs Kidney
V to P	Kidney	Liver	64	48	-2.764975802380484	-3.203404497722642	-2.7854440550440653	-3.1346773950871056	0.4384286953421581	0.3492333400430403	2226.0	5.036666393155957e-05	0.00011172886717212158	***	Kidney vs Liver
T to D	Aorta	Liver	448	208	-2.312966460358713	-2.270345111006809	-2.403180820213024	-2.116820017899765	-0.04262134935190387	-0.2863608023132591	37504.0	5.738996734778865e-05	0.00012641845954233165	***	Aorta vs Liver
T to D	Liver	Skin	208	128	-2.270345111006809	-2.586941306815117	-2.116820017899765	-2.651831876495732	0.3165961958083079	0.5350118585959671	16756.0	6.823803125889443e-05	0.00014927069337883158	***	Liver vs Skin
W to D	Liver	Skin	48	64	-3.0325094213483474	-2.7572687204861963	-3.0044714418370857	-2.6915164115031645	-0.27524070086215113	-0.31295503033392125	862.0	7.49978268992108e-05	0.00016292631360863036	***	Liver vs Skin
A to V	Brain	Liver	16	32	-3.2325966382123505	-1.6123947327752777	-3.27065275146723	-1.4777884680490745	-1.6202019054370729	-1.7928642834181554	78.0	0.00010359924387399556	0.00022351891657745618	***	Brain vs Liver
G to D	Aorta	Liver	32	16	-2.145915934337314	-2.7515297314768907	-1.9251872580556704	-2.746981662382514	0.6056137971395765	0.8217944043268437	433.0	0.00011332514622175755	0.0002424587511487041	***	Aorta vs Liver
A to V	Liver	Skin	32	64	-1.6123947327752777	-2.8245688919772234	-1.4777884680490745	-3.0639360492298415	1.2121741592019457	1.586147581180767	1521.0	0.00011391712752383558	0.0002424587511487041	***	Liver vs Skin
A to T	Kidney	Liver	32	48	-0.7712877321902147	-1.1154261143679707	-0.751593702445349	-1.100616422917592	0.34413838217775594	0.34902272047224314	1160.0	0.00012060499236929192	0.00025497028588138896	***	Kidney vs Liver
E to T	Heart	Kidney	96	16	-3.086213605874141	-3.2914618370321236	-3.123968025683438	-3.2969606400659908	0.20524823115798263	0.17299261438255265	1228.0	0.0001330811766184126	0.0002794704708986665	***	Heart vs Kidney
A to V	Muscle	Skin	48	64	-3.4114033909142645	-2.8245688919772234	-3.4009030862075305	-3.0639360492298415	-0.5868344989370411	-0.3369670369776889	887.0	0.00013736833788351502	0.00028656308896229954	***	Muscle vs Skin
A to V	Brain	Heart	16	64	-3.2325966382123505	-2.623541477139266	-3.27065275146723	-3.0495469006402818	-0.6090551610730843	-0.2211058508269481	196.0	0.00014771773651421125	0.0003061255723814246	***	Brain vs Heart
A to S	Heart	Liver	384	16	-1.7974725193734835	-1.3766096982255664	-1.899103714087661	-1.381297706019851	-0.42086282114791707	-0.51780600806781	1388.0	0.00020287990245266264	0.0004176939168143054	***	Heart vs Liver
T to N	Heart	Liver	112	32	-1.6144584270685958	-2.6904126111548705	-1.198406733572394	-2.6992796181999554	1.0759541840862747	1.5008728846275614	2560.0	0.00022594754488813886	0.0004621654327257386	***	Heart vs Liver
A to S	Brain	Heart	32	384	-2.449825491483824	-1.7974725193734835	-2.4599140655443743	-1.899103714087661	-0.6523529721103405	-0.5608103514567133	3787.0	0.0003107173795075274	0.0006314579002894913	***	Brain vs Heart
T to D	Heart	Kidney	784	656	-inf	-inf	-2.101029926200308	-1.986017829238064		-0.11501209696224413	228903.5	0.0003250348091740808	0.0006563202877553554	***	Heart vs Kidney
A to T	Brain	Liver	16	48	-1.5660044274607157	-1.1154261143679707	-1.7038667946642017	-1.100616422917592	-0.450578313092745	-0.6032503717466096	153.0	0.0003519038727030109	0.0007060491713468053	***	Brain vs Liver
G to D	Brain	Muscle	48	80	-2.759172301092528	-1.047818970063871	-2.1009230425094305	-2.073661861816529	-1.7113533310286573	-0.027261180692901732	1197.0	0.000376470719240914	0.000750558712410683	***	Brain vs Muscle
E to D	Aorta	Heart	48	48	-1.7089434293921542	-0.9698686641686601	-1.6954881763012524	-1.5141629050698675	-0.739074765223494	-0.18132527123138487	668.0	0.00039573924239208523	0.0007840117066258293	***	Aorta vs Heart
P to T	Brain	Liver	160	128	-1.402737570689833	-1.744805107052639	-1.521099053021751	-1.552935694434832	0.34206753636280585	0.03183664141308107	12646.0	0.000614415636739163	0.0012096307848302272	**	Brain vs Liver
V to P	Aorta	Kidney	464	64	-inf	-2.764975802380484	-2.432440847238184	-2.7854440550440653	-inf	0.3530032078058811	18731.0	0.0006904503559577035	0.0013508811312215939	**	Aorta vs Kidney
G to D	Brain	Skin	48	64	-2.759172301092528	-1.7165897738106284	-2.1009230425094305	-2.0106814563471826	-1.0425825272818998	-0.09024158616224787	960.0	0.0007152772330813746	0.001390816842102673	**	Brain vs Skin
V to P	Brain	Skin	80	160	-3.2235723565923506	-3.0174929812135667	-3.088886269346305	-3.010332173473242	-0.20607937537878396	-0.07855409587306283	4730.0	0.0009919985801150378	0.0019170524707744594	**	Brain vs Skin
H to N	Kidney	Muscle	48	80	-2.899317673903609	-2.486163279074017	-2.7862440130315393	-2.2744504593962644	-0.4131543948295917	-0.5117935536352749	1252.0	0.0010185635503052568	0.001956387306988755	**	Kidney vs Muscle
W to A	Heart	Muscle	304	64	-1.2362746244717218	-1.4955043542942692	-1.369833728023988	-1.523642807889777	0.25922972982254744	0.15380907986578896	12248.0	0.0011245589938009373	0.0021468853518017894	**	Heart vs Muscle
V to P	Kidney	Skin	64	160	-2.764975802380484	-3.0174929812135667	-2.7854440550440653	-3.010332173473242	0.25251717883308267	0.22488811842917666	6531.0	0.001286334994961078	0.0024409368880285516	**	Kidney vs Skin
E to D	Aorta	Kidney	48	32	-1.7089434293921542	-0.7321700399591666	-1.6954881763012524	-0.6630539921802125	-0.9767733894329875	-1.0324341841210398	442.0	0.001390036828968398	0.0026219257552397924	**	Aorta vs Kidney
V to P	Brain	Heart	80	128	-3.2235723565923506	-2.885090307903545	-3.088886269346305	-2.9638044447067085	-0.3384820486888058	-0.12508182463959638	3788.0	0.0016166330221632343	0.0030311869165560645	**	Brain vs Heart
V to P	Heart	Liver	128	48	-2.885090307903545	-3.203404497722642	-2.9638044447067085	-3.1346773950871056	0.3183141898190973	0.17087295038039718	4018.0	0.0016848855734742341	0.003140467193162034	**	Heart vs Liver
W to N	Kidney	Muscle	16	64	-2.50406004618038	-1.853252931837061	-2.509933880113272	-1.9698794076040431	-0.650807114343319	-0.5400544725092287	257.0	0.0022048180017724154	0.004085398062107711	**	Kidney vs Muscle
A to S	Aorta	Liver	176	16	-1.5236498053406506	-1.3766096982255664	-1.6536117325095445	-1.381297706019851	-0.1470401071150842	-0.2723140264896935	768.0	0.002656309037304007	0.004893200858191592	**	Aorta vs Liver
T to D	Aorta	Skin	448	128	-2.312966460358713	-2.586941306815117	-2.403180820213024	-2.651831876495732	0.273974846456404	0.248651056282708	33634.0	0.0028086564780479516	0.005143760410378517	**	Aorta vs Skin
G to D	Heart	Liver	32	16	-2.5557584182036055	-2.7515297314768907	-2.6045018838942493	-2.746981662382514	0.19577131327328523	0.14247977848826476	391.0	0.003265480345047646	0.005945816813237043	**	Heart vs Liver
A to T	Brain	Heart	16	16	-1.5660044274607157	-1.2338056243041136	-1.7038667946642017	-1.1677965888231665	-0.3321988031566021	-0.5360702058410352	50.0	0.0034903174961116224	0.006318678225719316	**	Brain vs Heart
A to V	Heart	Liver	64	32	-2.623541477139266	-1.6123947327752777	-3.0495469006402818	-1.4777884680490745	-1.0111467443639885	-1.5717584325912073	650.0	0.0036973800483657824	0.006655284087058408	**	Heart vs Liver
A to V	Brain	Muscle	16	48	-3.2325966382123505	-3.4114033909142645	-3.27065275146723	-3.4009030862075305	0.17880675270191393	0.13025033474030057	571.0	0.0038333469345294825	0.00686081979759538	**	Brain vs Muscle
T to N	Liver	Muscle	32	64	-2.6904126111548705	-inf	-2.6992796181999554	-3.0801417943977634	inf	0.38086217619780793	1387.0	0.004776199786482623	0.00850001656916399	**	Liver vs Muscle
E to D	Muscle	Skin	16	112	-1.284322484005642	-1.8232697197305983	-1.30711732865362	-2.1000284279009405	0.5389472357249563	0.7929110992473205	1282.0	0.00547819879818691	0.009694565288926274	**	Muscle vs Skin
G to D	Aorta	Heart	32	32	-2.145915934337314	-2.5557584182036055	-1.9251872580556704	-2.6045018838942493	0.4098424838662913	0.6793146258385789	718.0	0.005792885512565054	0.010194184002558615	*	Aorta vs Heart
V to P	Liver	Skin	48	160	-3.203404497722642	-3.0174929812135667	-3.1346773950871056	-3.010332173473242	-0.18591151650907545	-0.12434522161386363	2838.0	0.00617496627837243	0.010806190987151753	*	Liver vs Skin
A to S	Kidney	Liver	160	16	-1.5731204171546571	-1.3766096982255664	-1.8671327522832502	-1.381297706019851	-0.19651071892909067	-0.48583504626339913	748.0	0.006234454584682029	0.010850017647374803	*	Kidney vs Liver
T to D	Heart	Muscle	784	736	-inf	-inf	-2.101029926200308	-1.9866208092244184		-0.11440911697588962	265322.0	0.006696558975811748	0.011590198227366488	*	Heart vs Muscle
A to T	Aorta	Liver	48	48	-2.1199258345511303	-1.1154261143679707	-1.359588084237156	-1.100616422917592	-1.0044997201831596	-0.25897166131956384	785.0	0.007240483844255685	0.012463127928636833	*	Aorta vs Liver
E to T	Muscle	Skin	96	16	-3.2219907744510743	-3.427489060629349	-3.202980143924978	-3.451097770458866	0.2054982861782748	0.24811762653388802	1090.0	0.007512411108972924	0.012860921191991689	*	Muscle vs Skin
G to D	Aorta	Muscle	32	80	-2.145915934337314	-1.047818970063871	-1.9251872580556704	-2.073661861816529	-1.0980969642734433	0.14847460376085841	865.0	0.007592808960145656	0.012928296337545307	*	Aorta vs Muscle
T to N	Kidney	Liver	96	32	-1.7499455334485123	-2.6904126111548705	-1.956212415169413	-2.6992796181999554	0.9404670777063582	0.7430672030305425	2021.0	0.007673334812307819	0.012995163795037434	*	Kidney vs Liver
E to D	Aorta	Skin	48	112	-1.7089434293921542	-1.8232697197305983	-1.6954881763012524	-2.1000284279009405	0.1143262903384441	0.4045402515996881	3379.0	0.010138858091205932	0.017078825126897693	*	Aorta vs Skin
G to D	Brain	Kidney	48	16	-2.759172301092528	-1.9773891495032898	-2.1009230425094305	-1.9883118686344678	-0.7817831515892384	-0.11261117387496267	220.0	0.011246020254083717	0.018843065851257293	*	Brain vs Kidney
V to P	Heart	Muscle	128	288	-2.885090307903545	-inf	-2.9638044447067085	-2.7208174132312806	inf	-0.24298703147542788	15593.0	0.012145093365828087	0.020241822276380148	*	Heart vs Muscle
T to D	Heart	Liver	784	208	-inf	-2.270345111006809	-2.101029926200308	-2.116820017899765	-inf	0.015790091699456887	90708.0	0.0125353342200742	0.020692341786120266	*	Heart vs Liver
T to N	Brain	Heart	128	112	-0.9334587160468322	-1.6144584270685958	-1.1369638706115515	-1.198406733572394	0.6809997110217636	0.06144286296084256	8508.0	0.012546785019520541	0.020692341786120266	*	Brain vs Heart
E to T	Heart	Muscle	96	96	-3.086213605874141	-3.2219907744510743	-3.123968025683438	-3.202980143924978	0.13577716857693334	0.07901211824153975	5561.0	0.013359686239274601	0.02191823523630989	*	Heart vs Muscle
G to D	Aorta	Brain	32	48	-2.145915934337314	-2.759172301092528	-1.9251872580556704	-2.1009230425094305	0.613256366755214	0.17573578445376015	1015.0	0.015483897478089736	0.0252716461429962	*	Aorta vs Brain
A to T	Aorta	Skin	48	96	-2.1199258345511303	-1.403945267052422	-1.359588084237156	-1.1896647486517316	-0.7159805674987083	-0.16992333558542438	1736.0	0.016172178602686837	0.02625894979302244	*	Aorta vs Skin
E to D	Heart	Liver	48	16	-0.9698686641686601	0.05873007580980825	-1.5141629050698675	0.06030790879759981	-1.0285987399784684	-1.5744708138674672	251.0	0.03994421843774589	0.06452527593789721	ns	Heart vs Liver
W to N	Aorta	Kidney	48	16	-1.7197804329611426	-2.50406004618038	-2.3125054964651506	-2.509933880113272	0.7842796132192373	0.1974283836481212	515.0	0.043040515685355475	0.06917225735146415	ns	Aorta vs Kidney
A to T	Brain	Skin	16	96	-1.5660044274607157	-1.403945267052422	-1.7038667946642017	-1.1896647486517316	-0.1620591604082937	-0.5142020460124701	532.0	0.050212018578875986	0.08028825305759359	ns	Brain vs Skin
A to V	Heart	Skin	64	64	-2.623541477139266	-2.8245688919772234	-3.0495469006402818	-3.0639360492298415	0.20102741483795716	0.014389148589559753	2453.0	0.053895284707083796	0.08574249839763332	ns	Heart vs Skin
V to P	Heart	Skin	128	160	-2.885090307903545	-3.0174929812135667	-2.9638044447067085	-3.010332173473242	0.13240267331002187	0.04652772876653355	11546.0	0.06304278611742334	0.09979134485923795	ns	Heart vs Skin
P to T	Heart	Muscle	288	320	0.10882998064509522	0.30967994057095016	0.21681443889873908	0.2195690271506754	-0.20084995992585494	-0.0027545882519363074	42179.0	0.07130003060661612	0.1122975482054204	ns	Heart vs Muscle
A to S	Muscle	Skin	144	96	-2.341322699278287	-1.6195500363701605	-2.3992489446125953	-1.9788936208432144	-0.7217726629081267	-0.4203553237693809	5977.0	0.07613686521618859	0.11931896787611646	ns	Muscle vs Skin
G to D	Aorta	Skin	32	64	-2.145915934337314	-1.7165897738106284	-1.9251872580556704	-2.0106814563471826	-0.4293261605266858	0.08549419829151228	811.0	0.09862089886615577	0.15314774142636214	ns	Aorta vs Skin
G to D	Brain	Liver	48	16	-2.759172301092528	-2.7515297314768907	-2.1009230425094305	-2.746981662382514	-0.007642569615637473	0.6460586198730836	491.0	0.09869521114143338	0.15314774142636214	ns	Brain vs Liver
E to D	Heart	Muscle	48	16	-0.9698686641686601	-1.284322484005642	-1.5141629050698675	-1.30711732865362	0.31445381983698184	-0.20704557641624755	278.0	0.1019007013088503	0.1573466711386659	ns	Heart vs Muscle
A to S	Liver	Skin	16	96	-1.3766096982255664	-1.6195500363701605	-1.381297706019851	-1.9788936208432144	0.24294033814459404	0.5975959148233634	953.0	0.12500636187615902	0.19208294629751263	ns	Liver vs Skin
G to D	Brain	Heart	48	32	-2.759172301092528	-2.5557584182036055	-2.1009230425094305	-2.6045018838942493	-0.2034138828889227	0.5035788413848188	923.0	0.12918255445406374	0.19753643035451493	ns	Brain vs Heart
A to V	Brain	Skin	16	64	-3.2325966382123505	-2.8245688919772234	-3.27065275146723	-3.0639360492298415	-0.40802774623512716	-0.20671670223738836	396.0	0.16475702035665596	0.2498173000154554	ns	Brain vs Skin
H to N	Aorta	Kidney	48	48	-2.9638877636298404	-2.899317673903609	-3.0335787418292766	-2.7862440130315393	-0.06457008972623157	-0.2473347287977372	962.0	0.16495872508957055	0.2498173000154554	ns	Aorta vs Kidney
A to T	Liver	Skin	48	96	-1.1154261143679707	-1.403945267052422	-1.100616422917592	-1.1896647486517316	0.2885191526844513	0.08904832573413946	2621.0	0.17982489761893605	0.27102795574145866	ns	Liver vs Skin
T to N	Heart	Skin	112	64	-1.6144584270685958	-1.6312585305801046	-1.198406733572394	-1.668023383360149	0.016800103511508846	0.46961664978775497	3982.0	0.221525777701301	0.3322886665519515	ns	Heart vs Skin
A to T	Aorta	Heart	48	16	-2.1199258345511303	-1.2338056243041136	-1.359588084237156	-1.1677965888231665	-0.8861202102470167	-0.19179149541398943	309.0	0.24806034303587254	0.3703270523995254	ns	Aorta vs Heart
A to S	Kidney	Skin	160	96	-1.5731204171546571	-1.6195500363701605	-1.8671327522832502	-1.9788936208432144	0.04642961921550337	0.11176086855996425	8305.0	0.27622795501931807	0.41043304637304334	ns	Kidney vs Skin
T to N	Kidney	Skin	96	64	-1.7499455334485123	-1.6312585305801046	-1.956212415169413	-1.668023383360149	-0.11868700286840772	-0.2881890318092639	2764.0	0.2841608574712928	0.4202378878096584	ns	Kidney vs Skin
A to S	Aorta	Skin	176	96	-1.5236498053406506	-1.6195500363701605	-1.6536117325095445	-1.9788936208432144	0.09590023102950984	0.3252818883336699	9087.0	0.30307566303401756	0.4461160460547455	ns	Aorta vs Skin
A to T	Heart	Liver	16	48	-1.2338056243041136	-1.1154261143679707	-1.1677965888231665	-1.100616422917592	-0.11837950993614288	-0.06718016590557441	319.0	0.3172959667899583	0.4648754862271482	ns	Heart vs Liver
A to S	Heart	Skin	384	96	-1.7974725193734835	-1.6195500363701605	-1.899103714087661	-1.9788936208432144	-0.17792248300332303	0.07978990675555342	19606.0	0.33435267557007475	0.4875976518730257	ns	Heart vs Skin
E to T	Kidney	Muscle	16	96	-3.2914618370321236	-3.2219907744510743	-3.2969606400659908	-3.202980143924978	-0.06947106258104929	-0.09398049614101289	653.0	0.34106993200115465	0.4951015141952245	ns	Kidney vs Muscle
T to N	Heart	Kidney	112	96	-1.6144584270685958	-1.7499455334485123	-1.198406733572394	-1.956212415169413	0.13548710637991657	0.7578056815970189	5702.0	0.45194067050440967	0.6530335376554544	ns	Heart vs Kidney
A to T	Aorta	Brain	48	16	-2.1199258345511303	-1.5660044274607157	-1.359588084237156	-1.7038667946642017	-0.5539214070904146	0.3442787104270457	432.0	0.46145309138196366	0.6637338985630985	ns	Aorta vs Brain
V to P	Kidney	Muscle	64	288	-2.764975802380484	-inf	-2.7854440550440653	-2.7208174132312806	inf	-0.06462664181278477	8692.0	0.4771206305765564	0.6831499937800695	ns	Kidney vs Muscle
H to D	Heart	Muscle	288	112	-2.426321497812841	-2.430318203837136	-2.483583783071391	-2.6192266602441645	0.003996706024294916	0.13564287717277335	16756.0	0.5455754639034196	0.7776301861066841	ns	Heart vs Muscle
E to D	Heart	Kidney	48	32	-0.9698686641686601	-0.7321700399591666	-1.5141629050698675	-0.6630539921802125	-0.2376986242094935	-0.851108912889655	708.0	0.5589880963107198	0.793158785305751	ns	Heart vs Kidney
T to D	Kidney	Muscle	656	736	-inf	-inf	-1.986017829238064	-1.9866208092244184		0.0006029799863545016	245087.0	0.6231756894663012	0.8802705927438783	ns	Kidney vs Muscle
H to N	Heart	Kidney	144	48	-2.8080268397040635	-2.899317673903609	-3.0322063241972304	-2.7862440130315393	0.09129083419954531	-0.245962311165691	3297.0	0.6345173452643316	0.8922900167779663	ns	Heart vs Kidney
G to D	Kidney	Muscle	16	80	-1.9773891495032898	-1.047818970063871	-1.9883118686344678	-2.073661861816529	-0.9295701794394189	0.08534999318206093	684.0	0.6689055619818107	0.936467786774535	ns	Kidney vs Muscle
W to N	Aorta	Muscle	48	64	-1.7197804329611426	-1.853252931837061	-2.3125054964651506	-1.9698794076040431	0.1334724988759184	-0.34262608886110746	1603.0	0.6958067630589582	0.9698191609007603	ns	Aorta vs Muscle
A to T	Heart	Skin	16	96	-1.2338056243041136	-1.403945267052422	-1.1677965888231665	-1.1896647486517316	0.1701396427483084	0.021868159828565048	725.0	0.723801895918043	1.0	ns	Heart vs Skin
G to D	Kidney	Skin	16	64	-1.9773891495032898	-1.7165897738106284	-1.9883118686344678	-2.0106814563471826	-0.26079937569266143	0.0223695877127148	541.0	0.7317476301501342	1.0	ns	Kidney vs Skin
A to S	Aorta	Kidney	176	160	-1.5236498053406506	-1.5731204171546571	-1.6536117325095445	-1.8671327522832502	0.04947061181400647	0.21352101977370563	13781.0	0.737124887238165	1.0	ns	Aorta vs Kidney
V to P	Heart	Kidney	128	64	-2.885090307903545	-2.764975802380484	-2.9638044447067085	-2.7854440550440653	-0.1201145055230608	-0.17836038966264312	3975.0	0.7399089077392549	1.0	ns	Heart vs Kidney
A to S	Aorta	Heart	176	384	-1.5236498053406506	-1.7974725193734835	-1.6536117325095445	-1.899103714087661	0.27382271403283287	0.24549198157811647	34311.0	0.7705162260024001	1.0	ns	Aorta vs Heart
A to S	Brain	Muscle	32	144	-2.449825491483824	-2.341322699278287	-2.4599140655443743	-2.3992489446125953	-0.10850279220553682	-0.060665120931779004	2230.0	0.778000270568868	1.0	ns	Brain vs Muscle
H to N	Aorta	Heart	48	144	-2.9638877636298404	-2.8080268397040635	-3.0335787418292766	-3.0322063241972304	-0.15586092392577688	-0.0013724176320462078	3363.0	0.7814507261971231	1.0	ns	Aorta vs Heart
E to D	Kidney	Liver	32	16	-0.7321700399591666	0.05873007580980825	-0.6630539921802125	0.06030790879759981	-0.7909001157689749	-0.7233619009778124	243.0	0.784560701117637	1.0	ns	Kidney vs Liver
E to D	Kidney	Muscle	32	16	-0.7321700399591666	-1.284322484005642	-0.6630539921802125	-1.30711732865362	0.5521524440464753	0.6440633364734074	266.0	0.8354091676063505	1.0	ns	Kidney vs Muscle
G to D	Muscle	Skin	80	64	-1.047818970063871	-1.7165897738106284	-2.073661861816529	-2.0106814563471826	0.6687708037467575	-0.06298040546934613	2511.0	0.8454004104001016	1.0	ns	Muscle vs Skin
A to S	Heart	Kidney	384	160	-1.7974725193734835	-1.5731204171546571	-1.899103714087661	-1.8671327522832502	-0.2243521022188264	-0.031970961804410836	30400.0	0.8483172472614013	1.0	ns	Heart vs Kidney
V to P	Brain	Liver	80	48	-3.2235723565923506	-3.203404497722642	-3.088886269346305	-3.1346773950871056	-0.02016785886970851	0.0457911257408008	1896.0	0.907918878530288	1.0	ns	Brain vs Liver
G to D	Aorta	Kidney	32	16	-2.145915934337314	-1.9773891495032898	-1.9251872580556704	-1.9883118686344678	-0.1685267848340244	0.06312461057879748	253.0	0.9563965020805479	1.0	ns	Aorta vs Kidney
W to N	Aorta	Brain	48	0	-1.7197804329611426		-2.3125054964651506						1.0	ns	Aorta vs Brain
W to N	Aorta	Liver	48	0	-1.7197804329611426		-2.3125054964651506						1.0	ns	Aorta vs Liver
W to N	Aorta	Skin	48	0	-1.7197804329611426		-2.3125054964651506						1.0	ns	Aorta vs Skin
W to N	Brain	Heart	0	496		-0.7865026401252486		-0.8829650871445479					1.0	ns	Brain vs Heart
W to N	Brain	Kidney	0	16		-2.50406004618038		-2.509933880113272					1.0	ns	Brain vs Kidney
W to N	Brain	Liver	0	0									1.0	ns	Brain vs Liver
W to N	Brain	Muscle	0	64		-1.853252931837061		-1.9698794076040431					1.0	ns	Brain vs Muscle
W to N	Brain	Skin	0	0									1.0	ns	Brain vs Skin
W to N	Heart	Liver	496	0	-0.7865026401252486		-0.8829650871445479						1.0	ns	Heart vs Liver
W to N	Heart	Skin	496	0	-0.7865026401252486		-0.8829650871445479						1.0	ns	Heart vs Skin
W to N	Kidney	Liver	16	0	-2.50406004618038		-2.509933880113272						1.0	ns	Kidney vs Liver
W to N	Kidney	Skin	16	0	-2.50406004618038		-2.509933880113272						1.0	ns	Kidney vs Skin
W to N	Liver	Muscle	0	64		-1.853252931837061		-1.9698794076040431					1.0	ns	Liver vs Muscle
W to N	Liver	Skin	0	0									1.0	ns	Liver vs Skin
W to N	Muscle	Skin	64	0	-1.853252931837061		-1.9698794076040431						1.0	ns	Muscle vs Skin
W to A	Aorta	Kidney	64	0	-2.051278314483403		-2.339776212129112						1.0	ns	Aorta vs Kidney
W to A	Aorta	Liver	64	0	-2.051278314483403		-2.339776212129112						1.0	ns	Aorta vs Liver
W to A	Brain	Kidney	32	0	-2.581554641191883		-2.5728637125708227						1.0	ns	Brain vs Kidney
W to A	Brain	Liver	32	0	-2.581554641191883		-2.5728637125708227						1.0	ns	Brain vs Liver
W to A	Heart	Kidney	304	0	-1.2362746244717218		-1.369833728023988						1.0	ns	Heart vs Kidney
W to A	Heart	Liver	304	0	-1.2362746244717218		-1.369833728023988						1.0	ns	Heart vs Liver
W to A	Kidney	Liver	0	0									1.0	ns	Kidney vs Liver
W to A	Kidney	Muscle	0	64		-1.4955043542942692		-1.523642807889777					1.0	ns	Kidney vs Muscle
W to A	Kidney	Skin	0	16		-3.45454232012277		-3.452306971230587					1.0	ns	Kidney vs Skin
W to A	Liver	Muscle	0	64		-1.4955043542942692		-1.523642807889777					1.0	ns	Liver vs Muscle
W to A	Liver	Skin	0	16		-3.45454232012277		-3.452306971230587					1.0	ns	Liver vs Skin
H to D	Aorta	Brain	0	0									1.0	ns	Aorta vs Brain
H to D	Aorta	Heart	0	288		-2.426321497812841		-2.483583783071391					1.0	ns	Aorta vs Heart
H to D	Aorta	Kidney	0	32		-1.8332300855543675		-1.855115502100755					1.0	ns	Aorta vs Kidney
H to D	Aorta	Liver	0	0									1.0	ns	Aorta vs Liver
H to D	Aorta	Muscle	0	112		-2.430318203837136		-2.6192266602441645					1.0	ns	Aorta vs Muscle
H to D	Aorta	Skin	0	0									1.0	ns	Aorta vs Skin
H to D	Brain	Heart	0	288		-2.426321497812841		-2.483583783071391					1.0	ns	Brain vs Heart
H to D	Brain	Kidney	0	32		-1.8332300855543675		-1.855115502100755					1.0	ns	Brain vs Kidney
H to D	Brain	Liver	0	0									1.0	ns	Brain vs Liver
H to D	Brain	Muscle	0	112		-2.430318203837136		-2.6192266602441645					1.0	ns	Brain vs Muscle
H to D	Brain	Skin	0	0									1.0	ns	Brain vs Skin
H to D	Heart	Liver	288	0	-2.426321497812841		-2.483583783071391						1.0	ns	Heart vs Liver
H to D	Heart	Skin	288	0	-2.426321497812841		-2.483583783071391						1.0	ns	Heart vs Skin
H to D	Kidney	Liver	32	0	-1.8332300855543675		-1.855115502100755						1.0	ns	Kidney vs Liver
H to D	Kidney	Skin	32	0	-1.8332300855543675		-1.855115502100755						1.0	ns	Kidney vs Skin
H to D	Liver	Muscle	0	112		-2.430318203837136		-2.6192266602441645					1.0	ns	Liver vs Muscle
H to D	Liver	Skin	0	0									1.0	ns	Liver vs Skin
H to D	Muscle	Skin	112	0	-2.430318203837136		-2.6192266602441645						1.0	ns	Muscle vs Skin
H to N	Aorta	Brain	48	0	-2.9638877636298404		-3.0335787418292766						1.0	ns	Aorta vs Brain
H to N	Aorta	Liver	48	0	-2.9638877636298404		-3.0335787418292766						1.0	ns	Aorta vs Liver
H to N	Brain	Heart	0	144		-2.8080268397040635		-3.0322063241972304					1.0	ns	Brain vs Heart
H to N	Brain	Kidney	0	48		-2.899317673903609		-2.7862440130315393					1.0	ns	Brain vs Kidney
H to N	Brain	Liver	0	0									1.0	ns	Brain vs Liver
H to N	Brain	Muscle	0	80		-2.486163279074017		-2.2744504593962644					1.0	ns	Brain vs Muscle
H to N	Brain	Skin	0	16		-3.769337175375754		-3.76843322370768					1.0	ns	Brain vs Skin
H to N	Heart	Liver	144	0	-2.8080268397040635		-3.0322063241972304						1.0	ns	Heart vs Liver
H to N	Kidney	Liver	48	0	-2.899317673903609		-2.7862440130315393						1.0	ns	Kidney vs Liver
H to N	Liver	Muscle	0	80		-2.486163279074017		-2.2744504593962644					1.0	ns	Liver vs Muscle
H to N	Liver	Skin	0	16		-3.769337175375754		-3.76843322370768					1.0	ns	Liver vs Skin
A to T	Aorta	Muscle	48	0	-2.1199258345511303		-1.359588084237156						1.0	ns	Aorta vs Muscle
A to T	Brain	Muscle	16	0	-1.5660044274607157		-1.7038667946642017						1.0	ns	Brain vs Muscle
A to T	Heart	Muscle	16	0	-1.2338056243041136		-1.1677965888231665						1.0	ns	Heart vs Muscle
A to T	Kidney	Muscle	32	0	-0.7712877321902147		-0.751593702445349						1.0	ns	Kidney vs Muscle
A to T	Liver	Muscle	48	0	-1.1154261143679707		-1.100616422917592						1.0	ns	Liver vs Muscle
A to T	Muscle	Skin	0	96		-1.403945267052422		-1.1896647486517316					1.0	ns	Muscle vs Skin
E to T	Aorta	Brain	0	0									1.0	ns	Aorta vs Brain
E to T	Aorta	Heart	0	96		-3.086213605874141		-3.123968025683438					1.0	ns	Aorta vs Heart
E to T	Aorta	Kidney	0	16		-3.2914618370321236		-3.2969606400659908					1.0	ns	Aorta vs Kidney
E to T	Aorta	Liver	0	0									1.0	ns	Aorta vs Liver
E to T	Aorta	Muscle	0	96		-3.2219907744510743		-3.202980143924978					1.0	ns	Aorta vs Muscle
E to T	Aorta	Skin	0	16		-3.427489060629349		-3.451097770458866					1.0	ns	Aorta vs Skin
E to T	Brain	Heart	0	96		-3.086213605874141		-3.123968025683438					1.0	ns	Brain vs Heart
E to T	Brain	Kidney	0	16		-3.2914618370321236		-3.2969606400659908					1.0	ns	Brain vs Kidney
E to T	Brain	Liver	0	0									1.0	ns	Brain vs Liver
E to T	Brain	Muscle	0	96		-3.2219907744510743		-3.202980143924978					1.0	ns	Brain vs Muscle
E to T	Brain	Skin	0	16		-3.427489060629349		-3.451097770458866					1.0	ns	Brain vs Skin
E to T	Heart	Liver	96	0	-3.086213605874141		-3.123968025683438						1.0	ns	Heart vs Liver
E to T	Kidney	Liver	16	0	-3.2914618370321236		-3.2969606400659908						1.0	ns	Kidney vs Liver
E to T	Liver	Muscle	0	96		-3.2219907744510743		-3.202980143924978					1.0	ns	Liver vs Muscle
E to T	Liver	Skin	0	16		-3.427489060629349		-3.451097770458866					1.0	ns	Liver vs Skin
