Age	aa_sub	Kruskal_statistic	pval	n_observations	FDR
t06mo	P to T	352.49986586390514	4.485208931652532e-73	836	1.524971036761861e-71
t06mo	V to P	59.846065020065794	4.8370457151406295e-11	308	4.111488857869535e-10
t06mo	T to D	64.40944638052734	5.694162803336162e-12	780	6.453384510447649e-11
t06mo	W to D	292.7275046884438	2.95665976856635e-60	748	5.026321606562796e-59
t06mo	A to S	22.6819500291831	0.0009103079591730296	252	0.0018206159183460592
t06mo	W to A	46.55312907785992	1.8893120360982874e-09	120	1.0706101537890294e-08
t06mo	T to N	53.4776059271292	9.401451670740265e-10	140	6.39298713610338e-09
t06mo	S to G	26.034595959595947	0.0002193626333006625	44	0.0005327378237301803
t06mo	E to D	28.68297455968687	6.984212768719187e-05	72	0.00021587566739677486
t06mo	A to T	10.294350961538498	0.06731183029658469	64	0.07891731827875446
t06mo	P to Q	27.13471817298347	1.2816540515183497e-06	48	4.841804194624876e-06
t06mo	H to N	15.977927170868327	0.0030489255507647876	84	0.0049363556536191795
t06mo	W to N	32.52814908620587	4.0500073531878594e-07	156	1.9671464286912463e-06
t06mo	T to S	9.81219512195122	0.08073490329544174	40	0.0914995570681673
t06mo	V to N			8	
t06mo	V to T	29.270579268292693	1.964592423450032e-06	40	6.6796142397301086e-06
t06mo	G to D	20.068997336377436	0.0026921549520737176	72	0.004576663418525319
t06mo	T to A	15.077327327327325	0.0045434931441217085	36	0.0070217621318244584
t06mo	V to L	13.205279390420884	0.03988947380576122	52	0.05216315805368776
t06mo	G to A	9.345443349753694	0.09605384701928738	28	0.10534938060179906
t06mo	L to S	17.371428571428567	0.0005926943202323075	20	0.0013434404591932305
t06mo	G to S	8.071736453201964	0.017670331599206935	28	0.02582389093000739
t06mo	L to T	12.705882352941181	0.001741617192416997	16	0.0031165781337988367
t06mo	H to D	7.5822047473423595	0.022570706778913905	108	0.03069616121932291
t06mo	E to T	7.807487468671667	0.05016250648700261	56	0.06091161501993174
t06mo	A to V	38.68725961538465	8.242203043334027e-07	64	3.5029362934169615e-06
t06mo	A to L	25.187181122448976	0.00012820334778464835	48	0.0003632428187231703
t06mo	Y to D	0.0	1.0	20	1.0
t06mo	V to E	0.5517241379310462	0.4576140668763099	28	0.4862149460560793
t06mo	G to L			4	
t06mo	S to N	24.086719883889685	0.00020893815225043688	52	0.0005327378237301803
t06mo	A to D	8.009523809523813	0.018228628891769922	20	0.02582389093000739
t06mo	M to L	17.75575757575757	0.0013773677941484545	44	0.0026016947222804137
t06mo	E to N			4	
t06mo	V to Y			4	
t06mo	D to S	7.9316502463054235	0.04744561257764723	28	0.05974632694962984
t06mo	A to E	16.800675675675677	0.0007766805440491352	36	0.0016504461561044125
t06mo	M to N	0.0	1.0	12	1.0
t15mo	P to T	355.1387232148536	1.2167563312931785e-73	836	4.136971526396807e-72
t15mo	V to P	54.11731835678158	6.98600265556304e-10	308	5.812497811426498e-09
t15mo	T to D	64.2791742699233	6.053605516969051e-12	780	6.860752919231591e-11
t15mo	W to D	293.24300697339277	2.292869242875552e-60	748	3.8978777128884385e-59
t15mo	A to S	21.57677166926169	0.0014442961214957278	252	0.002726024341659452
t15mo	W to A	47.87239560678552	1.0033942559146465e-09	120	5.812497811426498e-09
t15mo	T to N	53.28979886969503	1.0257349078987938e-09	140	5.812497811426498e-09
t15mo	S to G	23.431565656565652	0.0006641008778369008	44	0.0014112143654034142
t15mo	E to D	30.01183681235051	3.910529356390522e-05	72	0.0001208709073793434
t15mo	A to T	17.680769230769215	0.0033742824756638617	64	0.004988069746633535
t15mo	P to Q	26.897473275024282	1.4430716332509019e-06	48	6.133054441316333e-06
t15mo	H to N	16.2854901960784	0.0026590551695292127	84	0.004109448898363329
t15mo	W to N	33.164745038537944	2.9729932100860895e-07	156	1.4440252734703864e-06
t15mo	T to S	8.671341463414649	0.12291343306051988	40	0.13480828142121537
t15mo	V to N			8	
t15mo	V to T	29.61128048780489	1.665894947390821e-06	40	6.293380912365324e-06
t15mo	G to D	21.448506468797547	0.0015233665438685175	72	0.002726024341659452
t15mo	T to A	16.34121621621621	0.0025938694835827367	36	0.004109448898363329
t15mo	V to L	12.713261973875177	0.04782220596518036	52	0.05806982152914758
t15mo	G to A	10.019704433497537	0.07467885113434804	28	0.08463603128559445
t15mo	L to S	17.371428571428567	0.0005926943202323075	20	0.0013434404591932305
t15mo	G to S	10.80665024630541	0.004501587695759773	28	0.006377249235659678
t15mo	L to T	12.705882352941181	0.001741617192416997	16	0.002960749227108895
t15mo	H to D	7.535623270715007	0.02310256484521781	108	0.029092118693977986
t15mo	E to T	6.986685463659143	0.07232336502642184	56	0.08463603128559445
t15mo	A to V	32.93713942307696	1.0781933121490013e-05	64	3.665857261306604e-05
t15mo	A to L	23.868303571428555	0.0002301360336126462	48	0.0005589017959164265
t15mo	Y to D	0.0	1.0	20	1.0
t15mo	V to E	0.5517241379310462	0.4576140668763099	28	0.4862149460560793
t15mo	G to L			4	
t15mo	S to N	26.82438316400578	6.17142045589348e-05	52	0.00016140638115413718
t15mo	A to D	9.75238095238096	0.007626010229189891	20	0.010371373911698251
t15mo	M to L	18.681060606060612	0.0009078248007419031	44	0.0018156496014838062
t15mo	E to N			4	
t15mo	V to Y			4	
t15mo	D to S	10.216748768472911	0.016810759521916612	28	0.02198330091327557
t15mo	A to E	22.43243243243242	5.302040621772792e-05	36	0.00015022448428356243
t15mo	M to N	0.0	1.0	12	1.0
t24mo	P to T	354.072401815115	2.061366391549927e-73	836	7.008645731269751e-72
t24mo	V to P	65.59635591231697	3.25888397873407e-12	308	2.7700513819239595e-11
t24mo	T to D	70.04762715126841	3.9979277208098695e-13	780	4.530984750251185e-12
t24mo	W to D	287.4039034996872	4.082957312135698e-59	748	6.941027430630687e-58
t24mo	A to S	22.69918986828577	0.0009037478620897311	252	0.0018074957241794622
t24mo	W to A	47.02321117877335	1.5080342031720847e-09	120	1.0254632581570176e-08
t24mo	T to N	45.76714639759251	3.2939706643186926e-08	140	1.866583376447259e-07
t24mo	S to G	22.85277777777776	0.0008473165477264589	44	0.0018005476639187251
t24mo	E to D	31.910564796694928	1.6974501206287584e-05	72	5.771330410137778e-05
t24mo	A to T	11.948197115384602	0.035504535692147995	64	0.04470941531603822
t24mo	P to Q	26.336096938775484	1.9106855198402163e-06	48	7.39719410817433e-06
t24mo	H to N	16.76634920634922	0.002145770779083388	84	0.0034741050708969137
t24mo	W to N	31.32466427483888	7.26228077087983e-07	156	3.527393517284489e-06
t24mo	T to S	6.3256097560975775	0.27581229063176366	40	0.30250380262838594
t24mo	V to N			8	
t24mo	V to T	29.277439024390247	1.9580807933402638e-06	40	7.39719410817433e-06
t24mo	G to D	20.698316210045647	0.00207813511468054	72	0.0034741050708969137
t24mo	T to A	16.38475975975976	0.0025440321068688314	36	0.00393168598334274
t24mo	V to L	13.572659651669085	0.03479164451869351	52	0.04470941531603822
t24mo	G to A	9.753694581280783	0.08252270805085057	28	0.09675076116306619
t24mo	L to S	17.371428571428567	0.0005926943202323075	20	0.0013434404591932305
t24mo	G to S	9.800800492610833	0.007443603199943184	28	0.011003587339046446
t24mo	L to T	12.705882352941181	0.001741617192416997	16	0.0031165781337988367
t24mo	H to D	8.247214941022264	0.016186018409926315	108	0.022930192747395613
t24mo	E to T	6.573151629072669	0.08682179954635554	56	0.09839803948586962
t24mo	A to V	27.80288461538464	0.00010234304986219524	64	0.000267666438101126
t24mo	A to L	23.01243622448979	0.00033572312715972433	48	0.0008153275945307592
t24mo	Y to D	0.0	1.0	20	1.0
t24mo	V to E	0.48491379310344485	0.4862049604521461	28	0.5165927704804053
t24mo	G to L			4	
t24mo	S to N	27.63624818577648	4.2869128185110874e-05	52	0.00013250457802670634
t24mo	A to D	6.942857142857136	0.031072609497074064	20	0.04225874891602072
t24mo	M to L	17.57318181818181	0.0014950767510842579	44	0.0028240338631591536
t24mo	E to N			4	
t24mo	V to Y			4	
t24mo	D to S	7.2001231527093665	0.06578545064420253	28	0.07988233292510308
t24mo	A to E	21.245120120120134	9.362950284004634e-05	36	0.0002652835913801313
t24mo	M to N	0.0288461538461533	0.8651347454054483	12	0.8913509498116741
t30mo	P to T	351.3924179274527	7.754330967724728e-73	836	2.6364725290264076e-71
t30mo	V to P	54.66486532266855	5.416936446991757e-10	308	4.6043959799429934e-09
t30mo	T to D	65.80857795028334	2.949210697951482e-12	780	3.3424387910116796e-11
t30mo	W to D	294.30024774063486	1.361153237640888e-60	748	2.3139605039895095e-59
t30mo	A to S	21.61211702950834	0.001423223132443303	252	0.002846446264886606
t30mo	W to A	46.37850695954762	2.054270548341503e-09	120	1.396903972872222e-08
t30mo	T to N	46.59020433827469	2.258438620887753e-08	140	1.2797818851697267e-07
t30mo	S to G	24.32247474747473	0.00045551760395537953	44	0.001032506568965527
t30mo	E to D	28.406338334420496	7.87689699134756e-05	72	0.00022317874808818085
t30mo	A to T	13.758774038461524	0.017216546878186252	64	0.02439010807743052
t30mo	P to Q	26.256559766763814	1.988201924153968e-06	48	7.510985046803878e-06
t30mo	H to N	17.003921568627447	0.0019295612979682811	84	0.0034528991647853453
t30mo	W to N	32.06070744627607	5.081535735199347e-07	156	2.4681744999539686e-06
t30mo	T to S	5.87713414634149	0.3183585123161466	40	0.34916740060480594
t30mo	V to N			8	
t30mo	V to T	29.26829268292684	1.966767764814015e-06	40	7.510985046803878e-06
t30mo	G to D	21.441000761034985	0.0015281225770282603	72	0.002886453756608936
t30mo	T to A	14.650525525525524	0.00548373870998003	36	0.008474868915423681
t30mo	V to L	13.625181422351233	0.034115147554713524	52	0.044612116033086915
t30mo	G to A	9.103448275862064	0.10500841703127912	28	0.12311331651943071
t30mo	L to S	17.371428571428567	0.0005926943202323075	20	0.0012594754304936534
t30mo	G to S	6.935652709359601	0.03118474161227221	28	0.0424112485926902
t30mo	L to T	11.492647058823536	0.003194503732807721	16	0.0051720536626410725
t30mo	H to D	8.440757325696211	0.014693079727963899	108	0.02172020481525098
t30mo	E to T	6.054824561403507	0.10897314424063213	56	0.12350289680604976
t30mo	A to V	32.44092548076924	1.3429635679598298e-05	64	4.566076131063421e-05
t30mo	A to L	24.17410714285714	0.00020100843883601882	48	0.00048816335145890284
t30mo	Y to D	0.0	1.0	20	1.0
t30mo	V to E	0.5517241379310462	0.4576140668763099	28	0.4862149460560793
t30mo	G to L			4	
t30mo	S to N	26.8826197387518	6.012443474804412e-05	52	0.0001858391619485
t30mo	A to D	6.438095238095244	0.03999312882305416	20	0.05036171777717932
t30mo	M to L	16.75181818181818	0.00215974406213919	44	0.003671564905636623
t30mo	E to N			4	
t30mo	V to Y			4	
t30mo	D to S	7.615763546798036	0.0546574215537214	28	0.06636972617237599
t30mo	A to E	21.109609609609606	9.989979382034067e-05	36	0.0002612763838378141
t30mo	M to N	0.461538461538467	0.4969058475647652	12	0.5119636005212732
