aa_sub	Age_1	Age_2	Age_1_n	Age_2_n	Age_1_mean_RAAS	Age_2_mean_RAAS	Age_1_median_RAAS	Age_2_median_RAAS	Mean_RAAS_difference	Median_RAAS_difference	MannWhitneyU_statistic	pval	FDR	Significance	Comparison
A to V	t15mo	t24mo	64	64	-2.5256128781020077	-2.696769888445845	-3.083733555359742	-3.239528717145304	0.17115701034383735	0.1557951617855622	2486.0	0.037074620893413894	0.9973940411774659	ns	t15mo vs t24mo
E to D	t06mo	t30mo	72	72	-1.0885529962090912	-1.2835462927827368	-1.4262452891935085	-1.6165082253637668	0.1949932965736456	0.19026293617025836	2959.0	0.14309538370955333	0.9973940411774659	ns	t06mo vs t30mo
G to D	t06mo	t30mo	72	72	-1.8305046604179074	-1.9588846228429024	-2.038881440283934	-2.1438216780983854	0.12837996242499505	0.10494023781445128	2945.0	0.15900572003203495	0.9973940411774659	ns	t06mo vs t30mo
A to V	t06mo	t24mo	64	64	-2.5884965177930797	-2.696769888445845	-3.1407759498845915	-3.239528717145304	0.10827337065276543	0.09875276726071247	2329.0	0.18130579605607322	0.9973940411774659	ns	t06mo vs t24mo
G to D	t06mo	t15mo	72	72	-1.8305046604179074	-1.933103573649856	-2.038881440283934	-2.150905076659998	0.1025989132319487	0.11202363637606405	2922.0	0.18799745193432804	0.9973940411774659	ns	t06mo vs t15mo
G to D	t06mo	t24mo	72	72	-1.8305046604179074	-1.947560128622995	-2.038881440283934	-2.1272335057577	0.11705546820508772	0.08835206547376595	2901.0	0.21771748287545234	0.9973940411774659	ns	t06mo vs t24mo
A to V	t24mo	t30mo	64	64	-2.696769888445845	-2.610940806650376	-3.239528717145304	-3.0869855380922746	-0.085829081795469	-0.1525431790530294	1823.0	0.2846765757385875	0.9973940411774659	ns	t24mo vs t30mo
E to D	t06mo	t24mo	72	72	-1.0885529962090912	-1.2269509036839303	-1.4262452891935085	-1.5707768381580915	0.13839790747483915	0.1445315489645831	2855.0	0.2942582216034466	0.9973940411774659	ns	t06mo vs t24mo
A to V	t06mo	t15mo	64	64	-2.5884965177930797	-2.5256128781020077	-3.1407759498845915	-3.083733555359742	-0.06288363969107191	-0.057042394524849716	1844.0	0.3321483886308887	0.9973940411774659	ns	t06mo vs t15mo
A to V	t15mo	t30mo	64	64	-2.5256128781020077	-2.610940806650376	-3.083733555359742	-3.0869855380922746	0.08532792854836835	0.003251982732532799	2252.0	0.3321483886308887	0.9973940411774659	ns	t15mo vs t30mo
E to D	t15mo	t30mo	72	72	-1.1721915954965503	-1.2835462927827368	-1.545606528499661	-1.6165082253637668	0.11135469728618652	0.07090169686410586	2826.0	0.35084285498560963	0.9973940411774659	ns	t15mo vs t30mo
E to T	t15mo	t24mo	56	56	-3.2056569857386634	-3.1602535152117492	-3.22062709124392	-3.153648061270922	-0.04540347052691418	-0.06697902997299776	1425.0	0.40697077993660313	0.9973940411774659	ns	t15mo vs t24mo
A to T	t06mo	t30mo	64	64	-1.3498359310978822	-1.460671451196423	-1.0661668550677166	-1.1296057440351959	0.1108355200985407	0.06343888896747929	2215.0	0.4275045515761392	0.9973940411774659	ns	t06mo vs t30mo
T to D	t15mo	t24mo	780	780	-inf	-inf	-2.1519617896110317	-2.125760741213006		-0.026201048398025506	297559.0	0.45540100165062736	0.9973940411774659	ns	t15mo vs t24mo
T to D	t06mo	t24mo	780	780	-inf	-inf	-2.158235078784423	-2.125760741213006		-0.03247433757141671	297985.0	0.4848299193587088	0.9973940411774659	ns	t06mo vs t24mo
E to D	t06mo	t15mo	72	72	-1.0885529962090912	-1.1721915954965503	-1.4262452891935085	-1.545606528499661	0.08363859928745909	0.1193612393061525	2757.0	0.5110110027858916	0.9973940411774659	ns	t06mo vs t15mo
A to T	t06mo	t15mo	64	64	-1.3498359310978822	-1.4159425576406002	-1.0661668550677166	-1.10677164514386	0.06610662654271793	0.04060479007614348	2179.0	0.5340022117583216	0.9973940411774659	ns	t06mo vs t15mo
E to T	t15mo	t30mo	56	56	-3.2056569857386634	-3.182661514758198	-3.22062709124392	-3.1663756988790066	-0.022995470980465615	-0.054251392364913276	1467.0	0.5586622171961255	0.9973940411774659	ns	t15mo vs t30mo
T to N	t06mo	t30mo	140	140	-inf	-inf	-1.2573549084663616	-1.223968162208645		-0.03338674625771665	9406.0	0.5613474181168965	0.9973940411774659	ns	t06mo vs t30mo
T to N	t15mo	t30mo	140	140	-inf	-inf	-1.2518143353751274	-1.223968162208645		-0.027846173166482524	9424.5	0.5798991400752826	0.9973940411774659	ns	t15mo vs t30mo
E to D	t24mo	t30mo	72	72	-1.2269509036839303	-1.2835462927827368	-1.5707768381580915	-1.6165082253637668	0.05659538909880646	0.04573138720567527	2728.0	0.5882360571083727	0.9973940411774659	ns	t24mo vs t30mo
T to D	t24mo	t30mo	780	780	-inf	-inf	-2.125760741213006	-2.1407645929617294		0.015003851748723207	308854.0	0.6009132487670354	0.9973940411774659	ns	t24mo vs t30mo
E to T	t06mo	t24mo	56	56	-3.185192892752178	-3.1602535152117492	-3.197398128570562	-3.153648061270922	-0.024939377540428964	-0.04375006729963982	1483.0	0.6229155282636802	0.9973940411774659	ns	t06mo vs t24mo
A to T	t06mo	t24mo	64	64	-1.3498359310978822	-1.3915783013693679	-1.0661668550677166	-1.1709179443410596	0.04174237027148564	0.10475108927334298	2150.0	0.6285942485373732	0.9973940411774659	ns	t06mo vs t24mo
E to T	t06mo	t15mo	56	56	-3.185192892752178	-3.2056569857386634	-3.197398128570562	-3.22062709124392	0.020464092986485216	0.023228962673357945	1649.0	0.6394658951273565	0.9973940411774659	ns	t06mo vs t15mo
T to N	t06mo	t24mo	140	140	-inf	-inf	-1.2573549084663616	-1.2064646043803244		-0.05089030408603712	9512.0	0.6712905898174194	0.9973940411774659	ns	t06mo vs t24mo
E to D	t15mo	t24mo	72	72	-1.1721915954965503	-1.2269509036839303	-1.545606528499661	-1.5707768381580915	0.05475930818738006	0.02517030965843059	2696.0	0.6792131484336932	0.9973940411774659	ns	t15mo vs t24mo
E to T	t24mo	t30mo	56	56	-3.1602535152117492	-3.182661514758198	-3.153648061270922	-3.1663756988790066	0.022407999546448565	0.012727637608084486	1639.0	0.6816198628073011	0.9973940411774659	ns	t24mo vs t30mo
T to N	t15mo	t24mo	140	140	-inf	-inf	-1.2518143353751274	-1.2064646043803244		-0.045349730994802995	9548.0	0.710461344145147	0.9973940411774659	ns	t15mo vs t24mo
H to N	t24mo	t30mo	84	84	-2.812176918808377	-2.8069201160252266	-2.913992141710332	-2.932299465937917	-0.005256802783150327	0.018307324227585298	3430.0	0.7570972960221255	0.9973940411774659	ns	t24mo vs t30mo
A to T	t24mo	t30mo	64	64	-1.3915783013693679	-1.460671451196423	-1.1709179443410596	-1.1296057440351959	0.06909314982705506	-0.04131220030586369	2113.0	0.7585542021467591	0.9973940411774659	ns	t24mo vs t30mo
V to P	t15mo	t24mo	308	308	-inf	-inf	-2.733444975607656	-2.7319753828160342		-0.0014695927916217322	46892.0	0.8070135114873938	0.9973940411774659	ns	t15mo vs t24mo
T to D	t15mo	t30mo	780	780	-inf	-inf	-2.1519617896110317	-2.1407645929617294		-0.011197196649302299	302086.5	0.8122558599969526	0.9973940411774659	ns	t15mo vs t30mo
P to T	t06mo	t24mo	836	836	-0.33072749437907745	-0.33812333810630985	-0.25420154831893177	-0.25970833756970463	0.0073958437272323985	0.005506789250772859	351751.0	0.8155612927627311	0.9973940411774659	ns	t06mo vs t24mo
V to P	t06mo	t24mo	308	308	-inf	-inf	-2.73876000929878	-2.7319753828160342		-0.006784626482745804	46926.0	0.8189578045085926	0.9973940411774659	ns	t06mo vs t24mo
E to T	t06mo	t30mo	56	56	-3.185192892752178	-3.182661514758198	-3.197398128570562	-3.1663756988790066	-0.0025313779939803993	-0.03102242969155533	1530.0	0.8272576673667953	0.9973940411774659	ns	t06mo vs t30mo
G to D	t15mo	t30mo	72	72	-1.933103573649856	-1.9588846228429024	-2.150905076659998	-2.1438216780983854	0.025781049193046357	-0.007083398561612775	2647.0	0.8276190344162231	0.9973940411774659	ns	t15mo vs t30mo
G to D	t24mo	t30mo	72	72	-1.947560128622995	-1.9588846228429024	-2.1272335057577	-2.1438216780983854	0.011324494219907333	0.016588172340685325	2644.0	0.8369708364567053	0.9973940411774659	ns	t24mo vs t30mo
H to N	t15mo	t30mo	84	84	-2.8203295037446394	-2.8069201160252266	-2.972727246905926	-2.932299465937917	-0.013409387719412802	-0.0404277809680087	3463.0	0.837876531164643	0.9973940411774659	ns	t15mo vs t30mo
T to N	t24mo	t30mo	140	140	-inf	-inf	-1.2064646043803244	-1.223968162208645		0.01750355782832047	9673.0	0.8518759810884255	0.9973940411774659	ns	t24mo vs t30mo
A to T	t15mo	t30mo	64	64	-1.4159425576406002	-1.460671451196423	-1.10677164514386	-1.1296057440351959	0.04472889355582277	0.022834098891335808	2086.0	0.8581659961562722	0.9973940411774659	ns	t15mo vs t30mo
T to D	t06mo	t30mo	780	780	-inf	-inf	-2.158235078784423	-2.1407645929617294		-0.017470485822693504	302803.0	0.8752630669829451	0.9973940411774659	ns	t06mo vs t30mo
A to V	t06mo	t30mo	64	64	-2.5884965177930797	-2.610940806650376	-3.1407759498845915	-3.0869855380922746	0.022444288857296435	-0.05379041179231692	2081.0	0.8769148484870471	0.9973940411774659	ns	t06mo vs t30mo
W to N	t24mo	t30mo	156	156	-1.0096066097724041	-1.0143729210258567	-0.9988502143929487	-0.9839857239054001	0.004766311253452615	-0.014864490487548676	12291.0	0.8778027220434269	0.9973940411774659	ns	t24mo vs t30mo
A to S	t06mo	t15mo	252	252	-1.7859399760296102	-1.7908118598859437	-1.9532118631673079	-1.9723791826659567	0.004871883856333525	0.019167319498648805	32000.0	0.8796619159826742	0.9973940411774659	ns	t06mo vs t15mo
A to S	t06mo	t30mo	252	252	-1.7859399760296102	-1.7901305104186642	-1.9532118631673079	-1.9581886278298475	0.004190534389054035	0.004976764662539601	31997.0	0.8811096490742987	0.9973940411774659	ns	t06mo vs t30mo
A to S	t15mo	t24mo	252	252	-1.7908118598859437	-1.7884292529150572	-1.9723791826659567	-1.949960104796953	-0.002382606970886547	-0.022419077869003656	31507.0	0.8811096490742987	0.9973940411774659	ns	t15mo vs t24mo
P to T	t06mo	t30mo	836	836	-0.33072749437907745	inf	-0.25420154831893177	-0.25533417987370877	-inf	0.0011326315547769972	350895.0	0.8834954812773769	0.9973940411774659	ns	t06mo vs t30mo
V to P	t24mo	t30mo	308	308	-inf	-inf	-2.7319753828160342	-2.7366573057696364		0.004681922953602147	47751.0	0.8853315777572389	0.9973940411774659	ns	t24mo vs t30mo
W to A	t15mo	t30mo	120	120	-1.543804733684785	-1.5410360840483601	-1.5288581079531756	-1.4946086783032704	-0.00276864963642498	-0.03424942964990518	7122.0	0.8854113967894661	0.9973940411774659	ns	t15mo vs t30mo
H to N	t06mo	t30mo	84	84	-2.8104804025041874	-2.8069201160252266	-2.9744755965826153	-2.932299465937917	-0.0035602864789607835	-0.04217613064469816	3485.0	0.8927535563107769	0.9973940411774659	ns	t06mo vs t30mo
P to T	t15mo	t24mo	836	836	-0.33444704683873566	-0.33812333810630985	-0.2618276485593102	-0.25970833756970463	0.0036762912675741832	-0.0021193109896055495	350760.0	0.894301580196352	0.9973940411774659	ns	t15mo vs t24mo
W to D	t15mo	t24mo	748	748	-1.0768428200268034	-1.0707011998367562	-1.0562238838284732	-1.049942313429876	-0.00614162019004727	-0.006281570398597225	278688.0	0.8987059260961243	0.9973940411774659	ns	t15mo vs t24mo
H to N	t06mo	t24mo	84	84	-2.8104804025041874	-2.812176918808377	-2.9744755965826153	-2.913992141710332	0.0016965163041895437	-0.06048345487228346	3568.0	0.9002828524012663	0.9973940411774659	ns	t06mo vs t24mo
W to N	t06mo	t30mo	156	156	-1.0067114902336194	-1.0143729210258567	-0.9639425424832493	-0.9839857239054001	0.007661430792237356	0.02004318142215078	12266.0	0.9026007499273586	0.9973940411774659	ns	t06mo vs t30mo
W to A	t06mo	t30mo	120	120	-1.5454346458186548	-1.5410360840483601	-1.503439103435817	-1.4946086783032704	-0.004398561770294629	-0.008830425132546615	7145.0	0.9192775156693895	0.9973940411774659	ns	t06mo vs t30mo
A to T	t15mo	t24mo	64	64	-1.4159425576406002	-1.3915783013693679	-1.10677164514386	-1.1709179443410596	-0.024364256271232287	0.0641462991971995	2027.0	0.9221749651233507	0.9973940411774659	ns	t15mo vs t24mo
P to T	t06mo	t15mo	836	836	-0.33072749437907745	-0.33444704683873566	-0.25420154831893177	-0.2618276485593102	0.0037195524596582152	0.007626100240378408	350329.0	0.928922821570681	0.9973940411774659	ns	t06mo vs t15mo
T to D	t06mo	t15mo	780	780	-inf	-inf	-2.158235078784423	-2.1519617896110317		-0.0062732891733912055	304965.0	0.9315177471876094	0.9973940411774659	ns	t06mo vs t15mo
H to N	t06mo	t15mo	84	84	-2.8104804025041874	-2.8203295037446394	-2.9744755965826153	-2.972727246905926	0.009849101240452018	-0.0017483496766894646	3555.0	0.9330049611685528	0.9973940411774659	ns	t06mo vs t15mo
P to T	t24mo	t30mo	836	836	-0.33812333810630985	inf	-0.25970833756970463	-0.25533417987370877	-inf	-0.004374157695995862	348620.0	0.9331908416478838	0.9973940411774659	ns	t24mo vs t30mo
W to D	t24mo	t30mo	748	748	-1.0707011998367562	-1.0747656211545022	-1.049942313429876	-1.0485797753902646	0.004064421317746092	-0.001362538039611394	280421.0	0.936224135057558	0.9973940411774659	ns	t24mo vs t30mo
H to D	t24mo	t30mo	108	108	-2.3808517460277505	-2.383753722622013	-2.385586825265894	-2.402785665398488	0.00290197659426239	0.017198840132594206	5869.0	0.936654913552224	0.9973940411774659	ns	t24mo vs t30mo
A to S	t24mo	t30mo	252	252	-1.7884292529150572	-1.7901305104186642	-1.949960104796953	-1.9581886278298475	0.0017012575036070565	0.008228523032894453	31876.0	0.9397803164674192	0.9973940411774659	ns	t24mo vs t30mo
W to N	t15mo	t30mo	156	156	-1.016282816536813	-1.0143729210258567	-1.001014301012256	-0.9839857239054001	-0.0019098955109562166	-0.017028577106856013	12225.0	0.9434648597905857	0.9973940411774659	ns	t15mo vs t30mo
W to D	t06mo	t15mo	748	748	-1.0752005155539737	-1.0768428200268034	-1.04289131845982	-1.0562238838284732	0.0016423044728297587	0.013332565368653126	280277.0	0.9499414266686612	0.9973940411774659	ns	t06mo vs t15mo
H to D	t15mo	t30mo	108	108	-2.3824956508556845	-2.383753722622013	-2.381789052375135	-2.402785665398488	0.0012580717663284169	0.020996613023353206	5861.0	0.9505184545677422	0.9973940411774659	ns	t15mo vs t30mo
W to A	t15mo	t24mo	120	120	-1.543804733684785	-1.542257888792192	-1.5288581079531756	-1.495779119449839	-0.0015468448925930467	-0.03307898850333646	7167.0	0.951809661265031	0.9973940411774659	ns	t15mo vs t24mo
W to N	t15mo	t24mo	156	156	-1.016282816536813	-1.0096066097724041	-1.001014301012256	-0.9988502143929487	-0.006676206764408832	-0.002164086619307337	12120.0	0.9524587817047538	0.9973940411774659	ns	t15mo vs t24mo
T to N	t06mo	t15mo	140	140	-inf	-inf	-1.2573549084663616	-1.2518143353751274		-0.0055405730912341244	9762.0	0.9558569490346137	0.9973940411774659	ns	t06mo vs t15mo
W to N	t06mo	t24mo	156	156	-1.0067114902336194	-1.0096066097724041	-0.9639425424832493	-0.9988502143929487	0.0028951195387847406	0.034907671909699456	12124.0	0.956458093274818	0.9973940411774659	ns	t06mo vs t24mo
W to A	t06mo	t24mo	120	120	-1.5454346458186548	-1.542257888792192	-1.503439103435817	-1.495779119449839	-0.0031767570264626954	-0.007659983985977892	7171.0	0.9577348396218629	0.9973940411774659	ns	t06mo vs t24mo
W to D	t06mo	t24mo	748	748	-1.0752005155539737	-1.0707011998367562	-1.04289131845982	-1.049942313429876	-0.004499315717217511	0.007050994970055902	279320.0	0.958808658621318	0.9973940411774659	ns	t06mo vs t24mo
A to S	t15mo	t30mo	252	252	-1.7908118598859437	-1.7901305104186642	-1.9723791826659567	-1.9581886278298475	-0.0006813494672794906	-0.014190554836109204	31668.0	0.9592636491308014	0.9973940411774659	ns	t15mo vs t30mo
V to P	t06mo	t30mo	308	308	-inf	-inf	-2.73876000929878	-2.7366573057696364		-0.002102703529143657	47319.0	0.9593741522397321	0.9973940411774659	ns	t06mo vs t30mo
V to P	t15mo	t30mo	308	308	-inf	-inf	-2.733444975607656	-2.7366573057696364		0.0032123301619804145	47326.0	0.9618999655324892	0.9973940411774659	ns	t15mo vs t30mo
W to D	t06mo	t30mo	748	748	-1.0752005155539737	-1.0747656211545022	-1.04289131845982	-1.0485797753902646	-0.0004348943994714194	0.005688456930444508	280127.0	0.9642460041872999	0.9973940411774659	ns	t06mo vs t30mo
P to T	t15mo	t30mo	836	836	-0.33444704683873566	inf	-0.2618276485593102	-0.25533417987370877	-inf	-0.006493468685601411	349826.0	0.969493840194639	0.9973940411774659	ns	t15mo vs t30mo
W to A	t06mo	t15mo	120	120	-1.5454346458186548	-1.543804733684785	-1.503439103435817	-1.5288581079531756	-0.0016299121338696487	0.025419004517358568	7182.0	0.974040141465163	0.9973940411774659	ns	t06mo vs t15mo
W to N	t06mo	t15mo	156	156	-1.0067114902336194	-1.016282816536813	-0.9639425424832493	-1.001014301012256	0.009571326303193572	0.03707175852900679	12194.0	0.9744671111544062	0.9973940411774659	ns	t06mo vs t15mo
H to D	t06mo	t30mo	108	108	-2.3865988151019315	-2.383753722622013	-2.4379161491468886	-2.402785665398488	-0.0028450924799185984	-0.035130483748400554	5847.0	0.9748132043835972	0.9973940411774659	ns	t06mo vs t30mo
H to N	t15mo	t24mo	84	84	-2.8203295037446394	-2.812176918808377	-2.972727246905926	-2.913992141710332	-0.008152584936262475	-0.058735105195593995	3538.0	0.9759582588212545	0.9973940411774659	ns	t15mo vs t24mo
G to D	t15mo	t24mo	72	72	-1.933103573649856	-1.947560128622995	-2.150905076659998	-2.1272335057577	0.014456554973139024	-0.0236715709022981	2584.0	0.9760938051103183	0.9973940411774659	ns	t15mo vs t24mo
W to D	t15mo	t30mo	748	748	-1.0768428200268034	-1.0747656211545022	-1.0562238838284732	-1.0485797753902646	-0.002077198872301178	-0.007644108438208619	279502.0	0.9761754785923731	0.9973940411774659	ns	t15mo vs t30mo
H to D	t15mo	t24mo	108	108	-2.3824956508556845	-2.3808517460277505	-2.381789052375135	-2.385586825265894	-0.001643904827933973	0.003797772890758999	5818.0	0.9765497060062646	0.9973940411774659	ns	t15mo vs t24mo
A to S	t06mo	t24mo	252	252	-1.7859399760296102	-1.7884292529150572	-1.9532118631673079	-1.949960104796953	0.0024892768854469782	-0.0032517583703548514	31789.0	0.9821868290033028	0.9973940411774659	ns	t06mo vs t24mo
V to P	t06mo	t15mo	308	308	-inf	-inf	-2.73876000929878	-2.733444975607656		-0.005315033691124071	47395.0	0.9868140727419151	0.9973940411774659	ns	t06mo vs t15mo
H to D	t06mo	t24mo	108	108	-2.3865988151019315	-2.3808517460277505	-2.4379161491468886	-2.385586825265894	-0.005747069074180988	-0.05232932388099476	5828.0	0.9939194774607666	0.9973940411774659	ns	t06mo vs t24mo
W to A	t24mo	t30mo	120	120	-1.542257888792192	-1.5410360840483601	-1.495779119449839	-1.4946086783032704	-0.0012218047438319335	-0.0011704411465687237	7197.0	0.9962908075973642	0.9973940411774659	ns	t24mo vs t30mo
H to D	t06mo	t15mo	108	108	-2.3865988151019315	-2.3824956508556845	-2.4379161491468886	-2.381789052375135	-0.004103164246247015	-0.05612709677175376	5830.0	0.9973940411774659	0.9973940411774659	ns	t06mo vs t15mo
